This file contains any messages produced by compilers while
running configure, to aid debugging if configure makes a mistake.

It was created by GNU Time configure 1.9, which was
generated by GNU Autoconf 2.69.  Invocation command line was

  $ ./configure 

## --------- ##
## Platform. ##
## --------- ##

hostname = e633d60546c5
uname -m = aarch64
uname -r = 6.12.76-linuxkit
uname -s = Linux
uname -v = #1 SMP Sun Mar  8 14:41:59 UTC 2026

/usr/bin/uname -p = aarch64
/bin/uname -X     = unknown

/bin/arch              = aarch64
/usr/bin/arch -k       = unknown
/usr/convex/getsysinfo = unknown
/usr/bin/hostinfo      = unknown
/bin/machine           = unknown
/usr/bin/oslevel       = unknown
/bin/universe          = unknown

PATH: /root/.cargo/bin
PATH: /root/.vscode-server/bin/072586267e68ece9a47aa43f8c108e0dcbf44622/bin/remote-cli
PATH: /usr/local/sbin
PATH: /usr/local/bin
PATH: /usr/sbin
PATH: /usr/bin
PATH: /sbin
PATH: /bin
## --------- ##
## Platform. ##
## --------- ##

hostname = e633d60546c5
uname -m = aarch64
uname -r = 6.12.76-linuxkit
uname -s = Linux
uname -v = #1 SMP Sun Mar  8 14:41:59 UTC 2026

/usr/bin/uname -p = aarch64
/bin/uname -X     = unknown

/bin/arch              = aarch64
/usr/bin/arch -k       = unknown
/usr/convex/getsysinfo = unknown
/usr/bin/hostinfo      = unknown
/bin/machine           = unknown
/usr/bin/oslevel       = unknown
/bin/universe          = unknown

PATH: /root/.cargo/bin
PATH: /root/.vscode-server/bin/072586267e68ece9a47aa43f8c108e0dcbf44622/bin/remote-cli
PATH: /usr/local/sbin
PATH: /usr/local/bin
PATH: /usr/sbin
PATH: /usr/bin
PATH: /sbin
PATH: /bin


## ----------- ##
## Core tests. ##
## ----------- ##



## ----------- ##
## Core tests. ##
## ----------- ##

configure:3116: checking for a BSD-compatible install
configure:3116: checking for a BSD-compatible install
configure:3184: result: /usr/bin/install -c
configure:3195: checking whether build environment is sane
configure:3250: result: yes
configure:3184: result: /bin/install -c
configure:3195: checking whether build environment is sane
configure:3250: result: yes
configure:3401: checking for a thread-safe mkdir -p
configure:3440: result: /usr/bin/mkdir -p
configure:3447: checking for gawk
configure:3477: result: no
configure:3447: checking for mawk
configure:3463: found /usr/bin/mawk
configure:3474: result: mawk
configure:3485: checking whether make sets $(MAKE)
configure:3401: checking for a thread-safe mkdir -p
configure:3440: result: /usr/bin/mkdir -p
configure:3447: checking for gawk
configure:3477: result: no
configure:3447: checking for mawk
configure:3463: found /usr/bin/mawk
configure:3474: result: mawk
configure:3485: checking whether make sets $(MAKE)
configure:3507: result: yes
configure:3536: checking whether make supports nested variables
configure:3507: result: yes
configure:3553: result: yes
configure:3536: checking whether make supports nested variables
configure:3553: result: yes
configure:3694: checking for style of include used by make
configure:3722: result: GNU
configure:3793: checking for gcc
configure:3820: result: gcc
configure:4049: checking for C compiler version
configure:4058: gcc --version >&5
configure:3694: checking for style of include used by make
gcc (Ubuntu 11.4.0-1ubuntu1~22.04.3) 11.4.0
Copyright (C) 2021 Free Software Foundation, Inc.
This is free software; see the source for copying conditions.  There is NO
warranty; not even for MERCHANTABILITY or FITNESS FOR A PARTICULAR PURPOSE.

configure:4069: $? = 0
configure:4058: gcc -v >&5
configure:3722: result: GNU
configure:3793: checking for gcc
configure:3820: result: gcc
configure:4049: checking for C compiler version
configure:4058: gcc --version >&5
gcc (Ubuntu 11.4.0-1ubuntu1~22.04.3) 11.4.0
Copyright (C) 2021 Free Software Foundation, Inc.
This is free software; see the source for copying conditions.  There is NO
warranty; not even for MERCHANTABILITY or FITNESS FOR A PARTICULAR PURPOSE.

configure:4069: $? = 0
configure:4058: gcc -V >&5
configure:4069: $? = 0
configure:4058: gcc -v >&5
gcc: error: unrecognized command-line option '-V'
gcc: fatal error: no input files
compilation terminated.
get: aarch64-linux-gnu
Configured with: ../src/configure -v --with-pkgversion='Ubuntu 11.4.0-1ubuntu1~22.04.3' --with-bugurl=file:///usr/share/doc/gcc-11/README.Bugs --enable-languages=c,ada,c++,go,d,fortran,objc,obj-c++,m2 --prefix=/usr --with-gcc-major-version-only --program-suffix=-11 --program-prefix=aarch64-linux-gnu- --enable-shared --enable-linker-build-id --libexecdir=/usr/lib --without-included-gettext --enable-threads=posix --libdir=/usr/lib --enable-nls --enable-bootstrap --enable-clocale=gnu --enable-libstdcxx-debug --enable-libstdcxx-time=yes --with-default-libstdcxx-abi=new --enable-gnu-unique-object --disable-libquadmath --disable-libquadmath-support --enable-plugin --enable-default-pie --with-system-zlib --enable-libphobos-checking=release --with-target-system-zlib=auto --enable-objc-gc=auto --enable-multiarch --enable-fix-cortex-a53-843419 --disable-werror --enable-checking=release --build=aarch64-linux-gnu --host=aarch64-linux-gnu --target=aarch64-linux-gnu --with-build-config=bootstrap-lto-lean --enable-link-serialization=4
Thread model: posix
Supported LTO compression algorithms: zlib zstd
gcc version 11.4.0 (Ubuntu 11.4.0-1ubuntu1~22.04.3) 
gcc: error: unrecognized command-line option '-V'
gcc: fatal error: no input files
compilation terminated.
get: aarch64-linux-gnu
Configured with: ../src/configure -v --with-pkgversion='Ubuntu 11.4.0-1ubuntu1~22.04.3' --with-bugurl=file:///usr/share/doc/gcc-11/README.Bugs --enable-languages=c,ada,c++,go,d,fortran,objc,obj-c++,m2 --prefix=/usr --with-gcc-major-version-only --program-suffix=-11 --program-prefix=aarch64-linux-gnu- --enable-shared --enable-linker-build-id --libexecdir=/usr/lib --without-included-gettext --enable-threads=posix --libdir=/usr/lib --enable-nls --enable-bootstrap --enable-clocale=gnu --enable-libstdcxx-debug --enable-libstdcxx-time=yes --with-default-libstdcxx-abi=new --enable-gnu-unique-object --disable-libquadmath --disable-libquadmath-support --enable-plugin --enable-default-pie --with-system-zlib --enable-libphobos-checking=release --with-target-system-zlib=auto --enable-objc-gc=auto --enable-multiarch --enable-fix-cortex-a53-843419 --disable-werror --enable-checking=release --build=aarch64-linux-gnu --host=aarch64-linux-gnu --target=aarch64-linux-gnu --with-build-config=bootstrap-lto-lean --enable-link-serialization=4
Thread model: posix
Supported LTO compression algorithms: zlib zstd
gcc version 11.4.0 (Ubuntu 11.4.0-1ubuntu1~22.04.3) 
configure:4069: $? = 0
configure:4058: gcc -V >&5
configure:4069: $? = 1
configure:4058: gcc -qversion >&5
gcc: error: unrecognized command-line option '-qversion'; did you mean '--version'?
gcc: fatal error: no input files
compilation terminated.
configure:4069: $? = 1
configure:4058: gcc -qversion >&5
configure:4069: $? = 1
configure:4089: checking whether the C compiler works
configure:4069: $? = 1
configure:4089: checking whether the C compiler works
configure:4111: gcc -finstrument-functions -g -O0   conftest.c  >&5
configure:4111: gcc -finstrument-functions -g -O0   conftest.c  >&5
configure:4115: $? = 0
configure:4115: $? = 0
configure:4163: result: yes
configure:4163: result: yes
configure:4166: checking for C compiler default output file name
configure:4166: checking for C compiler default output file name
configure:4168: result: a.out
configure:4168: result: a.out
configure:4174: checking for suffix of executables
configure:4174: checking for suffix of executables
configure:4181: gcc -o conftest -finstrument-functions -g -O0   conftest.c  >&5
configure:4181: gcc -o conftest -finstrument-functions -g -O0   conftest.c  >&5
configure:4185: $? = 0
configure:4185: $? = 0
configure:4207: result: 
configure:4207: result: 
configure:4229: checking whether we are cross compiling
configure:4237: gcc -o conftest -finstrument-functions -g -O0   conftest.c  >&5
configure:4229: checking whether we are cross compiling
configure:4237: gcc -o conftest -finstrument-functions -g -O0   conftest.c  >&5
configure:4241: $? = 0
configure:4248: ./conftest
configure:4241: $? = 0
configure:4248: ./conftest
configure:4252: $? = 0
configure:4267: result: no
configure:4252: $? = 0
configure:4267: result: no
configure:4272: checking for suffix of object files
configure:4272: checking for suffix of object files
configure:4294: gcc -c -finstrument-functions -g -O0  conftest.c >&5
configure:4294: gcc -c -finstrument-functions -g -O0  conftest.c >&5
configure:4298: $? = 0
configure:4298: $? = 0
configure:4319: result: o
configure:4323: checking whether we are using the GNU C compiler
configure:4319: result: o
configure:4323: checking whether we are using the GNU C compiler
configure:4342: gcc -c -finstrument-functions -g -O0  conftest.c >&5
configure:4342: gcc -c -finstrument-functions -g -O0  conftest.c >&5
configure:4342: $? = 0
configure:4342: $? = 0
configure:4351: result: yes
configure:4351: result: yes
configure:4360: checking whether gcc accepts -g
configure:4360: checking whether gcc accepts -g
configure:4380: gcc -c -g  conftest.c >&5
configure:4380: gcc -c -g  conftest.c >&5
configure:4380: $? = 0
configure:4380: $? = 0
configure:4421: result: yes
configure:4421: result: yes
configure:4438: checking for gcc option to accept ISO C89
configure:4438: checking for gcc option to accept ISO C89
configure:4501: gcc  -c -finstrument-functions -g -O0  conftest.c >&5
configure:4501: gcc  -c -finstrument-functions -g -O0  conftest.c >&5
configure:4501: $? = 0
configure:4501: $? = 0
configure:4514: result: none needed
configure:4539: checking whether gcc understands -c and -o together
configure:4514: result: none needed
configure:4539: checking whether gcc understands -c and -o together
configure:4561: gcc -c conftest.c -o conftest2.o
configure:4561: gcc -c conftest.c -o conftest2.o
configure:4564: $? = 0
configure:4561: gcc -c conftest.c -o conftest2.o
configure:4564: $? = 0
configure:4561: gcc -c conftest.c -o conftest2.o
configure:4564: $? = 0
configure:4564: $? = 0
configure:4576: result: yes
configure:4595: checking dependency style of gcc
configure:4576: result: no
configure:4595: checking dependency style of /root/SmartC2Rust/macro/trans_re_0000/time-1.9/build-aux/compile gcc
configure:4706: result: gcc3
configure:4727: checking how to run the C preprocessor

## ---------------- ##
## Cache variables. ##
## ---------------- ##

configure:4758: gcc -E  conftest.c
ac_cv_c_compiler_gnu=yes
ac_cv_env_CC_set=set
ac_cv_env_CC_value=gcc
ac_cv_env_CFLAGS_set=set
ac_cv_env_CFLAGS_value='-finstrument-functions -g -O0'
ac_cv_env_CPPFLAGS_set=
ac_cv_env_CPPFLAGS_value=
ac_cv_env_CPP_set=
ac_cv_env_CPP_value=
ac_cv_env_LDFLAGS_set=
ac_cv_env_LDFLAGS_value=
ac_cv_env_LIBS_set=
ac_cv_env_LIBS_value=
ac_cv_env_build_alias_set=
ac_cv_env_build_alias_value=
ac_cv_env_host_alias_set=
ac_cv_env_host_alias_value=
ac_cv_env_target_alias_set=
ac_cv_env_target_alias_value=
ac_cv_objext=o
ac_cv_path_install='/usr/bin/install -c'
ac_cv_path_mkdir=/usr/bin/mkdir
ac_cv_prog_AWK=mawk
ac_cv_prog_ac_ct_CC=gcc
ac_cv_prog_cc_c89=
ac_cv_prog_cc_g=yes
ac_cv_prog_make_make_set=yes
am_cv_CC_dependencies_compiler_type=none
am_cv_make_support_nested_variables=yes
am_cv_prog_cc_c_o=no

## ----------------- ##
## Output variables. ##
## ----------------- ##

configure:4758: $? = 0
configure:4772: gcc -E  conftest.c
ACLOCAL='${SHELL} /root/SmartC2Rust/macro/trans_re_0000/time-1.9/build-aux/missing aclocal-1.15'
AMDEPBACKSLASH='\'
AMDEP_FALSE='#'
AMDEP_TRUE=''
AMTAR='$${TAR-tar}'
AM_BACKSLASH='\'
AM_DEFAULT_V='$(AM_DEFAULT_VERBOSITY)'
AM_DEFAULT_VERBOSITY='1'
AM_V='$(V)'
APPLE_UNIVERSAL_BUILD=''
AR=''
ARFLAGS=''
AUTOCONF='${SHELL} /root/SmartC2Rust/macro/trans_re_0000/time-1.9/build-aux/missing autoconf'
AUTOHEADER='${SHELL} /root/SmartC2Rust/macro/trans_re_0000/time-1.9/build-aux/missing autoheader'
AUTOMAKE='${SHELL} /root/SmartC2Rust/macro/trans_re_0000/time-1.9/build-aux/missing automake-1.15'
AWK='mawk'
BITSIZEOF_PTRDIFF_T=''
BITSIZEOF_SIG_ATOMIC_T=''
BITSIZEOF_SIZE_T=''
BITSIZEOF_WCHAR_T=''
BITSIZEOF_WINT_T=''
CC='/root/SmartC2Rust/macro/trans_re_0000/time-1.9/build-aux/compile gcc'
CCDEPMODE=''
CFLAGS='-finstrument-functions -g -O0'
CONFIG_INCLUDE=''
CPP=''
CPPFLAGS=''
CYGPATH_W='echo'
DEFS=''
DEPDIR='.deps'
ECHO_C=''
ECHO_N='-n'
ECHO_T=''
EGREP=''
EMULTIHOP_HIDDEN=''
EMULTIHOP_VALUE=''
ENOLINK_HIDDEN=''
ENOLINK_VALUE=''
EOVERFLOW_HIDDEN=''
EOVERFLOW_VALUE=''
ERRNO_H=''
EXEEXT=''
GETOPT_CDEFS_H=''
GETOPT_H=''
GL_COND_LIBTOOL_FALSE=''
GL_COND_LIBTOOL_TRUE=''
GL_GENERATE_ERRNO_H_FALSE=''
GL_GENERATE_ERRNO_H_TRUE=''
GL_GENERATE_LIMITS_H_FALSE=''
GL_GENERATE_LIMITS_H_TRUE=''
GL_GENERATE_STDARG_H_FALSE=''
GL_GENERATE_STDARG_H_TRUE=''
GL_GENERATE_STDBOOL_H_FALSE=''
GL_GENERATE_STDBOOL_H_TRUE=''
GL_GENERATE_STDDEF_H_FALSE=''
GL_GENERATE_STDDEF_H_TRUE=''
GL_GENERATE_STDINT_H_FALSE=''
GL_GENERATE_STDINT_H_TRUE=''
GL_GENERATE_STDNORETURN_H_FALSE=''
GL_GENERATE_STDNORETURN_H_TRUE=''
GNULIB_ATOLL=''
GNULIB_CALLOC_POSIX=''
GNULIB_CANONICALIZE_FILE_NAME=''
GNULIB_CHDIR=''
GNULIB_CHOWN=''
GNULIB_CLOSE=''
GNULIB_CTIME=''
GNULIB_DPRINTF=''
GNULIB_DUP2=''
GNULIB_DUP3=''
GNULIB_DUP=''
GNULIB_ENVIRON=''
GNULIB_EUIDACCESS=''
GNULIB_EXPLICIT_BZERO=''
GNULIB_FACCESSAT=''
GNULIB_FCHDIR=''
GNULIB_FCHOWNAT=''
GNULIB_FCLOSE=''
GNULIB_FDATASYNC=''
GNULIB_FDOPEN=''
GNULIB_FFLUSH=''
GNULIB_FFSL=''
GNULIB_FFSLL=''
GNULIB_FGETC=''
GNULIB_FGETS=''
GNULIB_FOPEN=''
GNULIB_FPRINTF=''
GNULIB_FPRINTF_POSIX=''
GNULIB_FPURGE=''
GNULIB_FPUTC=''
GNULIB_FPUTS=''
GNULIB_FREAD=''
GNULIB_FREOPEN=''
GNULIB_FSCANF=''
GNULIB_FSEEK=''
GNULIB_FSEEKO=''
GNULIB_FSYNC=''
GNULIB_FTELL=''
GNULIB_FTELLO=''
GNULIB_FTRUNCATE=''
GNULIB_FWRITE=''
GNULIB_GETC=''
GNULIB_GETCHAR=''
GNULIB_GETCWD=''
GNULIB_GETDELIM=''
GNULIB_GETDOMAINNAME=''
GNULIB_GETDTABLESIZE=''
GNULIB_GETGROUPS=''
GNULIB_GETHOSTNAME=''
GNULIB_GETLINE=''
GNULIB_GETLOADAVG=''
GNULIB_GETLOGIN=''
GNULIB_GETLOGIN_R=''
GNULIB_GETPAGESIZE=''
GNULIB_GETRUSAGE=''
GNULIB_GETSUBOPT=''
GNULIB_GETTIMEOFDAY=''
GNULIB_GETUSERSHELL=''
GNULIB_GL_UNISTD_H_GETOPT=''
GNULIB_GRANTPT=''
GNULIB_GROUP_MEMBER=''
GNULIB_IMAXABS=''
GNULIB_IMAXDIV=''
GNULIB_ISATTY=''
GNULIB_LCHOWN=''
GNULIB_LINK=''
GNULIB_LINKAT=''
GNULIB_LOCALTIME=''
GNULIB_LSEEK=''
GNULIB_MALLOC_POSIX=''
GNULIB_MBSCASECMP=''
GNULIB_MBSCASESTR=''
GNULIB_MBSCHR=''
GNULIB_MBSCSPN=''
GNULIB_MBSLEN=''
GNULIB_MBSNCASECMP=''
GNULIB_MBSNLEN=''
GNULIB_MBSPBRK=''
GNULIB_MBSPCASECMP=''
GNULIB_MBSRCHR=''
GNULIB_MBSSEP=''
GNULIB_MBSSPN=''
GNULIB_MBSSTR=''
GNULIB_MBSTOK_R=''
GNULIB_MBTOWC=''
GNULIB_MEMCHR=''
GNULIB_MEMMEM=''
GNULIB_MEMPCPY=''
GNULIB_MEMRCHR=''
GNULIB_MKDTEMP=''
GNULIB_MKOSTEMP=''
GNULIB_MKOSTEMPS=''
GNULIB_MKSTEMP=''
GNULIB_MKSTEMPS=''
GNULIB_MKTIME=''
GNULIB_NANOSLEEP=''
GNULIB_OBSTACK_PRINTF=''
GNULIB_OBSTACK_PRINTF_POSIX=''
GNULIB_OVERRIDES_WINT_T=''
GNULIB_PCLOSE=''
GNULIB_PERROR=''
GNULIB_PIPE2=''
GNULIB_PIPE=''
GNULIB_POPEN=''
GNULIB_POSIX_OPENPT=''
GNULIB_PREAD=''
GNULIB_PRINTF=''
GNULIB_PRINTF_POSIX=''
GNULIB_PTHREAD_SIGMASK=''
GNULIB_PTSNAME=''
GNULIB_PTSNAME_R=''
GNULIB_PUTC=''
GNULIB_PUTCHAR=''
GNULIB_PUTENV=''
GNULIB_PUTS=''
GNULIB_PWRITE=''
GNULIB_QSORT_R=''
GNULIB_RAISE=''
GNULIB_RANDOM=''
GNULIB_RANDOM_R=''
GNULIB_RAWMEMCHR=''
GNULIB_READ=''
GNULIB_READLINK=''
GNULIB_READLINKAT=''
GNULIB_REALLOCARRAY=''
GNULIB_REALLOC_POSIX=''
GNULIB_REALPATH=''
GNULIB_REMOVE=''
GNULIB_RENAME=''
GNULIB_RENAMEAT=''
GNULIB_RMDIR=''
GNULIB_RPMATCH=''
GNULIB_SCANF=''
GNULIB_SECURE_GETENV=''
GNULIB_SETENV=''
GNULIB_SETHOSTNAME=''
GNULIB_SIGACTION=''
GNULIB_SIGNAL_H_SIGPIPE=''
GNULIB_SIGPROCMASK=''
GNULIB_SLEEP=''
GNULIB_SNPRINTF=''
GNULIB_SPRINTF_POSIX=''
GNULIB_STDIO_H_NONBLOCKING=''
GNULIB_STDIO_H_SIGPIPE=''
GNULIB_STPCPY=''
GNULIB_STPNCPY=''
GNULIB_STRCASESTR=''
GNULIB_STRCHRNUL=''
GNULIB_STRDUP=''
GNULIB_STRERROR=''
GNULIB_STRERROR_R=''
GNULIB_STRFTIME=''
GNULIB_STRNCAT=''
GNULIB_STRNDUP=''
GNULIB_STRNLEN=''
GNULIB_STRPBRK=''
GNULIB_STRPTIME=''
GNULIB_STRSEP=''
GNULIB_STRSIGNAL=''
GNULIB_STRSTR=''
GNULIB_STRTOD=''
GNULIB_STRTOIMAX=''
GNULIB_STRTOK_R=''
GNULIB_STRTOLL=''
GNULIB_STRTOULL=''
GNULIB_STRTOUMAX=''
GNULIB_STRVERSCMP=''
GNULIB_SYMLINK=''
GNULIB_SYMLINKAT=''
GNULIB_SYSTEM_POSIX=''
GNULIB_TIMEGM=''
GNULIB_TIME_R=''
GNULIB_TIME_RZ=''
GNULIB_TMPFILE=''
GNULIB_TRUNCATE=''
GNULIB_TTYNAME_R=''
GNULIB_TZSET=''
GNULIB_UNISTD_H_NONBLOCKING=''
GNULIB_UNISTD_H_SIGPIPE=''
GNULIB_UNLINK=''
GNULIB_UNLINKAT=''
GNULIB_UNLOCKPT=''
GNULIB_UNSETENV=''
GNULIB_USLEEP=''
GNULIB_VASPRINTF=''
GNULIB_VDPRINTF=''
GNULIB_VFPRINTF=''
GNULIB_VFPRINTF_POSIX=''
GNULIB_VFSCANF=''
GNULIB_VPRINTF=''
GNULIB_VPRINTF_POSIX=''
GNULIB_VSCANF=''
GNULIB_VSNPRINTF=''
GNULIB_VSPRINTF_POSIX=''
GNULIB_WAITPID=''
GNULIB_WCTOMB=''
GNULIB_WRITE=''
GNULIB__EXIT=''
GREP=''
HAVE_ATOLL=''
HAVE_C99_STDINT_H=''
HAVE_CANONICALIZE_FILE_NAME=''
HAVE_CHOWN=''
HAVE_DECL_ENVIRON=''
HAVE_DECL_FCHDIR=''
HAVE_DECL_FDATASYNC=''
HAVE_DECL_FPURGE=''
HAVE_DECL_FSEEKO=''
HAVE_DECL_FTELLO=''
HAVE_DECL_GETDELIM=''
HAVE_DECL_GETDOMAINNAME=''
HAVE_DECL_GETLINE=''
HAVE_DECL_GETLOADAVG=''
HAVE_DECL_GETLOGIN=''
HAVE_DECL_GETLOGIN_R=''
HAVE_DECL_GETPAGESIZE=''
HAVE_DECL_GETUSERSHELL=''
HAVE_DECL_IMAXABS=''
HAVE_DECL_IMAXDIV=''
HAVE_DECL_INITSTATE=''
HAVE_DECL_LOCALTIME_R=''
HAVE_DECL_MEMMEM=''
HAVE_DECL_MEMRCHR=''
HAVE_DECL_OBSTACK_PRINTF=''
HAVE_DECL_SETENV=''
HAVE_DECL_SETHOSTNAME=''
HAVE_DECL_SETSTATE=''
HAVE_DECL_SNPRINTF=''
HAVE_DECL_STRDUP=''
HAVE_DECL_STRERROR_R=''
HAVE_DECL_STRNDUP=''
HAVE_DECL_STRNLEN=''
HAVE_DECL_STRSIGNAL=''
HAVE_DECL_STRTOIMAX=''
HAVE_DECL_STRTOK_R=''
HAVE_DECL_STRTOUMAX=''
HAVE_DECL_TTYNAME_R=''
HAVE_DECL_UNSETENV=''
HAVE_DECL_VSNPRINTF=''
HAVE_DPRINTF=''
HAVE_DUP2=''
HAVE_DUP3=''
HAVE_EUIDACCESS=''
HAVE_EXPLICIT_BZERO=''
HAVE_FACCESSAT=''
HAVE_FCHDIR=''
HAVE_FCHOWNAT=''
HAVE_FDATASYNC=''
HAVE_FFSL=''
HAVE_FFSLL=''
HAVE_FSEEKO=''
HAVE_FSYNC=''
HAVE_FTELLO=''
HAVE_FTRUNCATE=''
HAVE_GETDTABLESIZE=''
HAVE_GETGROUPS=''
HAVE_GETHOSTNAME=''
HAVE_GETLOGIN=''
HAVE_GETOPT_H=''
HAVE_GETPAGESIZE=''
HAVE_GETRUSAGE=''
HAVE_GETSUBOPT=''
HAVE_GETTIMEOFDAY=''
HAVE_GRANTPT=''
HAVE_GROUP_MEMBER=''
HAVE_INTTYPES_H=''
HAVE_LCHOWN=''
HAVE_LINK=''
HAVE_LINKAT=''
HAVE_LONG_LONG_INT=''
HAVE_MAX_ALIGN_T=''
HAVE_MBSLEN=''
HAVE_MEMCHR=''
HAVE_MEMPCPY=''
HAVE_MKDTEMP=''
HAVE_MKOSTEMP=''
HAVE_MKOSTEMPS=''
HAVE_MKSTEMP=''
HAVE_MKSTEMPS=''
HAVE_MSVC_INVALID_PARAMETER_HANDLER=''
HAVE_NANOSLEEP=''
HAVE_OS_H=''
HAVE_PCLOSE=''
HAVE_PIPE2=''
HAVE_PIPE=''
HAVE_POPEN=''
HAVE_POSIX_OPENPT=''
HAVE_POSIX_SIGNALBLOCKING=''
HAVE_PREAD=''
HAVE_PTHREAD_SIGMASK=''
HAVE_PTSNAME=''
HAVE_PTSNAME_R=''
HAVE_PWRITE=''
HAVE_QSORT_R=''
HAVE_RAISE=''
HAVE_RANDOM=''
HAVE_RANDOM_H=''
HAVE_RANDOM_R=''
HAVE_RAWMEMCHR=''
HAVE_READLINK=''
HAVE_READLINKAT=''
HAVE_REALLOCARRAY=''
HAVE_REALPATH=''
HAVE_RENAMEAT=''
HAVE_RPMATCH=''
HAVE_SECURE_GETENV=''
HAVE_SETENV=''
HAVE_SETHOSTNAME=''
HAVE_SIGACTION=''
HAVE_SIGHANDLER_T=''
HAVE_SIGINFO_T=''
HAVE_SIGNED_SIG_ATOMIC_T=''
HAVE_SIGNED_WCHAR_T=''
HAVE_SIGNED_WINT_T=''
HAVE_SIGSET_T=''
HAVE_SLEEP=''
HAVE_STDINT_H=''
HAVE_STPCPY=''
HAVE_STPNCPY=''
HAVE_STRCASESTR=''
HAVE_STRCHRNUL=''
HAVE_STRPBRK=''
HAVE_STRPTIME=''
HAVE_STRSEP=''
HAVE_STRTOD=''
HAVE_STRTOLL=''
HAVE_STRTOULL=''
HAVE_STRUCT_RANDOM_DATA=''
HAVE_STRUCT_SIGACTION_SA_SIGACTION=''
HAVE_STRUCT_TIMEVAL=''
HAVE_STRVERSCMP=''
HAVE_SYMLINK=''
HAVE_SYMLINKAT=''
HAVE_SYS_BITYPES_H=''
HAVE_SYS_CDEFS_H=''
HAVE_SYS_INTTYPES_H=''
HAVE_SYS_LOADAVG_H=''
HAVE_SYS_PARAM_H=''
HAVE_SYS_RESOURCE_H=''
HAVE_SYS_TIME_H=''
HAVE_SYS_TYPES_H=''
HAVE_TIMEGM=''
HAVE_TIMEZONE_T=''
HAVE_TRUNCATE=''
HAVE_TYPE_VOLATILE_SIG_ATOMIC_T=''
HAVE_TZSET=''
HAVE_UNISTD_H=''
HAVE_UNLINKAT=''
HAVE_UNLOCKPT=''
HAVE_UNSIGNED_LONG_LONG_INT=''
HAVE_USLEEP=''
HAVE_VASPRINTF=''
HAVE_VDPRINTF=''
HAVE_WCHAR_H=''
HAVE_WCHAR_T=''
HAVE_WINSOCK2_H=''
HAVE__BOOL=''
HAVE__EXIT=''
HOST_CPU=''
HOST_CPU_C_ABI=''
INCLUDE_NEXT=''
INCLUDE_NEXT_AS_FIRST_DIRECTIVE=''
INSTALL_DATA='${INSTALL} -m 644'
INSTALL_PROGRAM='${INSTALL}'
INSTALL_SCRIPT='${INSTALL}'
INSTALL_STRIP_PROGRAM='$(install_sh) -c -s'
INT32_MAX_LT_INTMAX_MAX=''
INT64_MAX_EQ_LONG_MAX=''
LDFLAGS=''
LIBINTL=''
LIBOBJS=''
LIBS=''
LIBTIME_LIBDEPS=''
LIBTIME_LTLIBDEPS=''
LIMITS_H=''
LTLIBINTL=''
LTLIBOBJS=''
MAKEINFO='${SHELL} /root/SmartC2Rust/macro/trans_re_0000/time-1.9/build-aux/missing makeinfo'
MKDIR_P='/usr/bin/mkdir -p'
NEXT_AS_FIRST_DIRECTIVE_ERRNO_H=''
NEXT_AS_FIRST_DIRECTIVE_GETOPT_H=''
NEXT_AS_FIRST_DIRECTIVE_INTTYPES_H=''
NEXT_AS_FIRST_DIRECTIVE_LIMITS_H=''
NEXT_AS_FIRST_DIRECTIVE_SIGNAL_H=''
NEXT_AS_FIRST_DIRECTIVE_STDARG_H=''
NEXT_AS_FIRST_DIRECTIVE_STDDEF_H=''
NEXT_AS_FIRST_DIRECTIVE_STDINT_H=''
NEXT_AS_FIRST_DIRECTIVE_STDIO_H=''
NEXT_AS_FIRST_DIRECTIVE_STDLIB_H=''
NEXT_AS_FIRST_DIRECTIVE_STRING_H=''
NEXT_AS_FIRST_DIRECTIVE_SYS_RESOURCE_H=''
NEXT_AS_FIRST_DIRECTIVE_SYS_TIME_H=''
NEXT_AS_FIRST_DIRECTIVE_SYS_TYPES_H=''
NEXT_AS_FIRST_DIRECTIVE_SYS_WAIT_H=''
NEXT_AS_FIRST_DIRECTIVE_TIME_H=''
NEXT_AS_FIRST_DIRECTIVE_UNISTD_H=''
NEXT_ERRNO_H=''
NEXT_GETOPT_H=''
NEXT_INTTYPES_H=''
NEXT_LIMITS_H=''
NEXT_SIGNAL_H=''
NEXT_STDARG_H=''
NEXT_STDDEF_H=''
NEXT_STDINT_H=''
NEXT_STDIO_H=''
NEXT_STDLIB_H=''
NEXT_STRING_H=''
NEXT_SYS_RESOURCE_H=''
NEXT_SYS_TIME_H=''
NEXT_SYS_TYPES_H=''
NEXT_SYS_WAIT_H=''
NEXT_TIME_H=''
NEXT_UNISTD_H=''
OBJEXT='o'
PACKAGE='time'
PACKAGE_BUGREPORT='bug-time@gnu.org'
PACKAGE_NAME='GNU Time'
PACKAGE_STRING='GNU Time 1.9'
PACKAGE_TARNAME='time'
PACKAGE_URL='https://www.gnu.org/software/time/'
PACKAGE_VERSION='1.9'
PATH_SEPARATOR=':'
PRAGMA_COLUMNS=''
PRAGMA_SYSTEM_HEADER=''
PRIPTR_PREFIX=''
PRI_MACROS_BROKEN=''
PTHREAD_H_DEFINES_STRUCT_TIMESPEC=''
PTRDIFF_T_SUFFIX=''
RANLIB=''
REPLACE_CALLOC=''
REPLACE_CANONICALIZE_FILE_NAME=''
REPLACE_CHOWN=''
REPLACE_CLOSE=''
REPLACE_CTIME=''
REPLACE_DPRINTF=''
REPLACE_DUP2=''
REPLACE_DUP=''
REPLACE_FACCESSAT=''
REPLACE_FCHOWNAT=''
REPLACE_FCLOSE=''
REPLACE_FDOPEN=''
REPLACE_FFLUSH=''
REPLACE_FOPEN=''
REPLACE_FPRINTF=''
REPLACE_FPURGE=''
REPLACE_FREOPEN=''
REPLACE_FSEEK=''
REPLACE_FSEEKO=''
REPLACE_FTELL=''
REPLACE_FTELLO=''
REPLACE_FTRUNCATE=''
REPLACE_GETCWD=''
REPLACE_GETDELIM=''
REPLACE_GETDOMAINNAME=''
REPLACE_GETDTABLESIZE=''
REPLACE_GETGROUPS=''
REPLACE_GETLINE=''
REPLACE_GETLOGIN_R=''
REPLACE_GETPAGESIZE=''
REPLACE_GETTIMEOFDAY=''
REPLACE_GMTIME=''
REPLACE_ISATTY=''
REPLACE_LCHOWN=''
REPLACE_LINK=''
REPLACE_LINKAT=''
REPLACE_LOCALTIME=''
REPLACE_LOCALTIME_R=''
REPLACE_LSEEK=''
REPLACE_MALLOC=''
REPLACE_MBTOWC=''
REPLACE_MEMCHR=''
REPLACE_MEMMEM=''
REPLACE_MKSTEMP=''
REPLACE_MKTIME=''
REPLACE_NANOSLEEP=''
REPLACE_NULL=''
REPLACE_OBSTACK_PRINTF=''
REPLACE_PERROR=''
REPLACE_POPEN=''
REPLACE_PREAD=''
REPLACE_PRINTF=''
REPLACE_PTHREAD_SIGMASK=''
REPLACE_PTSNAME=''
REPLACE_PTSNAME_R=''
REPLACE_PUTENV=''
REPLACE_PWRITE=''
REPLACE_QSORT_R=''
REPLACE_RAISE=''
REPLACE_RANDOM_R=''
REPLACE_READ=''
REPLACE_READLINK=''
REPLACE_READLINKAT=''
REPLACE_REALLOC=''
REPLACE_REALPATH=''
REPLACE_REMOVE=''
REPLACE_RENAME=''
REPLACE_RENAMEAT=''
REPLACE_RMDIR=''
REPLACE_SETENV=''
REPLACE_SLEEP=''
REPLACE_SNPRINTF=''
REPLACE_SPRINTF=''
REPLACE_STDIO_READ_FUNCS=''
REPLACE_STDIO_WRITE_FUNCS=''
REPLACE_STPNCPY=''
REPLACE_STRCASESTR=''
REPLACE_STRCHRNUL=''
REPLACE_STRDUP=''
REPLACE_STRERROR=''
REPLACE_STRERROR_R=''
REPLACE_STRFTIME=''
REPLACE_STRNCAT=''
REPLACE_STRNDUP=''
REPLACE_STRNLEN=''
REPLACE_STRSIGNAL=''
REPLACE_STRSTR=''
REPLACE_STRTOD=''
REPLACE_STRTOIMAX=''
REPLACE_STRTOK_R=''
REPLACE_STRTOUMAX=''
REPLACE_STRUCT_TIMEVAL=''
REPLACE_SYMLINK=''
REPLACE_SYMLINKAT=''
REPLACE_TIMEGM=''
REPLACE_TMPFILE=''
REPLACE_TRUNCATE=''
REPLACE_TTYNAME_R=''
REPLACE_TZSET=''
REPLACE_UNLINK=''
REPLACE_UNLINKAT=''
REPLACE_UNSETENV=''
REPLACE_USLEEP=''
REPLACE_VASPRINTF=''
REPLACE_VDPRINTF=''
REPLACE_VFPRINTF=''
REPLACE_VPRINTF=''
REPLACE_VSNPRINTF=''
REPLACE_VSPRINTF=''
REPLACE_WCTOMB=''
REPLACE_WRITE=''
SED=''
SET_MAKE=''
SHELL='/bin/bash'
SIG_ATOMIC_T_SUFFIX=''
SIZE_T_SUFFIX=''
STDARG_H=''
STDBOOL_H=''
STDDEF_H=''
STDINT_H=''
STDNORETURN_H=''
STRIP=''
SYS_TIME_H_DEFINES_STRUCT_TIMESPEC=''
TIME_H_DEFINES_STRUCT_TIMESPEC=''
UINT32_MAX_LT_UINTMAX_MAX=''
UINT64_MAX_EQ_ULONG_MAX=''
UNDEFINE_STRTOK_R=''
UNISTD_H_DEFINES_STRUCT_TIMESPEC=''
UNISTD_H_HAVE_WINSOCK2_H=''
UNISTD_H_HAVE_WINSOCK2_H_AND_USE_SOCKETS=''
VERSION='1.9'
WARN_CFLAGS=''
WCHAR_T_SUFFIX=''
WINDOWS_64_BIT_OFF_T=''
WINDOWS_STAT_INODES=''
WINT_T_SUFFIX=''
ac_ct_CC='gcc'
am__EXEEXT_FALSE=''
am__EXEEXT_TRUE=''
am__fastdepCC_FALSE=''
am__fastdepCC_TRUE=''
am__include='include'
am__isrc=''
am__leading_dot='.'
am__nodep='_no'
am__quote=''
am__tar='$${TAR-tar} chof - "$$tardir"'
am__untar='$${TAR-tar} xf -'
bindir='${exec_prefix}/bin'
build=''
build_alias=''
build_cpu=''
build_os=''
build_vendor=''
datadir='${datarootdir}'
datarootdir='${prefix}/share'
docdir='${datarootdir}/doc/${PACKAGE_TARNAME}'
dvidir='${docdir}'
exec_prefix='NONE'
gl_LIBOBJS=''
gl_LTLIBOBJS=''
gltests_LIBOBJS=''
gltests_LTLIBOBJS=''
gltests_WITNESS=''
host=''
host_alias=''
host_cpu=''
host_os=''
host_vendor=''
htmldir='${docdir}'
includedir='${prefix}/include'
infodir='${datarootdir}/info'
install_sh='${SHELL} /root/SmartC2Rust/macro/trans_re_0000/time-1.9/build-aux/install-sh'
libdir='${exec_prefix}/lib'
libexecdir='${exec_prefix}/libexec'
localedir='${datarootdir}/locale'
localstatedir='${prefix}/var'
mandir='${datarootdir}/man'
mkdir_p='$(MKDIR_P)'
oldincludedir='/usr/include'
pdfdir='${docdir}'
prefix='NONE'
program_transform_name='s,x,x,'
psdir='${docdir}'
runstatedir='${localstatedir}/run'
sbindir='${exec_prefix}/sbin'
sharedstatedir='${prefix}/com'
sysconfdir='${prefix}/etc'
target_alias=''

configure: exit 1
conftest.c:19:10: fatal error: ac_nonexistent.h: No such file or directory
   19 | #include <ac_nonexistent.h>
      |          ^~~~~~~~~~~~~~~~~~
compilation terminated.
configure:4772: $? = 1
configure: failed program was:
| /* confdefs.h */
| #define PACKAGE_NAME "GNU Time"
| #define PACKAGE_NAME "GNU Time"
| #define PACKAGE_TARNAME "time"
| #define PACKAGE_TARNAME "time"
| #define PACKAGE_VERSION "1.9"
| #define PACKAGE_VERSION "1.9"
| #define PACKAGE_STRING "GNU Time 1.9"
| #define PACKAGE_STRING "GNU Time 1.9"
| #define PACKAGE_BUGREPORT "bug-time@gnu.org"
| #define PACKAGE_BUGREPORT "bug-time@gnu.org"
| #define PACKAGE_URL "https://www.gnu.org/software/time/"
| #define PACKAGE_URL "https://www.gnu.org/software/time/"
| #define PACKAGE "time"
| #define VERSION "1.9"
| #define PACKAGE "time"
| #define VERSION "1.9"
| /* end confdefs.h.  */
| #include <ac_nonexistent.h>
configure:4797: result: gcc -E
configure:4817: gcc -E  conftest.c
configure:4817: $? = 0
configure:4831: gcc -E  conftest.c
conftest.c:19:10: fatal error: ac_nonexistent.h: No such file or directory
   19 | #include <ac_nonexistent.h>
      |          ^~~~~~~~~~~~~~~~~~
compilation terminated.
configure:4831: $? = 1
configure: failed program was:
| /* confdefs.h */
| #define PACKAGE_NAME "GNU Time"
| #define PACKAGE_NAME "GNU Time"
| #define PACKAGE_TARNAME "time"
| #define PACKAGE_TARNAME "time"
| #define PACKAGE_VERSION "1.9"
| #define PACKAGE_VERSION "1.9"
| #define PACKAGE_STRING "GNU Time 1.9"
| #define PACKAGE_STRING "GNU Time 1.9"
| #define PACKAGE_BUGREPORT "bug-time@gnu.org"
| #define PACKAGE_BUGREPORT "bug-time@gnu.org"
| #define PACKAGE_URL "https://www.gnu.org/software/time/"
| #define PACKAGE_URL "https://www.gnu.org/software/time/"
| #define PACKAGE "time"
| #define VERSION "1.9"
| #define PACKAGE "time"
| #define VERSION "1.9"
| /* end confdefs.h.  */
| #include <ac_nonexistent.h>
configure:4860: checking for grep that handles long lines and -e
configure:4918: result: /usr/bin/grep
configure:4923: checking for egrep
configure:4985: result: /usr/bin/grep -E
configure:4990: checking for ANSI C header files
configure:5010: gcc -c -finstrument-functions -g -O0  conftest.c >&5
configure:5010: $? = 0
configure:5083: gcc -o conftest -finstrument-functions -g -O0   conftest.c  >&5
configure:5083: $? = 0
configure:5083: ./conftest
configure:5083: $? = 0
configure:5094: result: yes
configure:5107: checking for sys/types.h
configure:5107: gcc -c -finstrument-functions -g -O0  conftest.c >&5
configure:5107: $? = 0
configure:5107: result: yes
configure:5107: checking for sys/stat.h
configure:5107: gcc -c -finstrument-functions -g -O0  conftest.c >&5
configure:5107: $? = 0
configure:5107: result: yes
configure:5107: checking for stdlib.h
configure:5107: gcc -c -finstrument-functions -g -O0  conftest.c >&5
configure:5107: $? = 0
configure:5107: result: yes
configure:5107: checking for string.h
configure:5107: gcc -c -finstrument-functions -g -O0  conftest.c >&5
configure:5107: $? = 0
configure:5107: result: yes
configure:5107: checking for memory.h
configure:5107: gcc -c -finstrument-functions -g -O0  conftest.c >&5
configure:5107: $? = 0
configure:5107: result: yes
configure:5107: checking for strings.h
configure:5107: gcc -c -finstrument-functions -g -O0  conftest.c >&5
configure:5107: $? = 0
configure:5107: result: yes
configure:5107: checking for inttypes.h
configure:5107: gcc -c -finstrument-functions -g -O0  conftest.c >&5
configure:5107: $? = 0
configure:5107: result: yes
configure:5107: checking for stdint.h
configure:5107: gcc -c -finstrument-functions -g -O0  conftest.c >&5
configure:5107: $? = 0
configure:5107: result: yes
configure:5107: checking for unistd.h
configure:5107: gcc -c -finstrument-functions -g -O0  conftest.c >&5
configure:5107: $? = 0
configure:5107: result: yes
configure:5120: checking minix/config.h usability
configure:5120: gcc -c -finstrument-functions -g -O0  conftest.c >&5
conftest.c:62:10: fatal error: minix/config.h: No such file or directory
   62 | #include <minix/config.h>
      |          ^~~~~~~~~~~~~~~~
compilation terminated.
configure:5120: $? = 1
configure: failed program was:
| /* confdefs.h */
| #define PACKAGE_NAME "GNU Time"
| #define PACKAGE_NAME "GNU Time"
| #define PACKAGE_TARNAME "time"
| #define PACKAGE_TARNAME "time"
| #define PACKAGE_VERSION "1.9"
| #define PACKAGE_VERSION "1.9"
| #define PACKAGE_STRING "GNU Time 1.9"
| #define PACKAGE_STRING "GNU Time 1.9"
| #define PACKAGE_BUGREPORT "bug-time@gnu.org"
| #define PACKAGE_BUGREPORT "bug-time@gnu.org"
| #define PACKAGE_URL "https://www.gnu.org/software/time/"
| #define PACKAGE_URL "https://www.gnu.org/software/time/"
| #define PACKAGE "time"
| #define VERSION "1.9"
| #define PACKAGE "time"
| #define VERSION "1.9"
| #define STDC_HEADERS 1
| #define HAVE_SYS_TYPES_H 1
| #define HAVE_SYS_STAT_H 1
| #define HAVE_STDLIB_H 1
| #define HAVE_STRING_H 1
| #define HAVE_MEMORY_H 1
| #define HAVE_STRINGS_H 1
| #define HAVE_INTTYPES_H 1
| #define HAVE_STDINT_H 1
| #define HAVE_UNISTD_H 1
| /* end confdefs.h.  */
| #include <stdio.h>
| #ifdef HAVE_SYS_TYPES_H
| # include <sys/types.h>
| #endif
| #ifdef HAVE_SYS_STAT_H
| # include <sys/stat.h>
| #endif
| #ifdef STDC_HEADERS
| # include <stdlib.h>
| # include <stddef.h>
| #else
| # ifdef HAVE_STDLIB_H
| #  include <stdlib.h>
| # endif
| #endif
| #ifdef HAVE_STRING_H
| # if !defined STDC_HEADERS && defined HAVE_MEMORY_H
| #  include <memory.h>
| # endif
| # include <string.h>
| #endif
| #ifdef HAVE_STRINGS_H
| # include <strings.h>
| #endif
| #ifdef HAVE_INTTYPES_H
| # include <inttypes.h>
| #endif
| #ifdef HAVE_STDINT_H
| # include <stdint.h>
| #endif
| #ifdef HAVE_UNISTD_H
| # include <unistd.h>
| #endif
| #include <minix/config.h>
configure:5120: result: no
configure:5120: checking minix/config.h presence
configure:5120: gcc -E  conftest.c
conftest.c:29:10: fatal error: minix/config.h: No such file or directory
   29 | #include <minix/config.h>
      |          ^~~~~~~~~~~~~~~~
compilation terminated.
configure:5120: $? = 1
configure: failed program was:
| /* confdefs.h */
| #define PACKAGE_NAME "GNU Time"
| #define PACKAGE_NAME "GNU Time"
| #define PACKAGE_TARNAME "time"
| #define PACKAGE_TARNAME "time"
| #define PACKAGE_VERSION "1.9"
| #define PACKAGE_VERSION "1.9"
| #define PACKAGE_STRING "GNU Time 1.9"
| #define PACKAGE_STRING "GNU Time 1.9"
| #define PACKAGE_BUGREPORT "bug-time@gnu.org"
| #define PACKAGE_BUGREPORT "bug-time@gnu.org"
| #define PACKAGE_URL "https://www.gnu.org/software/time/"
| #define PACKAGE_URL "https://www.gnu.org/software/time/"
| #define PACKAGE "time"
| #define VERSION "1.9"
| #define PACKAGE "time"
| #define VERSION "1.9"
| #define STDC_HEADERS 1
| #define HAVE_SYS_TYPES_H 1
| #define HAVE_SYS_STAT_H 1
| #define HAVE_STDLIB_H 1
| #define HAVE_STRING_H 1
| #define HAVE_MEMORY_H 1
| #define HAVE_STRINGS_H 1
| #define HAVE_INTTYPES_H 1
| #define HAVE_STDINT_H 1
| #define HAVE_UNISTD_H 1
| /* end confdefs.h.  */
| #include <minix/config.h>
configure:5120: result: no
configure:5120: checking for minix/config.h
configure:5120: result: no
configure:5144: checking whether it is safe to define __EXTENSIONS__
configure:5162: gcc -c -finstrument-functions -g -O0  conftest.c >&5
configure:5162: $? = 0
configure:5169: result: yes
configure:5202: checking whether _XOPEN_SOURCE should be defined
configure:5221: gcc -c -finstrument-functions -g -O0  conftest.c >&5
configure:5221: $? = 0
configure:5245: result: no
configure:5257: checking for gcc option to accept ISO C99
configure:5406: gcc  -c -finstrument-functions -g -O0  conftest.c >&5
configure:5406: $? = 0
configure:5419: result: none needed
configure:5527: checking for gcc option to accept ISO Standard C
configure:5538: result: none needed
configure:5551: checking how to run the C preprocessor
configure:5621: result: gcc -E
configure:5641: gcc -E  conftest.c
configure:5641: $? = 0
configure:5655: gcc -E  conftest.c
conftest.c:45:10: fatal error: ac_nonexistent.h: No such file or directory
   45 | #include <ac_nonexistent.h>
      |          ^~~~~~~~~~~~~~~~~~
compilation terminated.
configure:5655: $? = 1
configure: failed program was:
| /* confdefs.h */
| #define PACKAGE_NAME "GNU Time"
| #define PACKAGE_NAME "GNU Time"
| #define PACKAGE_TARNAME "time"
| #define PACKAGE_TARNAME "time"
| #define PACKAGE_VERSION "1.9"
| #define PACKAGE_VERSION "1.9"
| #define PACKAGE_STRING "GNU Time 1.9"
| #define PACKAGE_STRING "GNU Time 1.9"
| #define PACKAGE_BUGREPORT "bug-time@gnu.org"
| #define PACKAGE_BUGREPORT "bug-time@gnu.org"
| #define PACKAGE_URL "https://www.gnu.org/software/time/"
| #define PACKAGE_URL "https://www.gnu.org/software/time/"
| #define PACKAGE "time"
| #define VERSION "1.9"
| #define PACKAGE "time"
| #define VERSION "1.9"
| #define STDC_HEADERS 1
| #define HAVE_SYS_TYPES_H 1
| #define HAVE_SYS_STAT_H 1
| #define HAVE_STDLIB_H 1
| #define HAVE_STRING_H 1
| #define HAVE_MEMORY_H 1
| #define HAVE_STRINGS_H 1
| #define HAVE_INTTYPES_H 1
| #define HAVE_STDINT_H 1
| #define HAVE_UNISTD_H 1
| #define __EXTENSIONS__ 1
| #define _ALL_SOURCE 1
| #define _DARWIN_C_SOURCE 1
| #define _GNU_SOURCE 1
| #define _NETBSD_SOURCE 1
| #define _OPENBSD_SOURCE 1
| #define _POSIX_PTHREAD_SEMANTICS 1
| #define __STDC_WANT_IEC_60559_ATTRIBS_EXT__ 1
| #define __STDC_WANT_IEC_60559_BFP_EXT__ 1
| #define __STDC_WANT_IEC_60559_DFP_EXT__ 1
| #define __STDC_WANT_IEC_60559_FUNCS_EXT__ 1
| #define __STDC_WANT_IEC_60559_TYPES_EXT__ 1
| #define __STDC_WANT_LIB_EXT2__ 1
| #define __STDC_WANT_MATH_SPEC_FUNCS__ 1
| #define _TANDEM_SOURCE 1
| #define _HPUX_ALT_XOPEN_SOCKET_API 1
| /* end confdefs.h.  */
| #include <ac_nonexistent.h>
configure:5684: checking whether gcc needs -traditional
configure:5718: result: no
configure:5726: checking for inline
configure:5742: gcc -c -finstrument-functions -g -O0  conftest.c >&5
configure:5742: $? = 0
configure:5750: result: inline
configure:5781: checking for Minix Amsterdam compiler
configure:5805: result: no
configure:5862: checking for ar
configure:5878: found /usr/bin/ar
configure:5889: result: ar
configure:5964: checking for ranlib
configure:5980: found /usr/bin/ranlib
configure:5991: result: ranlib
configure:6105: checking build system type
configure:6119: result: aarch64-unknown-linux-gnu
configure:6139: checking host system type
configure:6152: result: aarch64-unknown-linux-gnu
configure:6174: checking whether // is distinct from /
configure:6203: result: no
configure:6213: checking whether the preprocessor supports include_next
configure:6251: gcc -c -finstrument-functions -g -O0  -Iconftestd1b -Iconftestd2 conftest.c >&5
configure:6251: $? = 0
configure:6272: result: yes
configure:6293: checking whether system header files limit the line length
configure:6316: result: no
configure:6327: checking for complete errno.h
configure:6400: result: yes
configure:6701: checking whether strerror_r is declared
configure:6701: gcc -c -finstrument-functions -g -O0  conftest.c >&5
configure:6701: $? = 0
configure:6701: result: yes
configure:6714: checking for strerror_r
configure:6714: gcc -o conftest -finstrument-functions -g -O0   conftest.c  >&5
configure:6714: $? = 0
configure:6714: result: yes
configure:6723: checking whether strerror_r returns char *
configure:6747: gcc -c -finstrument-functions -g -O0  conftest.c >&5
configure:6747: $? = 0
configure:6785: result: yes
configure:6936: checking for getopt.h
configure:6936: gcc -c -finstrument-functions -g -O0  conftest.c >&5
configure:6936: $? = 0
configure:6936: result: yes
configure:6936: checking for sys/cdefs.h
configure:6936: gcc -c -finstrument-functions -g -O0  conftest.c >&5
configure:6936: $? = 0
configure:6936: result: yes
configure:6936: checking for sys/time.h
configure:6936: gcc -c -finstrument-functions -g -O0  conftest.c >&5
configure:6936: $? = 0
configure:6936: result: yes
configure:6936: checking for sys/socket.h
configure:6936: gcc -c -finstrument-functions -g -O0  conftest.c >&5
configure:6936: $? = 0
configure:6936: result: yes
configure:6936: checking for limits.h
configure:6936: gcc -c -finstrument-functions -g -O0  conftest.c >&5
configure:6936: $? = 0
configure:6936: result: yes
configure:6936: checking for wchar.h
configure:6936: gcc -c -finstrument-functions -g -O0  conftest.c >&5
configure:6936: $? = 0
configure:6936: result: yes
configure:6936: checking for stdint.h
configure:6936: result: yes
configure:6936: checking for inttypes.h
configure:6936: result: yes
configure:6936: checking for sys/resource.h
configure:6936: gcc -c -finstrument-functions -g -O0  conftest.c >&5
configure:6936: $? = 0
configure:6936: result: yes
configure:6936: checking for sys/wait.h
configure:6936: gcc -c -finstrument-functions -g -O0  conftest.c >&5
configure:6936: $? = 0
configure:6936: result: yes
configure:6936: checking for unistd.h
configure:6936: result: yes
configure:7043: checking for getopt.h
configure:7043: result: yes
configure:7060: checking for getopt_long_only
configure:7060: gcc -o conftest -finstrument-functions -g -O0   conftest.c  >&5
configure:7060: $? = 0
configure:7060: result: yes
configure:7074: checking whether getopt is POSIX compatible
configure:7116: gcc -o conftest -finstrument-functions -g -O0   conftest.c  >&5
configure:7116: $? = 0
configure:7116: ./conftest
configure:7116: $? = 0
configure:7175: gcc -o conftest -finstrument-functions -g -O0   conftest.c  >&5
configure:7175: $? = 0
configure:7175: ./conftest
configure:7175: $? = 0
configure:7217: gcc -o conftest -finstrument-functions -g -O0   conftest.c  >&5
configure:7217: $? = 0
configure:7217: ./conftest
program: option requires an argument -- 'b'
configure:7217: $? = 0
configure:7235: result: yes
configure:7243: checking for working GNU getopt function
configure:7465: gcc -o conftest -finstrument-functions -g -O0   conftest.c  >&5
configure:7465: $? = 0
configure:7465: ./conftest
configure:7465: $? = 0
configure:7481: result: yes
configure:7486: checking for working GNU getopt_long function
configure:7531: gcc -o conftest -finstrument-functions -g -O0   conftest.c  >&5
configure:7531: $? = 0
configure:7531: ./conftest
configure:7531: $? = 0
configure:7542: result: yes
configure:7559: checking for getprogname
configure:7559: gcc -o conftest -finstrument-functions -g -O0   conftest.c  >&5
/usr/bin/ld: /tmp/cc6IvjPM.o: in function `main':
/root/SmartC2Rust/macro/trans_re_0000/time-1.9/conftest.c:95: undefined reference to `getprogname'
collect2: error: ld returned 1 exit status
configure:7559: $? = 1
configure: failed program was:
| /* confdefs.h */
| #define PACKAGE_NAME "GNU Time"
| #define PACKAGE_NAME "GNU Time"
| #define PACKAGE_TARNAME "time"
| #define PACKAGE_TARNAME "time"
| #define PACKAGE_VERSION "1.9"
| #define PACKAGE_VERSION "1.9"
| #define PACKAGE_STRING "GNU Time 1.9"
| #define PACKAGE_STRING "GNU Time 1.9"
| #define PACKAGE_BUGREPORT "bug-time@gnu.org"
| #define PACKAGE_BUGREPORT "bug-time@gnu.org"
| #define PACKAGE_URL "https://www.gnu.org/software/time/"
| #define PACKAGE_URL "https://www.gnu.org/software/time/"
| #define PACKAGE "time"
| #define VERSION "1.9"
| #define PACKAGE "time"
| #define VERSION "1.9"
| #define STDC_HEADERS 1
| #define HAVE_SYS_TYPES_H 1
| #define HAVE_SYS_STAT_H 1
| #define HAVE_STDLIB_H 1
| #define HAVE_STRING_H 1
| #define HAVE_MEMORY_H 1
| #define HAVE_STRINGS_H 1
| #define HAVE_INTTYPES_H 1
| #define HAVE_STDINT_H 1
| #define HAVE_UNISTD_H 1
| #define __EXTENSIONS__ 1
| #define _ALL_SOURCE 1
| #define _DARWIN_C_SOURCE 1
| #define _GNU_SOURCE 1
| #define _NETBSD_SOURCE 1
| #define _OPENBSD_SOURCE 1
| #define _POSIX_PTHREAD_SEMANTICS 1
| #define __STDC_WANT_IEC_60559_ATTRIBS_EXT__ 1
| #define __STDC_WANT_IEC_60559_BFP_EXT__ 1
| #define __STDC_WANT_IEC_60559_DFP_EXT__ 1
| #define __STDC_WANT_IEC_60559_FUNCS_EXT__ 1
| #define __STDC_WANT_IEC_60559_TYPES_EXT__ 1
| #define __STDC_WANT_LIB_EXT2__ 1
| #define __STDC_WANT_MATH_SPEC_FUNCS__ 1
| #define _TANDEM_SOURCE 1
| #define _HPUX_ALT_XOPEN_SOCKET_API 1
| #define HAVE_DECL_STRERROR_R 1
| #define HAVE_STRERROR_R 1
| #define STRERROR_R_CHAR_P 1
| #define HAVE_GETOPT_H 1
| #define HAVE_SYS_CDEFS_H 1
| #define HAVE_SYS_TIME_H 1
| #define HAVE_SYS_SOCKET_H 1
| #define HAVE_LIMITS_H 1
| #define HAVE_WCHAR_H 1
| #define HAVE_STDINT_H 1
| #define HAVE_INTTYPES_H 1
| #define HAVE_SYS_RESOURCE_H 1
| #define HAVE_SYS_WAIT_H 1
| #define HAVE_UNISTD_H 1
| #define HAVE_GETOPT_H 1
| #define HAVE_GETOPT_LONG_ONLY 1
| /* end confdefs.h.  */
| /* Define getprogname to an innocuous variant, in case <limits.h> declares getprogname.
|    For example, HP-UX 11i <limits.h> declares gettimeofday.  */
| #define getprogname innocuous_getprogname
| 
| /* System header to define __stub macros and hopefully few prototypes,
|     which can conflict with char getprogname (); below.
|     Prefer <limits.h> to <assert.h> if __STDC__ is defined, since
|     <limits.h> exists even on freestanding compilers.  */
| 
| #ifdef __STDC__
| # include <limits.h>
| #else
| # include <assert.h>
| #endif
| 
| #undef getprogname
| 
| /* Override any GCC internal prototype to avoid an error.
|    Use char because int might match the return type of a GCC
|    builtin and then its argument prototype would still apply.  */
| #ifdef __cplusplus
| extern "C"
| #endif
| char getprogname ();
| /* The GNU C library defines this for functions which it implements
|     to always fail with ENOSYS.  Some functions are actually named
|     something starting with __ and the normal name is an alias.  */
| #if defined __stub_getprogname || defined __stub___getprogname
| choke me
| #endif
| 
| int
| main ()
| {
| return getprogname ();
|   ;
|   return 0;
| }
configure:7559: result: no
configure:7559: checking for getexecname
configure:7559: gcc -o conftest -finstrument-functions -g -O0   conftest.c  >&5
/usr/bin/ld: /tmp/ccbrgAYx.o: in function `main':
/root/SmartC2Rust/macro/trans_re_0000/time-1.9/conftest.c:95: undefined reference to `getexecname'
collect2: error: ld returned 1 exit status
configure:7559: $? = 1
configure: failed program was:
| /* confdefs.h */
| #define PACKAGE_NAME "GNU Time"
| #define PACKAGE_NAME "GNU Time"
| #define PACKAGE_TARNAME "time"
| #define PACKAGE_TARNAME "time"
| #define PACKAGE_VERSION "1.9"
| #define PACKAGE_VERSION "1.9"
| #define PACKAGE_STRING "GNU Time 1.9"
| #define PACKAGE_STRING "GNU Time 1.9"
| #define PACKAGE_BUGREPORT "bug-time@gnu.org"
| #define PACKAGE_BUGREPORT "bug-time@gnu.org"
| #define PACKAGE_URL "https://www.gnu.org/software/time/"
| #define PACKAGE_URL "https://www.gnu.org/software/time/"
| #define PACKAGE "time"
| #define VERSION "1.9"
| #define PACKAGE "time"
| #define VERSION "1.9"
| #define STDC_HEADERS 1
| #define HAVE_SYS_TYPES_H 1
| #define HAVE_SYS_STAT_H 1
| #define HAVE_STDLIB_H 1
| #define HAVE_STRING_H 1
| #define HAVE_MEMORY_H 1
| #define HAVE_STRINGS_H 1
| #define HAVE_INTTYPES_H 1
| #define HAVE_STDINT_H 1
| #define HAVE_UNISTD_H 1
| #define __EXTENSIONS__ 1
| #define _ALL_SOURCE 1
| #define _DARWIN_C_SOURCE 1
| #define _GNU_SOURCE 1
| #define _NETBSD_SOURCE 1
| #define _OPENBSD_SOURCE 1
| #define _POSIX_PTHREAD_SEMANTICS 1
| #define __STDC_WANT_IEC_60559_ATTRIBS_EXT__ 1
| #define __STDC_WANT_IEC_60559_BFP_EXT__ 1
| #define __STDC_WANT_IEC_60559_DFP_EXT__ 1
| #define __STDC_WANT_IEC_60559_FUNCS_EXT__ 1
| #define __STDC_WANT_IEC_60559_TYPES_EXT__ 1
| #define __STDC_WANT_LIB_EXT2__ 1
| #define __STDC_WANT_MATH_SPEC_FUNCS__ 1
| #define _TANDEM_SOURCE 1
| #define _HPUX_ALT_XOPEN_SOCKET_API 1
| #define HAVE_DECL_STRERROR_R 1
| #define HAVE_STRERROR_R 1
| #define STRERROR_R_CHAR_P 1
| #define HAVE_GETOPT_H 1
| #define HAVE_SYS_CDEFS_H 1
| #define HAVE_SYS_TIME_H 1
| #define HAVE_SYS_SOCKET_H 1
| #define HAVE_LIMITS_H 1
| #define HAVE_WCHAR_H 1
| #define HAVE_STDINT_H 1
| #define HAVE_INTTYPES_H 1
| #define HAVE_SYS_RESOURCE_H 1
| #define HAVE_SYS_WAIT_H 1
| #define HAVE_UNISTD_H 1
| #define HAVE_GETOPT_H 1
| #define HAVE_GETOPT_LONG_ONLY 1
| /* end confdefs.h.  */
| /* Define getexecname to an innocuous variant, in case <limits.h> declares getexecname.
|    For example, HP-UX 11i <limits.h> declares gettimeofday.  */
| #define getexecname innocuous_getexecname
| 
| /* System header to define __stub macros and hopefully few prototypes,
|     which can conflict with char getexecname (); below.
|     Prefer <limits.h> to <assert.h> if __STDC__ is defined, since
|     <limits.h> exists even on freestanding compilers.  */
| 
| #ifdef __STDC__
| # include <limits.h>
| #else
| # include <assert.h>
| #endif
| 
| #undef getexecname
| 
| /* Override any GCC internal prototype to avoid an error.
|    Use char because int might match the return type of a GCC
|    builtin and then its argument prototype would still apply.  */
| #ifdef __cplusplus
| extern "C"
| #endif
| char getexecname ();
| /* The GNU C library defines this for functions which it implements
|     to always fail with ENOSYS.  Some functions are actually named
|     something starting with __ and the normal name is an alias.  */
| #if defined __stub_getexecname || defined __stub___getexecname
| choke me
| #endif
| 
| int
| main ()
| {
| return getexecname ();
|   ;
|   return 0;
| }
configure:7559: result: no
configure:7559: checking for getrusage
configure:7559: gcc -o conftest -finstrument-functions -g -O0   conftest.c  >&5
configure:7559: $? = 0
configure:7559: result: yes
configure:7559: checking for gettimeofday
configure:7559: gcc -o conftest -finstrument-functions -g -O0   conftest.c  >&5
configure:7559: $? = 0
configure:7559: result: yes
configure:7559: checking for _set_invalid_parameter_handler
configure:7559: gcc -o conftest -finstrument-functions -g -O0   conftest.c  >&5
/usr/bin/ld: /tmp/ccCOjsD6.o: in function `main':
/root/SmartC2Rust/macro/trans_re_0000/time-1.9/conftest.c:97: undefined reference to `_set_invalid_parameter_handler'
collect2: error: ld returned 1 exit status
configure:7559: $? = 1
configure: failed program was:
| /* confdefs.h */
| #define PACKAGE_NAME "GNU Time"
| #define PACKAGE_NAME "GNU Time"
| #define PACKAGE_TARNAME "time"
| #define PACKAGE_TARNAME "time"
| #define PACKAGE_VERSION "1.9"
| #define PACKAGE_VERSION "1.9"
| #define PACKAGE_STRING "GNU Time 1.9"
| #define PACKAGE_STRING "GNU Time 1.9"
| #define PACKAGE_BUGREPORT "bug-time@gnu.org"
| #define PACKAGE_BUGREPORT "bug-time@gnu.org"
| #define PACKAGE_URL "https://www.gnu.org/software/time/"
| #define PACKAGE_URL "https://www.gnu.org/software/time/"
| #define PACKAGE "time"
| #define VERSION "1.9"
| #define PACKAGE "time"
| #define VERSION "1.9"
| #define STDC_HEADERS 1
| #define HAVE_SYS_TYPES_H 1
| #define HAVE_SYS_STAT_H 1
| #define HAVE_STDLIB_H 1
| #define HAVE_STRING_H 1
| #define HAVE_MEMORY_H 1
| #define HAVE_STRINGS_H 1
| #define HAVE_INTTYPES_H 1
| #define HAVE_STDINT_H 1
| #define HAVE_UNISTD_H 1
| #define __EXTENSIONS__ 1
| #define _ALL_SOURCE 1
| #define _DARWIN_C_SOURCE 1
| #define _GNU_SOURCE 1
| #define _NETBSD_SOURCE 1
| #define _OPENBSD_SOURCE 1
| #define _POSIX_PTHREAD_SEMANTICS 1
| #define __STDC_WANT_IEC_60559_ATTRIBS_EXT__ 1
| #define __STDC_WANT_IEC_60559_BFP_EXT__ 1
| #define __STDC_WANT_IEC_60559_DFP_EXT__ 1
| #define __STDC_WANT_IEC_60559_FUNCS_EXT__ 1
| #define __STDC_WANT_IEC_60559_TYPES_EXT__ 1
| #define __STDC_WANT_LIB_EXT2__ 1
| #define __STDC_WANT_MATH_SPEC_FUNCS__ 1
| #define _TANDEM_SOURCE 1
| #define _HPUX_ALT_XOPEN_SOCKET_API 1
| #define HAVE_DECL_STRERROR_R 1
| #define HAVE_STRERROR_R 1
| #define STRERROR_R_CHAR_P 1
| #define HAVE_GETOPT_H 1
| #define HAVE_SYS_CDEFS_H 1
| #define HAVE_SYS_TIME_H 1
| #define HAVE_SYS_SOCKET_H 1
| #define HAVE_LIMITS_H 1
| #define HAVE_WCHAR_H 1
| #define HAVE_STDINT_H 1
| #define HAVE_INTTYPES_H 1
| #define HAVE_SYS_RESOURCE_H 1
| #define HAVE_SYS_WAIT_H 1
| #define HAVE_UNISTD_H 1
| #define HAVE_GETOPT_H 1
| #define HAVE_GETOPT_LONG_ONLY 1
| #define HAVE_GETRUSAGE 1
| #define HAVE_GETTIMEOFDAY 1
| /* end confdefs.h.  */
| /* Define _set_invalid_parameter_handler to an innocuous variant, in case <limits.h> declares _set_invalid_parameter_handler.
|    For example, HP-UX 11i <limits.h> declares gettimeofday.  */
| #define _set_invalid_parameter_handler innocuous__set_invalid_parameter_handler
| 
| /* System header to define __stub macros and hopefully few prototypes,
|     which can conflict with char _set_invalid_parameter_handler (); below.
|     Prefer <limits.h> to <assert.h> if __STDC__ is defined, since
|     <limits.h> exists even on freestanding compilers.  */
| 
| #ifdef __STDC__
| # include <limits.h>
| #else
| # include <assert.h>
| #endif
| 
| #undef _set_invalid_parameter_handler
| 
| /* Override any GCC internal prototype to avoid an error.
|    Use char because int might match the return type of a GCC
|    builtin and then its argument prototype would still apply.  */
| #ifdef __cplusplus
| extern "C"
| #endif
| char _set_invalid_parameter_handler ();
| /* The GNU C library defines this for functions which it implements
|     to always fail with ENOSYS.  Some functions are actually named
|     something starting with __ and the normal name is an alias.  */
| #if defined __stub__set_invalid_parameter_handler || defined __stub____set_invalid_parameter_handler
| choke me
| #endif
| 
| int
| main ()
| {
| return _set_invalid_parameter_handler ();
|   ;
|   return 0;
| }
configure:7559: result: no
configure:7586: checking for C/C++ restrict keyword
configure:7613: gcc -c -finstrument-functions -g -O0  conftest.c >&5
configure:7613: $? = 0
configure:7621: result: __restrict
configure:7752: checking for struct timeval
configure:7775: gcc -c -finstrument-functions -g -O0  conftest.c >&5
configure:7775: $? = 0
configure:7783: result: yes
configure:7788: checking for wide-enough struct timeval.tv_sec member
configure:7815: gcc -c -finstrument-functions -g -O0  conftest.c >&5
configure:7815: $? = 0
configure:7823: result: yes
configure:7833: checking whether gettimeofday is declared without a macro
configure:7855: gcc -c -finstrument-functions -g -O0  conftest.c >&5
configure:7855: $? = 0
configure:7863: result: yes
configure:7937: checking host CPU and C ABI
configure:8008: gcc -c -finstrument-functions -g -O0  conftest.c >&5
configure:8008: $? = 0
configure:8018: gcc -c -finstrument-functions -g -O0  conftest.c >&5
conftest.c:68:20: error: unknown type name 'error'
   68 |                    error fail
      |                    ^~~~~
conftest.c:68:20: error: expected '=', ',', ';', 'asm' or '__attribute__' at end of input
configure:8018: $? = 1
configure: failed program was:
| /* confdefs.h */
| #define PACKAGE_NAME "GNU Time"
| #define PACKAGE_NAME "GNU Time"
| #define PACKAGE_TARNAME "time"
| #define PACKAGE_TARNAME "time"
| #define PACKAGE_VERSION "1.9"
| #define PACKAGE_VERSION "1.9"
| #define PACKAGE_STRING "GNU Time 1.9"
| #define PACKAGE_STRING "GNU Time 1.9"
| #define PACKAGE_BUGREPORT "bug-time@gnu.org"
| #define PACKAGE_BUGREPORT "bug-time@gnu.org"
| #define PACKAGE_URL "https://www.gnu.org/software/time/"
| #define PACKAGE_URL "https://www.gnu.org/software/time/"
| #define PACKAGE "time"
| #define VERSION "1.9"
| #define PACKAGE "time"
| #define VERSION "1.9"
| #define STDC_HEADERS 1
| #define HAVE_SYS_TYPES_H 1
| #define HAVE_SYS_STAT_H 1
| #define HAVE_STDLIB_H 1
| #define HAVE_STRING_H 1
| #define HAVE_MEMORY_H 1
| #define HAVE_STRINGS_H 1
| #define HAVE_INTTYPES_H 1
| #define HAVE_STDINT_H 1
| #define HAVE_UNISTD_H 1
| #define __EXTENSIONS__ 1
| #define _ALL_SOURCE 1
| #define _DARWIN_C_SOURCE 1
| #define _GNU_SOURCE 1
| #define _NETBSD_SOURCE 1
| #define _OPENBSD_SOURCE 1
| #define _POSIX_PTHREAD_SEMANTICS 1
| #define __STDC_WANT_IEC_60559_ATTRIBS_EXT__ 1
| #define __STDC_WANT_IEC_60559_BFP_EXT__ 1
| #define __STDC_WANT_IEC_60559_DFP_EXT__ 1
| #define __STDC_WANT_IEC_60559_FUNCS_EXT__ 1
| #define __STDC_WANT_IEC_60559_TYPES_EXT__ 1
| #define __STDC_WANT_LIB_EXT2__ 1
| #define __STDC_WANT_MATH_SPEC_FUNCS__ 1
| #define _TANDEM_SOURCE 1
| #define _HPUX_ALT_XOPEN_SOCKET_API 1
| #define HAVE_DECL_STRERROR_R 1
| #define HAVE_STRERROR_R 1
| #define STRERROR_R_CHAR_P 1
| #define HAVE_GETOPT_H 1
| #define HAVE_SYS_CDEFS_H 1
| #define HAVE_SYS_TIME_H 1
| #define HAVE_SYS_SOCKET_H 1
| #define HAVE_LIMITS_H 1
| #define HAVE_WCHAR_H 1
| #define HAVE_STDINT_H 1
| #define HAVE_INTTYPES_H 1
| #define HAVE_SYS_RESOURCE_H 1
| #define HAVE_SYS_WAIT_H 1
| #define HAVE_UNISTD_H 1
| #define HAVE_GETOPT_H 1
| #define HAVE_GETOPT_LONG_ONLY 1
| #define HAVE_GETRUSAGE 1
| #define HAVE_GETTIMEOFDAY 1
| #define restrict __restrict
| #define HAVE_RAW_DECL_GETTIMEOFDAY 1
| /* end confdefs.h.  */
| #if defined __ILP32__ || defined _ILP32
|                    int ok;
|                   #else
|                    error fail
|                   #endif
| 
configure:8224: result: arm64
configure:8329: checking whether limits.h has ULLONG_WIDTH etc.
configure:8349: gcc -c -finstrument-functions -g -O0  conftest.c >&5
configure:8349: $? = 0
configure:8356: result: yes
configure:8374: checking for wint_t
configure:8399: gcc -c -finstrument-functions -g -O0  conftest.c >&5
configure:8399: $? = 0
configure:8406: result: yes
configure:8413: checking whether wint_t is too small
configure:8441: gcc -c -finstrument-functions -g -O0  conftest.c >&5
configure:8441: $? = 0
configure:8448: result: no
configure:8461: checking for unsigned long long int
configure:8509: result: yes
configure:8519: checking for long long int
configure:8569: result: yes
configure:8591: gcc -c -finstrument-functions -g -O0  conftest.c >&5
conftest.c:75:10: error: unknown type name 'not'
   75 |          not a universal capable compiler
      |          ^~~
conftest.c:75:16: error: expected '=', ',', ';', 'asm' or '__attribute__' before 'universal'
   75 |          not a universal capable compiler
      |                ^~~~~~~~~
conftest.c:75:16: error: unknown type name 'universal'
configure:8591: $? = 1
configure: failed program was:
| /* confdefs.h */
| #define PACKAGE_NAME "GNU Time"
| #define PACKAGE_NAME "GNU Time"
| #define PACKAGE_TARNAME "time"
| #define PACKAGE_TARNAME "time"
| #define PACKAGE_VERSION "1.9"
| #define PACKAGE_VERSION "1.9"
| #define PACKAGE_STRING "GNU Time 1.9"
| #define PACKAGE_STRING "GNU Time 1.9"
| #define PACKAGE_BUGREPORT "bug-time@gnu.org"
| #define PACKAGE_BUGREPORT "bug-time@gnu.org"
| #define PACKAGE_URL "https://www.gnu.org/software/time/"
| #define PACKAGE_URL "https://www.gnu.org/software/time/"
| #define PACKAGE "time"
| #define VERSION "1.9"
| #define PACKAGE "time"
| #define VERSION "1.9"
| #define STDC_HEADERS 1
| #define HAVE_SYS_TYPES_H 1
| #define HAVE_SYS_STAT_H 1
| #define HAVE_STDLIB_H 1
| #define HAVE_STRING_H 1
| #define HAVE_MEMORY_H 1
| #define HAVE_STRINGS_H 1
| #define HAVE_INTTYPES_H 1
| #define HAVE_STDINT_H 1
| #define HAVE_UNISTD_H 1
| #define __EXTENSIONS__ 1
| #define _ALL_SOURCE 1
| #define _DARWIN_C_SOURCE 1
| #define _GNU_SOURCE 1
| #define _NETBSD_SOURCE 1
| #define _OPENBSD_SOURCE 1
| #define _POSIX_PTHREAD_SEMANTICS 1
| #define __STDC_WANT_IEC_60559_ATTRIBS_EXT__ 1
| #define __STDC_WANT_IEC_60559_BFP_EXT__ 1
| #define __STDC_WANT_IEC_60559_DFP_EXT__ 1
| #define __STDC_WANT_IEC_60559_FUNCS_EXT__ 1
| #define __STDC_WANT_IEC_60559_TYPES_EXT__ 1
| #define __STDC_WANT_LIB_EXT2__ 1
| #define __STDC_WANT_MATH_SPEC_FUNCS__ 1
| #define _TANDEM_SOURCE 1
| #define _HPUX_ALT_XOPEN_SOCKET_API 1
| #define HAVE_DECL_STRERROR_R 1
| #define HAVE_STRERROR_R 1
| #define STRERROR_R_CHAR_P 1
| #define HAVE_GETOPT_H 1
| #define HAVE_SYS_CDEFS_H 1
| #define HAVE_SYS_TIME_H 1
| #define HAVE_SYS_SOCKET_H 1
| #define HAVE_LIMITS_H 1
| #define HAVE_WCHAR_H 1
| #define HAVE_STDINT_H 1
| #define HAVE_INTTYPES_H 1
| #define HAVE_SYS_RESOURCE_H 1
| #define HAVE_SYS_WAIT_H 1
| #define HAVE_UNISTD_H 1
| #define HAVE_GETOPT_H 1
| #define HAVE_GETOPT_LONG_ONLY 1
| #define HAVE_GETRUSAGE 1
| #define HAVE_GETTIMEOFDAY 1
| #define restrict __restrict
| #define HAVE_RAW_DECL_GETTIMEOFDAY 1
| #ifndef __arm64__
| #define __arm64__ 1
| #endif
| #ifndef __arm64__
| #define __arm64__ 1
| #endif
| #define HAVE_WINT_T 1
| #define HAVE_UNSIGNED_LONG_LONG_INT 1
| #define HAVE_LONG_LONG_INT 1
| /* end confdefs.h.  */
| #ifndef __APPLE_CC__
|          not a universal capable compiler
|         #endif
|         typedef int dummy;
| 
configure:8751: checking whether stdint.h conforms to C99
configure:8931: gcc -c -finstrument-functions -g -O0  conftest.c >&5
configure:8931: $? = 0
configure:9018: gcc -o conftest -finstrument-functions -g -O0   conftest.c  >&5
configure:9018: $? = 0
configure:9018: ./conftest
configure:9018: $? = 0
configure:9030: result: yes
configure:9041: checking whether stdint.h predates C++11
configure:9077: gcc -c -finstrument-functions -g -O0  conftest.c >&5
configure:9077: $? = 0
configure:9082: result: no
configure:9093: checking whether stdint.h has UINTMAX_WIDTH etc.
configure:9129: gcc -c -finstrument-functions -g -O0  conftest.c >&5
configure:9129: $? = 0
configure:9134: result: yes
configure:9594: checking whether imaxabs is declared without a macro
configure:9612: gcc -c -finstrument-functions -g -O0  conftest.c >&5
configure:9612: $? = 0
configure:9620: result: yes
configure:9594: checking whether imaxdiv is declared without a macro
configure:9612: gcc -c -finstrument-functions -g -O0  conftest.c >&5
configure:9612: $? = 0
configure:9620: result: yes
configure:9594: checking whether strtoimax is declared without a macro
configure:9612: gcc -c -finstrument-functions -g -O0  conftest.c >&5
configure:9612: $? = 0
configure:9620: result: yes
configure:9594: checking whether strtoumax is declared without a macro
configure:9612: gcc -c -finstrument-functions -g -O0  conftest.c >&5
configure:9612: $? = 0
configure:9620: result: yes
configure:9635: checking for inttypes.h
configure:9635: result: yes
configure:9646: checking whether the inttypes.h PRIxNN macros are broken
configure:9668: gcc -c -finstrument-functions -g -O0  conftest.c >&5
configure:9668: $? = 0
configure:9676: result: no
configure:9691: checking for a sed that does not truncate output
configure:9755: result: /usr/bin/sed
configure:9846: checking whether malloc, realloc, calloc are POSIX compliant
configure:9866: gcc -c -finstrument-functions -g -O0  conftest.c >&5
configure:9866: $? = 0
configure:9874: result: yes
configure:9915: checking for sigset_t
configure:9915: gcc -c -finstrument-functions -g -O0  conftest.c >&5
configure:9915: $? = 0
configure:9915: gcc -c -finstrument-functions -g -O0  conftest.c >&5
conftest.c: In function 'main':
conftest.c:88:23: error: expected expression before ')' token
   88 | if (sizeof ((sigset_t)))
      |                       ^
configure:9915: $? = 1
configure: failed program was:
| /* confdefs.h */
| #define PACKAGE_NAME "GNU Time"
| #define PACKAGE_NAME "GNU Time"
| #define PACKAGE_TARNAME "time"
| #define PACKAGE_TARNAME "time"
| #define PACKAGE_VERSION "1.9"
| #define PACKAGE_VERSION "1.9"
| #define PACKAGE_STRING "GNU Time 1.9"
| #define PACKAGE_STRING "GNU Time 1.9"
| #define PACKAGE_BUGREPORT "bug-time@gnu.org"
| #define PACKAGE_BUGREPORT "bug-time@gnu.org"
| #define PACKAGE_URL "https://www.gnu.org/software/time/"
| #define PACKAGE_URL "https://www.gnu.org/software/time/"
| #define PACKAGE "time"
| #define VERSION "1.9"
| #define PACKAGE "time"
| #define VERSION "1.9"
| #define STDC_HEADERS 1
| #define HAVE_SYS_TYPES_H 1
| #define HAVE_SYS_STAT_H 1
| #define HAVE_STDLIB_H 1
| #define HAVE_STRING_H 1
| #define HAVE_MEMORY_H 1
| #define HAVE_STRINGS_H 1
| #define HAVE_INTTYPES_H 1
| #define HAVE_STDINT_H 1
| #define HAVE_UNISTD_H 1
| #define __EXTENSIONS__ 1
| #define _ALL_SOURCE 1
| #define _DARWIN_C_SOURCE 1
| #define _GNU_SOURCE 1
| #define _NETBSD_SOURCE 1
| #define _OPENBSD_SOURCE 1
| #define _POSIX_PTHREAD_SEMANTICS 1
| #define __STDC_WANT_IEC_60559_ATTRIBS_EXT__ 1
| #define __STDC_WANT_IEC_60559_BFP_EXT__ 1
| #define __STDC_WANT_IEC_60559_DFP_EXT__ 1
| #define __STDC_WANT_IEC_60559_FUNCS_EXT__ 1
| #define __STDC_WANT_IEC_60559_TYPES_EXT__ 1
| #define __STDC_WANT_LIB_EXT2__ 1
| #define __STDC_WANT_MATH_SPEC_FUNCS__ 1
| #define _TANDEM_SOURCE 1
| #define _HPUX_ALT_XOPEN_SOCKET_API 1
| #define HAVE_DECL_STRERROR_R 1
| #define HAVE_STRERROR_R 1
| #define STRERROR_R_CHAR_P 1
| #define HAVE_GETOPT_H 1
| #define HAVE_SYS_CDEFS_H 1
| #define HAVE_SYS_TIME_H 1
| #define HAVE_SYS_SOCKET_H 1
| #define HAVE_LIMITS_H 1
| #define HAVE_WCHAR_H 1
| #define HAVE_STDINT_H 1
| #define HAVE_INTTYPES_H 1
| #define HAVE_SYS_RESOURCE_H 1
| #define HAVE_SYS_WAIT_H 1
| #define HAVE_UNISTD_H 1
| #define HAVE_GETOPT_H 1
| #define HAVE_GETOPT_LONG_ONLY 1
| #define HAVE_GETRUSAGE 1
| #define HAVE_GETTIMEOFDAY 1
| #define restrict __restrict
| #define HAVE_RAW_DECL_GETTIMEOFDAY 1
| #ifndef __arm64__
| #define __arm64__ 1
| #endif
| #ifndef __arm64__
| #define __arm64__ 1
| #endif
| #define HAVE_WINT_T 1
| #define HAVE_UNSIGNED_LONG_LONG_INT 1
| #define HAVE_LONG_LONG_INT 1
| #define HAVE_RAW_DECL_IMAXABS 1
| #define HAVE_RAW_DECL_IMAXDIV 1
| #define HAVE_RAW_DECL_STRTOIMAX 1
| #define HAVE_RAW_DECL_STRTOUMAX 1
| #define HAVE_INTTYPES_H 1
| /* end confdefs.h.  */
| 
|       #include <signal.h>
|       /* Mingw defines sigset_t not in <signal.h>, but in <sys/types.h>.  */
|       #include <sys/types.h>
| 
| 
| int
| main ()
| {
| if (sizeof ((sigset_t)))
| 	    return 0;
|   ;
|   return 0;
| }
configure:9915: result: yes
configure:9936: checking for pid_t
configure:9936: gcc -c -finstrument-functions -g -O0  conftest.c >&5
configure:9936: $? = 0
configure:9936: gcc -c -finstrument-functions -g -O0  conftest.c >&5
conftest.c: In function 'main':
conftest.c:116:20: error: expected expression before ')' token
  116 | if (sizeof ((pid_t)))
      |                    ^
configure:9936: $? = 1
configure: failed program was:
| /* confdefs.h */
| #define PACKAGE_NAME "GNU Time"
| #define PACKAGE_NAME "GNU Time"
| #define PACKAGE_TARNAME "time"
| #define PACKAGE_TARNAME "time"
| #define PACKAGE_VERSION "1.9"
| #define PACKAGE_VERSION "1.9"
| #define PACKAGE_STRING "GNU Time 1.9"
| #define PACKAGE_STRING "GNU Time 1.9"
| #define PACKAGE_BUGREPORT "bug-time@gnu.org"
| #define PACKAGE_BUGREPORT "bug-time@gnu.org"
| #define PACKAGE_URL "https://www.gnu.org/software/time/"
| #define PACKAGE_URL "https://www.gnu.org/software/time/"
| #define PACKAGE "time"
| #define VERSION "1.9"
| #define PACKAGE "time"
| #define VERSION "1.9"
| #define STDC_HEADERS 1
| #define HAVE_SYS_TYPES_H 1
| #define HAVE_SYS_STAT_H 1
| #define HAVE_STDLIB_H 1
| #define HAVE_STRING_H 1
| #define HAVE_MEMORY_H 1
| #define HAVE_STRINGS_H 1
| #define HAVE_INTTYPES_H 1
| #define HAVE_STDINT_H 1
| #define HAVE_UNISTD_H 1
| #define __EXTENSIONS__ 1
| #define _ALL_SOURCE 1
| #define _DARWIN_C_SOURCE 1
| #define _GNU_SOURCE 1
| #define _NETBSD_SOURCE 1
| #define _OPENBSD_SOURCE 1
| #define _POSIX_PTHREAD_SEMANTICS 1
| #define __STDC_WANT_IEC_60559_ATTRIBS_EXT__ 1
| #define __STDC_WANT_IEC_60559_BFP_EXT__ 1
| #define __STDC_WANT_IEC_60559_DFP_EXT__ 1
| #define __STDC_WANT_IEC_60559_FUNCS_EXT__ 1
| #define __STDC_WANT_IEC_60559_TYPES_EXT__ 1
| #define __STDC_WANT_LIB_EXT2__ 1
| #define __STDC_WANT_MATH_SPEC_FUNCS__ 1
| #define _TANDEM_SOURCE 1
| #define _HPUX_ALT_XOPEN_SOCKET_API 1
| #define HAVE_DECL_STRERROR_R 1
| #define HAVE_STRERROR_R 1
| #define STRERROR_R_CHAR_P 1
| #define HAVE_GETOPT_H 1
| #define HAVE_SYS_CDEFS_H 1
| #define HAVE_SYS_TIME_H 1
| #define HAVE_SYS_SOCKET_H 1
| #define HAVE_LIMITS_H 1
| #define HAVE_WCHAR_H 1
| #define HAVE_STDINT_H 1
| #define HAVE_INTTYPES_H 1
| #define HAVE_SYS_RESOURCE_H 1
| #define HAVE_SYS_WAIT_H 1
| #define HAVE_UNISTD_H 1
| #define HAVE_GETOPT_H 1
| #define HAVE_GETOPT_LONG_ONLY 1
| #define HAVE_GETRUSAGE 1
| #define HAVE_GETTIMEOFDAY 1
| #define restrict __restrict
| #define HAVE_RAW_DECL_GETTIMEOFDAY 1
| #ifndef __arm64__
| #define __arm64__ 1
| #endif
| #ifndef __arm64__
| #define __arm64__ 1
| #endif
| #define HAVE_WINT_T 1
| #define HAVE_UNSIGNED_LONG_LONG_INT 1
| #define HAVE_LONG_LONG_INT 1
| #define HAVE_RAW_DECL_IMAXABS 1
| #define HAVE_RAW_DECL_IMAXDIV 1
| #define HAVE_RAW_DECL_STRTOIMAX 1
| #define HAVE_RAW_DECL_STRTOUMAX 1
| #define HAVE_INTTYPES_H 1
| #define HAVE_SIGSET_T 1
| /* end confdefs.h.  */
| #include <stdio.h>
| #ifdef HAVE_SYS_TYPES_H
| # include <sys/types.h>
| #endif
| #ifdef HAVE_SYS_STAT_H
| # include <sys/stat.h>
| #endif
| #ifdef STDC_HEADERS
| # include <stdlib.h>
| # include <stddef.h>
| #else
| # ifdef HAVE_STDLIB_H
| #  include <stdlib.h>
| # endif
| #endif
| #ifdef HAVE_STRING_H
| # if !defined STDC_HEADERS && defined HAVE_MEMORY_H
| #  include <memory.h>
| # endif
| # include <string.h>
| #endif
| #ifdef HAVE_STRINGS_H
| # include <strings.h>
| #endif
| #ifdef HAVE_INTTYPES_H
| # include <inttypes.h>
| #endif
| #ifdef HAVE_STDINT_H
| # include <stdint.h>
| #endif
| #ifdef HAVE_UNISTD_H
| # include <unistd.h>
| #endif
| int
| main ()
| {
| if (sizeof ((pid_t)))
| 	    return 0;
|   ;
|   return 0;
| }
configure:9936: result: yes
configure:9947: checking for uid_t in sys/types.h
configure:9966: result: yes
configure:9977: checking for stdbool.h that conforms to C99
configure:10052: gcc -c -finstrument-functions -g -O0  conftest.c >&5
configure:10052: $? = 0
configure:10059: result: yes
configure:10061: checking for _Bool
configure:10061: gcc -c -finstrument-functions -g -O0  conftest.c >&5
configure:10061: $? = 0
configure:10061: gcc -c -finstrument-functions -g -O0  conftest.c >&5
conftest.c: In function 'main':
conftest.c:116:20: error: expected expression before ')' token
  116 | if (sizeof ((_Bool)))
      |                    ^
configure:10061: $? = 1
configure: failed program was:
| /* confdefs.h */
| #define PACKAGE_NAME "GNU Time"
| #define PACKAGE_NAME "GNU Time"
| #define PACKAGE_TARNAME "time"
| #define PACKAGE_TARNAME "time"
| #define PACKAGE_VERSION "1.9"
| #define PACKAGE_VERSION "1.9"
| #define PACKAGE_STRING "GNU Time 1.9"
| #define PACKAGE_STRING "GNU Time 1.9"
| #define PACKAGE_BUGREPORT "bug-time@gnu.org"
| #define PACKAGE_BUGREPORT "bug-time@gnu.org"
| #define PACKAGE_URL "https://www.gnu.org/software/time/"
| #define PACKAGE_URL "https://www.gnu.org/software/time/"
| #define PACKAGE "time"
| #define VERSION "1.9"
| #define PACKAGE "time"
| #define VERSION "1.9"
| #define STDC_HEADERS 1
| #define HAVE_SYS_TYPES_H 1
| #define HAVE_SYS_STAT_H 1
| #define HAVE_STDLIB_H 1
| #define HAVE_STRING_H 1
| #define HAVE_MEMORY_H 1
| #define HAVE_STRINGS_H 1
| #define HAVE_INTTYPES_H 1
| #define HAVE_STDINT_H 1
| #define HAVE_UNISTD_H 1
| #define __EXTENSIONS__ 1
| #define _ALL_SOURCE 1
| #define _DARWIN_C_SOURCE 1
| #define _GNU_SOURCE 1
| #define _NETBSD_SOURCE 1
| #define _OPENBSD_SOURCE 1
| #define _POSIX_PTHREAD_SEMANTICS 1
| #define __STDC_WANT_IEC_60559_ATTRIBS_EXT__ 1
| #define __STDC_WANT_IEC_60559_BFP_EXT__ 1
| #define __STDC_WANT_IEC_60559_DFP_EXT__ 1
| #define __STDC_WANT_IEC_60559_FUNCS_EXT__ 1
| #define __STDC_WANT_IEC_60559_TYPES_EXT__ 1
| #define __STDC_WANT_LIB_EXT2__ 1
| #define __STDC_WANT_MATH_SPEC_FUNCS__ 1
| #define _TANDEM_SOURCE 1
| #define _HPUX_ALT_XOPEN_SOCKET_API 1
| #define HAVE_DECL_STRERROR_R 1
| #define HAVE_STRERROR_R 1
| #define STRERROR_R_CHAR_P 1
| #define HAVE_GETOPT_H 1
| #define HAVE_SYS_CDEFS_H 1
| #define HAVE_SYS_TIME_H 1
| #define HAVE_SYS_SOCKET_H 1
| #define HAVE_LIMITS_H 1
| #define HAVE_WCHAR_H 1
| #define HAVE_STDINT_H 1
| #define HAVE_INTTYPES_H 1
| #define HAVE_SYS_RESOURCE_H 1
| #define HAVE_SYS_WAIT_H 1
| #define HAVE_UNISTD_H 1
| #define HAVE_GETOPT_H 1
| #define HAVE_GETOPT_LONG_ONLY 1
| #define HAVE_GETRUSAGE 1
| #define HAVE_GETTIMEOFDAY 1
| #define restrict __restrict
| #define HAVE_RAW_DECL_GETTIMEOFDAY 1
| #ifndef __arm64__
| #define __arm64__ 1
| #endif
| #ifndef __arm64__
| #define __arm64__ 1
| #endif
| #define HAVE_WINT_T 1
| #define HAVE_UNSIGNED_LONG_LONG_INT 1
| #define HAVE_LONG_LONG_INT 1
| #define HAVE_RAW_DECL_IMAXABS 1
| #define HAVE_RAW_DECL_IMAXDIV 1
| #define HAVE_RAW_DECL_STRTOIMAX 1
| #define HAVE_RAW_DECL_STRTOUMAX 1
| #define HAVE_INTTYPES_H 1
| #define HAVE_SIGSET_T 1
| /* end confdefs.h.  */
| #include <stdio.h>
| #ifdef HAVE_SYS_TYPES_H
| # include <sys/types.h>
| #endif
| #ifdef HAVE_SYS_STAT_H
| # include <sys/stat.h>
| #endif
| #ifdef STDC_HEADERS
| # include <stdlib.h>
| # include <stddef.h>
| #else
| # ifdef HAVE_STDLIB_H
| #  include <stdlib.h>
| # endif
| #endif
| #ifdef HAVE_STRING_H
| # if !defined STDC_HEADERS && defined HAVE_MEMORY_H
| #  include <memory.h>
| # endif
| # include <string.h>
| #endif
| #ifdef HAVE_STRINGS_H
| # include <strings.h>
| #endif
| #ifdef HAVE_INTTYPES_H
| # include <inttypes.h>
| #endif
| #ifdef HAVE_STDINT_H
| # include <stdint.h>
| #endif
| #ifdef HAVE_UNISTD_H
| # include <unistd.h>
| #endif
| int
| main ()
| {
| if (sizeof ((_Bool)))
| 	    return 0;
|   ;
|   return 0;
| }
configure:10061: result: yes
configure:10078: checking for wchar_t
configure:10095: gcc -c -finstrument-functions -g -O0  conftest.c >&5
configure:10095: $? = 0
configure:10102: result: yes
configure:10292: checking whether strerror(0) succeeds
configure:10329: gcc -o conftest -finstrument-functions -g -O0   conftest.c  >&5
configure:10329: $? = 0
configure:10329: ./conftest
configure:10329: $? = 0
configure:10340: result: yes
configure:10430: checking whether ffsl is declared without a macro
configure:10448: gcc -c -finstrument-functions -g -O0  conftest.c >&5
configure:10448: $? = 0
configure:10456: result: yes
configure:10430: checking whether ffsll is declared without a macro
configure:10448: gcc -c -finstrument-functions -g -O0  conftest.c >&5
configure:10448: $? = 0
configure:10456: result: yes
configure:10430: checking whether memmem is declared without a macro
configure:10448: gcc -c -finstrument-functions -g -O0  conftest.c >&5
configure:10448: $? = 0
configure:10456: result: yes
configure:10430: checking whether mempcpy is declared without a macro
configure:10448: gcc -c -finstrument-functions -g -O0  conftest.c >&5
configure:10448: $? = 0
configure:10456: result: yes
configure:10430: checking whether memrchr is declared without a macro
configure:10448: gcc -c -finstrument-functions -g -O0  conftest.c >&5
configure:10448: $? = 0
configure:10456: result: yes
configure:10430: checking whether rawmemchr is declared without a macro
configure:10448: gcc -c -finstrument-functions -g -O0  conftest.c >&5
configure:10448: $? = 0
configure:10456: result: yes
configure:10430: checking whether stpcpy is declared without a macro
configure:10448: gcc -c -finstrument-functions -g -O0  conftest.c >&5
configure:10448: $? = 0
configure:10456: result: yes
configure:10430: checking whether stpncpy is declared without a macro
configure:10448: gcc -c -finstrument-functions -g -O0  conftest.c >&5
configure:10448: $? = 0
configure:10456: result: yes
configure:10430: checking whether strchrnul is declared without a macro
configure:10448: gcc -c -finstrument-functions -g -O0  conftest.c >&5
configure:10448: $? = 0
configure:10456: result: yes
configure:10430: checking whether strdup is declared without a macro
configure:10448: gcc -c -finstrument-functions -g -O0  conftest.c >&5
configure:10448: $? = 0
configure:10456: result: yes
configure:10430: checking whether strncat is declared without a macro
configure:10448: gcc -c -finstrument-functions -g -O0  conftest.c >&5
configure:10448: $? = 0
configure:10456: result: yes
configure:10430: checking whether strndup is declared without a macro
configure:10448: gcc -c -finstrument-functions -g -O0  conftest.c >&5
configure:10448: $? = 0
configure:10456: result: yes
configure:10430: checking whether strnlen is declared without a macro
configure:10448: gcc -c -finstrument-functions -g -O0  conftest.c >&5
configure:10448: $? = 0
configure:10456: result: yes
configure:10430: checking whether strpbrk is declared without a macro
configure:10448: gcc -c -finstrument-functions -g -O0  conftest.c >&5
configure:10448: $? = 0
configure:10456: result: yes
configure:10430: checking whether strsep is declared without a macro
configure:10448: gcc -c -finstrument-functions -g -O0  conftest.c >&5
configure:10448: $? = 0
configure:10456: result: yes
configure:10430: checking whether strcasestr is declared without a macro
configure:10448: gcc -c -finstrument-functions -g -O0  conftest.c >&5
configure:10448: $? = 0
configure:10456: result: yes
configure:10430: checking whether strtok_r is declared without a macro
configure:10448: gcc -c -finstrument-functions -g -O0  conftest.c >&5
configure:10448: $? = 0
configure:10456: result: yes
configure:10430: checking whether strerror_r is declared without a macro
configure:10448: gcc -c -finstrument-functions -g -O0  conftest.c >&5
configure:10448: $? = 0
configure:10456: result: yes
configure:10430: checking whether strsignal is declared without a macro
configure:10448: gcc -c -finstrument-functions -g -O0  conftest.c >&5
configure:10448: $? = 0
configure:10456: result: yes
configure:10430: checking whether strverscmp is declared without a macro
configure:10448: gcc -c -finstrument-functions -g -O0  conftest.c >&5
configure:10448: $? = 0
configure:10456: result: yes
configure:10472: checking for mode_t
configure:10472: gcc -c -finstrument-functions -g -O0  conftest.c >&5
configure:10472: $? = 0
configure:10472: gcc -c -finstrument-functions -g -O0  conftest.c >&5
conftest.c: In function 'main':
conftest.c:138:21: error: expected expression before ')' token
  138 | if (sizeof ((mode_t)))
      |                     ^
configure:10472: $? = 1
configure: failed program was:
| /* confdefs.h */
| #define PACKAGE_NAME "GNU Time"
| #define PACKAGE_NAME "GNU Time"
| #define PACKAGE_TARNAME "time"
| #define PACKAGE_TARNAME "time"
| #define PACKAGE_VERSION "1.9"
| #define PACKAGE_VERSION "1.9"
| #define PACKAGE_STRING "GNU Time 1.9"
| #define PACKAGE_STRING "GNU Time 1.9"
| #define PACKAGE_BUGREPORT "bug-time@gnu.org"
| #define PACKAGE_BUGREPORT "bug-time@gnu.org"
| #define PACKAGE_URL "https://www.gnu.org/software/time/"
| #define PACKAGE_URL "https://www.gnu.org/software/time/"
| #define PACKAGE "time"
| #define VERSION "1.9"
| #define PACKAGE "time"
| #define VERSION "1.9"
| #define STDC_HEADERS 1
| #define HAVE_SYS_TYPES_H 1
| #define HAVE_SYS_STAT_H 1
| #define HAVE_STDLIB_H 1
| #define HAVE_STRING_H 1
| #define HAVE_MEMORY_H 1
| #define HAVE_STRINGS_H 1
| #define HAVE_INTTYPES_H 1
| #define HAVE_STDINT_H 1
| #define HAVE_UNISTD_H 1
| #define __EXTENSIONS__ 1
| #define _ALL_SOURCE 1
| #define _DARWIN_C_SOURCE 1
| #define _GNU_SOURCE 1
| #define _NETBSD_SOURCE 1
| #define _OPENBSD_SOURCE 1
| #define _POSIX_PTHREAD_SEMANTICS 1
| #define __STDC_WANT_IEC_60559_ATTRIBS_EXT__ 1
| #define __STDC_WANT_IEC_60559_BFP_EXT__ 1
| #define __STDC_WANT_IEC_60559_DFP_EXT__ 1
| #define __STDC_WANT_IEC_60559_FUNCS_EXT__ 1
| #define __STDC_WANT_IEC_60559_TYPES_EXT__ 1
| #define __STDC_WANT_LIB_EXT2__ 1
| #define __STDC_WANT_MATH_SPEC_FUNCS__ 1
| #define _TANDEM_SOURCE 1
| #define _HPUX_ALT_XOPEN_SOCKET_API 1
| #define HAVE_DECL_STRERROR_R 1
| #define HAVE_STRERROR_R 1
| #define STRERROR_R_CHAR_P 1
| #define HAVE_GETOPT_H 1
| #define HAVE_SYS_CDEFS_H 1
| #define HAVE_SYS_TIME_H 1
| #define HAVE_SYS_SOCKET_H 1
| #define HAVE_LIMITS_H 1
| #define HAVE_WCHAR_H 1
| #define HAVE_STDINT_H 1
| #define HAVE_INTTYPES_H 1
| #define HAVE_SYS_RESOURCE_H 1
| #define HAVE_SYS_WAIT_H 1
| #define HAVE_UNISTD_H 1
| #define HAVE_GETOPT_H 1
| #define HAVE_GETOPT_LONG_ONLY 1
| #define HAVE_GETRUSAGE 1
| #define HAVE_GETTIMEOFDAY 1
| #define restrict __restrict
| #define HAVE_RAW_DECL_GETTIMEOFDAY 1
| #ifndef __arm64__
| #define __arm64__ 1
| #endif
| #ifndef __arm64__
| #define __arm64__ 1
| #endif
| #define HAVE_WINT_T 1
| #define HAVE_UNSIGNED_LONG_LONG_INT 1
| #define HAVE_LONG_LONG_INT 1
| #define HAVE_RAW_DECL_IMAXABS 1
| #define HAVE_RAW_DECL_IMAXDIV 1
| #define HAVE_RAW_DECL_STRTOIMAX 1
| #define HAVE_RAW_DECL_STRTOUMAX 1
| #define HAVE_INTTYPES_H 1
| #define HAVE_SIGSET_T 1
| #define HAVE__BOOL 1
| #define HAVE_WCHAR_T 1
| #define HAVE_RAW_DECL_FFSL 1
| #define HAVE_RAW_DECL_FFSLL 1
| #define HAVE_RAW_DECL_MEMMEM 1
| #define HAVE_RAW_DECL_MEMPCPY 1
| #define HAVE_RAW_DECL_MEMRCHR 1
| #define HAVE_RAW_DECL_RAWMEMCHR 1
| #define HAVE_RAW_DECL_STPCPY 1
| #define HAVE_RAW_DECL_STPNCPY 1
| #define HAVE_RAW_DECL_STRCHRNUL 1
| #define HAVE_RAW_DECL_STRDUP 1
| #define HAVE_RAW_DECL_STRNCAT 1
| #define HAVE_RAW_DECL_STRNDUP 1
| #define HAVE_RAW_DECL_STRNLEN 1
| #define HAVE_RAW_DECL_STRPBRK 1
| #define HAVE_RAW_DECL_STRSEP 1
| #define HAVE_RAW_DECL_STRCASESTR 1
| #define HAVE_RAW_DECL_STRTOK_R 1
| #define HAVE_RAW_DECL_STRERROR_R 1
| #define HAVE_RAW_DECL_STRSIGNAL 1
| #define HAVE_RAW_DECL_STRVERSCMP 1
| /* end confdefs.h.  */
| #include <stdio.h>
| #ifdef HAVE_SYS_TYPES_H
| # include <sys/types.h>
| #endif
| #ifdef HAVE_SYS_STAT_H
| # include <sys/stat.h>
| #endif
| #ifdef STDC_HEADERS
| # include <stdlib.h>
| # include <stddef.h>
| #else
| # ifdef HAVE_STDLIB_H
| #  include <stdlib.h>
| # endif
| #endif
| #ifdef HAVE_STRING_H
| # if !defined STDC_HEADERS && defined HAVE_MEMORY_H
| #  include <memory.h>
| # endif
| # include <string.h>
| #endif
| #ifdef HAVE_STRINGS_H
| # include <strings.h>
| #endif
| #ifdef HAVE_INTTYPES_H
| # include <inttypes.h>
| #endif
| #ifdef HAVE_STDINT_H
| # include <stdint.h>
| #endif
| #ifdef HAVE_UNISTD_H
| # include <unistd.h>
| #endif
| int
| main ()
| {
| if (sizeof ((mode_t)))
| 	    return 0;
|   ;
|   return 0;
| }
configure:10472: result: yes
configure:10585: checking for struct timespec in <time.h>
configure:10602: gcc -c -finstrument-functions -g -O0  conftest.c >&5
configure:10602: $? = 0
configure:10609: result: yes
configure:10821: checking whether // is distinct from /
configure:10850: result: no
configure:10860: checking for error_at_line
configure:10876: gcc -o conftest -finstrument-functions -g -O0   conftest.c  >&5
configure:10876: $? = 0
configure:10884: result: yes
configure:10975: checking for getpagesize
configure:10975: gcc -o conftest -finstrument-functions -g -O0   conftest.c  >&5
configure:10975: $? = 0
configure:10975: result: yes
configure:11022: checking whether getpagesize is declared
configure:11022: gcc -c -finstrument-functions -g -O0  conftest.c >&5
configure:11022: $? = 0
configure:11022: result: yes
configure:11061: checking whether program_invocation_name is declared
configure:11061: gcc -c -finstrument-functions -g -O0  conftest.c >&5
configure:11061: $? = 0
configure:11061: result: yes
configure:11076: checking whether program_invocation_short_name is declared
configure:11076: gcc -c -finstrument-functions -g -O0  conftest.c >&5
configure:11076: $? = 0
configure:11076: result: yes
configure:11091: checking whether __argv is declared
configure:11091: gcc -c -finstrument-functions -g -O0  conftest.c >&5
conftest.c: In function 'main':
conftest.c:116:10: error: '__argv' undeclared (first use in this function)
  116 |   (void) __argv;
      |          ^~~~~~
conftest.c:116:10: note: each undeclared identifier is reported only once for each function it appears in
configure:11091: $? = 1
configure: failed program was:
| /* confdefs.h */
| #define PACKAGE_NAME "GNU Time"
| #define PACKAGE_NAME "GNU Time"
| #define PACKAGE_TARNAME "time"
| #define PACKAGE_TARNAME "time"
| #define PACKAGE_VERSION "1.9"
| #define PACKAGE_VERSION "1.9"
| #define PACKAGE_STRING "GNU Time 1.9"
| #define PACKAGE_STRING "GNU Time 1.9"
| #define PACKAGE_BUGREPORT "bug-time@gnu.org"
| #define PACKAGE_BUGREPORT "bug-time@gnu.org"
| #define PACKAGE_URL "https://www.gnu.org/software/time/"
| #define PACKAGE_URL "https://www.gnu.org/software/time/"
| #define PACKAGE "time"
| #define VERSION "1.9"
| #define PACKAGE "time"
| #define VERSION "1.9"
| #define STDC_HEADERS 1
| #define HAVE_SYS_TYPES_H 1
| #define HAVE_SYS_STAT_H 1
| #define HAVE_STDLIB_H 1
| #define HAVE_STRING_H 1
| #define HAVE_MEMORY_H 1
| #define HAVE_STRINGS_H 1
| #define HAVE_INTTYPES_H 1
| #define HAVE_STDINT_H 1
| #define HAVE_UNISTD_H 1
| #define __EXTENSIONS__ 1
| #define _ALL_SOURCE 1
| #define _DARWIN_C_SOURCE 1
| #define _GNU_SOURCE 1
| #define _NETBSD_SOURCE 1
| #define _OPENBSD_SOURCE 1
| #define _POSIX_PTHREAD_SEMANTICS 1
| #define __STDC_WANT_IEC_60559_ATTRIBS_EXT__ 1
| #define __STDC_WANT_IEC_60559_BFP_EXT__ 1
| #define __STDC_WANT_IEC_60559_DFP_EXT__ 1
| #define __STDC_WANT_IEC_60559_FUNCS_EXT__ 1
| #define __STDC_WANT_IEC_60559_TYPES_EXT__ 1
| #define __STDC_WANT_LIB_EXT2__ 1
| #define __STDC_WANT_MATH_SPEC_FUNCS__ 1
| #define _TANDEM_SOURCE 1
| #define _HPUX_ALT_XOPEN_SOCKET_API 1
| #define HAVE_DECL_STRERROR_R 1
| #define HAVE_STRERROR_R 1
| #define STRERROR_R_CHAR_P 1
| #define HAVE_GETOPT_H 1
| #define HAVE_SYS_CDEFS_H 1
| #define HAVE_SYS_TIME_H 1
| #define HAVE_SYS_SOCKET_H 1
| #define HAVE_LIMITS_H 1
| #define HAVE_WCHAR_H 1
| #define HAVE_STDINT_H 1
| #define HAVE_INTTYPES_H 1
| #define HAVE_SYS_RESOURCE_H 1
| #define HAVE_SYS_WAIT_H 1
| #define HAVE_UNISTD_H 1
| #define HAVE_GETOPT_H 1
| #define HAVE_GETOPT_LONG_ONLY 1
| #define HAVE_GETRUSAGE 1
| #define HAVE_GETTIMEOFDAY 1
| #define restrict __restrict
| #define HAVE_RAW_DECL_GETTIMEOFDAY 1
| #ifndef __arm64__
| #define __arm64__ 1
| #endif
| #ifndef __arm64__
| #define __arm64__ 1
| #endif
| #define HAVE_WINT_T 1
| #define HAVE_UNSIGNED_LONG_LONG_INT 1
| #define HAVE_LONG_LONG_INT 1
| #define HAVE_RAW_DECL_IMAXABS 1
| #define HAVE_RAW_DECL_IMAXDIV 1
| #define HAVE_RAW_DECL_STRTOIMAX 1
| #define HAVE_RAW_DECL_STRTOUMAX 1
| #define HAVE_INTTYPES_H 1
| #define HAVE_SIGSET_T 1
| #define HAVE__BOOL 1
| #define HAVE_WCHAR_T 1
| #define HAVE_RAW_DECL_FFSL 1
| #define HAVE_RAW_DECL_FFSLL 1
| #define HAVE_RAW_DECL_MEMMEM 1
| #define HAVE_RAW_DECL_MEMPCPY 1
| #define HAVE_RAW_DECL_MEMRCHR 1
| #define HAVE_RAW_DECL_RAWMEMCHR 1
| #define HAVE_RAW_DECL_STPCPY 1
| #define HAVE_RAW_DECL_STPNCPY 1
| #define HAVE_RAW_DECL_STRCHRNUL 1
| #define HAVE_RAW_DECL_STRDUP 1
| #define HAVE_RAW_DECL_STRNCAT 1
| #define HAVE_RAW_DECL_STRNDUP 1
| #define HAVE_RAW_DECL_STRNLEN 1
| #define HAVE_RAW_DECL_STRPBRK 1
| #define HAVE_RAW_DECL_STRSEP 1
| #define HAVE_RAW_DECL_STRCASESTR 1
| #define HAVE_RAW_DECL_STRTOK_R 1
| #define HAVE_RAW_DECL_STRERROR_R 1
| #define HAVE_RAW_DECL_STRSIGNAL 1
| #define HAVE_RAW_DECL_STRVERSCMP 1
| #define _USE_STD_STAT 1
| #define HAVE_GETPAGESIZE 1
| #define GNULIB_TEST_GETPAGESIZE 1
| #define HAVE_DECL_PROGRAM_INVOCATION_NAME 1
| #define HAVE_DECL_PROGRAM_INVOCATION_SHORT_NAME 1
| /* end confdefs.h.  */
| #include <stdlib.h>
| 
| int
| main ()
| {
| #ifndef __argv
| #ifdef __cplusplus
|   (void) __argv;
| #else
|   (void) __argv;
| #endif
| #endif
| 
|   ;
|   return 0;
| }
configure:11091: result: no
configure:11200: checking whether gettimeofday clobbers localtime buffer
configure:11241: gcc -o conftest -finstrument-functions -g -O0   conftest.c  >&5
configure:11241: $? = 0
configure:11241: ./conftest
configure:11241: $? = 0
configure:11251: result: no
configure:11270: checking for gettimeofday with POSIX signature
configure:11298: gcc -c -finstrument-functions -g -O0  conftest.c >&5
configure:11298: $? = 0
configure:11323: result: yes
configure:11409: gcc -c -finstrument-functions -g -O0  conftest.c >&5
conftest.c:113:23: error: conflicting types for 'foo'; have 'int'
  113 |            extern int foo;
      |                       ^~~
conftest.c:112:28: note: previous declaration of 'foo' with type 'intptr_t' {aka 'long int'}
  112 |            extern intptr_t foo;
      |                            ^~~
configure:11409: $? = 1
configure: failed program was:
| /* confdefs.h */
| #define PACKAGE_NAME "GNU Time"
| #define PACKAGE_NAME "GNU Time"
| #define PACKAGE_TARNAME "time"
| #define PACKAGE_TARNAME "time"
| #define PACKAGE_VERSION "1.9"
| #define PACKAGE_VERSION "1.9"
| #define PACKAGE_STRING "GNU Time 1.9"
| #define PACKAGE_STRING "GNU Time 1.9"
| #define PACKAGE_BUGREPORT "bug-time@gnu.org"
| #define PACKAGE_BUGREPORT "bug-time@gnu.org"
| #define PACKAGE_URL "https://www.gnu.org/software/time/"
| #define PACKAGE_URL "https://www.gnu.org/software/time/"
| #define PACKAGE "time"
| #define VERSION "1.9"
| #define PACKAGE "time"
| #define VERSION "1.9"
| #define STDC_HEADERS 1
| #define HAVE_SYS_TYPES_H 1
| #define HAVE_SYS_STAT_H 1
| #define HAVE_STDLIB_H 1
| #define HAVE_STRING_H 1
| #define HAVE_MEMORY_H 1
| #define HAVE_STRINGS_H 1
| #define HAVE_INTTYPES_H 1
| #define HAVE_STDINT_H 1
| #define HAVE_UNISTD_H 1
| #define __EXTENSIONS__ 1
| #define _ALL_SOURCE 1
| #define _DARWIN_C_SOURCE 1
| #define _GNU_SOURCE 1
| #define _NETBSD_SOURCE 1
| #define _OPENBSD_SOURCE 1
| #define _POSIX_PTHREAD_SEMANTICS 1
| #define __STDC_WANT_IEC_60559_ATTRIBS_EXT__ 1
| #define __STDC_WANT_IEC_60559_BFP_EXT__ 1
| #define __STDC_WANT_IEC_60559_DFP_EXT__ 1
| #define __STDC_WANT_IEC_60559_FUNCS_EXT__ 1
| #define __STDC_WANT_IEC_60559_TYPES_EXT__ 1
| #define __STDC_WANT_LIB_EXT2__ 1
| #define __STDC_WANT_MATH_SPEC_FUNCS__ 1
| #define _TANDEM_SOURCE 1
| #define _HPUX_ALT_XOPEN_SOCKET_API 1
| #define HAVE_DECL_STRERROR_R 1
| #define HAVE_STRERROR_R 1
| #define STRERROR_R_CHAR_P 1
| #define HAVE_GETOPT_H 1
| #define HAVE_SYS_CDEFS_H 1
| #define HAVE_SYS_TIME_H 1
| #define HAVE_SYS_SOCKET_H 1
| #define HAVE_LIMITS_H 1
| #define HAVE_WCHAR_H 1
| #define HAVE_STDINT_H 1
| #define HAVE_INTTYPES_H 1
| #define HAVE_SYS_RESOURCE_H 1
| #define HAVE_SYS_WAIT_H 1
| #define HAVE_UNISTD_H 1
| #define HAVE_GETOPT_H 1
| #define HAVE_GETOPT_LONG_ONLY 1
| #define HAVE_GETRUSAGE 1
| #define HAVE_GETTIMEOFDAY 1
| #define restrict __restrict
| #define HAVE_RAW_DECL_GETTIMEOFDAY 1
| #ifndef __arm64__
| #define __arm64__ 1
| #endif
| #ifndef __arm64__
| #define __arm64__ 1
| #endif
| #define HAVE_WINT_T 1
| #define HAVE_UNSIGNED_LONG_LONG_INT 1
| #define HAVE_LONG_LONG_INT 1
| #define HAVE_RAW_DECL_IMAXABS 1
| #define HAVE_RAW_DECL_IMAXDIV 1
| #define HAVE_RAW_DECL_STRTOIMAX 1
| #define HAVE_RAW_DECL_STRTOUMAX 1
| #define HAVE_INTTYPES_H 1
| #define HAVE_SIGSET_T 1
| #define HAVE__BOOL 1
| #define HAVE_WCHAR_T 1
| #define HAVE_RAW_DECL_FFSL 1
| #define HAVE_RAW_DECL_FFSLL 1
| #define HAVE_RAW_DECL_MEMMEM 1
| #define HAVE_RAW_DECL_MEMPCPY 1
| #define HAVE_RAW_DECL_MEMRCHR 1
| #define HAVE_RAW_DECL_RAWMEMCHR 1
| #define HAVE_RAW_DECL_STPCPY 1
| #define HAVE_RAW_DECL_STPNCPY 1
| #define HAVE_RAW_DECL_STRCHRNUL 1
| #define HAVE_RAW_DECL_STRDUP 1
| #define HAVE_RAW_DECL_STRNCAT 1
| #define HAVE_RAW_DECL_STRNDUP 1
| #define HAVE_RAW_DECL_STRNLEN 1
| #define HAVE_RAW_DECL_STRPBRK 1
| #define HAVE_RAW_DECL_STRSEP 1
| #define HAVE_RAW_DECL_STRCASESTR 1
| #define HAVE_RAW_DECL_STRTOK_R 1
| #define HAVE_RAW_DECL_STRERROR_R 1
| #define HAVE_RAW_DECL_STRSIGNAL 1
| #define HAVE_RAW_DECL_STRVERSCMP 1
| #define _USE_STD_STAT 1
| #define HAVE_GETPAGESIZE 1
| #define GNULIB_TEST_GETPAGESIZE 1
| #define HAVE_DECL_PROGRAM_INVOCATION_NAME 1
| #define HAVE_DECL_PROGRAM_INVOCATION_SHORT_NAME 1
| #define HAVE_DECL___ARGV 0
| #define GNULIB_TEST_GETRUSAGE 1
| #define GETTIMEOFDAY_TIMEZONE void
| #define GNULIB_TEST_GETTIMEOFDAY 1
| /* end confdefs.h.  */
| #include <stdint.h>
|            extern intptr_t foo;
|            extern int foo;
| int
| main ()
| {
| 
|   ;
|   return 0;
| }
configure:11409: gcc -c -finstrument-functions -g -O0  conftest.c >&5
configure:11409: $? = 0
configure:11419: checking whether INT32_MAX < INTMAX_MAX
configure:11453: gcc -c -finstrument-functions -g -O0  conftest.c >&5
configure:11453: $? = 0
configure:11460: result: yes
configure:11471: checking whether INT64_MAX == LONG_MAX
configure:11505: gcc -c -finstrument-functions -g -O0  conftest.c >&5
configure:11505: $? = 0
configure:11512: result: yes
configure:11525: checking whether UINT32_MAX < UINTMAX_MAX
configure:11559: gcc -c -finstrument-functions -g -O0  conftest.c >&5
configure:11559: $? = 0
configure:11566: result: yes
configure:11577: checking whether UINT64_MAX == ULONG_MAX
configure:11611: gcc -c -finstrument-functions -g -O0  conftest.c >&5
configure:11611: $? = 0
configure:11618: result: yes
configure:11720: checking whether program_invocation_name is declared
configure:11720: result: yes
configure:11732: checking whether program_invocation_short_name is declared
configure:11732: result: yes
configure:11821: checking for volatile sig_atomic_t
configure:11821: gcc -c -finstrument-functions -g -O0  conftest.c >&5
configure:11821: $? = 0
configure:11821: gcc -c -finstrument-functions -g -O0  conftest.c >&5
conftest.c: In function 'main':
conftest.c:123:36: error: expected expression before ')' token
  123 | if (sizeof ((volatile sig_atomic_t)))
      |                                    ^
configure:11821: $? = 1
configure: failed program was:
| /* confdefs.h */
| #define PACKAGE_NAME "GNU Time"
| #define PACKAGE_NAME "GNU Time"
| #define PACKAGE_TARNAME "time"
| #define PACKAGE_TARNAME "time"
| #define PACKAGE_VERSION "1.9"
| #define PACKAGE_VERSION "1.9"
| #define PACKAGE_STRING "GNU Time 1.9"
| #define PACKAGE_STRING "GNU Time 1.9"
| #define PACKAGE_BUGREPORT "bug-time@gnu.org"
| #define PACKAGE_BUGREPORT "bug-time@gnu.org"
| #define PACKAGE_URL "https://www.gnu.org/software/time/"
| #define PACKAGE_URL "https://www.gnu.org/software/time/"
| #define PACKAGE "time"
| #define VERSION "1.9"
| #define PACKAGE "time"
| #define VERSION "1.9"
| #define STDC_HEADERS 1
| #define HAVE_SYS_TYPES_H 1
| #define HAVE_SYS_STAT_H 1
| #define HAVE_STDLIB_H 1
| #define HAVE_STRING_H 1
| #define HAVE_MEMORY_H 1
| #define HAVE_STRINGS_H 1
| #define HAVE_INTTYPES_H 1
| #define HAVE_STDINT_H 1
| #define HAVE_UNISTD_H 1
| #define __EXTENSIONS__ 1
| #define _ALL_SOURCE 1
| #define _DARWIN_C_SOURCE 1
| #define _GNU_SOURCE 1
| #define _NETBSD_SOURCE 1
| #define _OPENBSD_SOURCE 1
| #define _POSIX_PTHREAD_SEMANTICS 1
| #define __STDC_WANT_IEC_60559_ATTRIBS_EXT__ 1
| #define __STDC_WANT_IEC_60559_BFP_EXT__ 1
| #define __STDC_WANT_IEC_60559_DFP_EXT__ 1
| #define __STDC_WANT_IEC_60559_FUNCS_EXT__ 1
| #define __STDC_WANT_IEC_60559_TYPES_EXT__ 1
| #define __STDC_WANT_LIB_EXT2__ 1
| #define __STDC_WANT_MATH_SPEC_FUNCS__ 1
| #define _TANDEM_SOURCE 1
| #define _HPUX_ALT_XOPEN_SOCKET_API 1
| #define HAVE_DECL_STRERROR_R 1
| #define HAVE_STRERROR_R 1
| #define STRERROR_R_CHAR_P 1
| #define HAVE_GETOPT_H 1
| #define HAVE_SYS_CDEFS_H 1
| #define HAVE_SYS_TIME_H 1
| #define HAVE_SYS_SOCKET_H 1
| #define HAVE_LIMITS_H 1
| #define HAVE_WCHAR_H 1
| #define HAVE_STDINT_H 1
| #define HAVE_INTTYPES_H 1
| #define HAVE_SYS_RESOURCE_H 1
| #define HAVE_SYS_WAIT_H 1
| #define HAVE_UNISTD_H 1
| #define HAVE_GETOPT_H 1
| #define HAVE_GETOPT_LONG_ONLY 1
| #define HAVE_GETRUSAGE 1
| #define HAVE_GETTIMEOFDAY 1
| #define restrict __restrict
| #define HAVE_RAW_DECL_GETTIMEOFDAY 1
| #ifndef __arm64__
| #define __arm64__ 1
| #endif
| #ifndef __arm64__
| #define __arm64__ 1
| #endif
| #define HAVE_WINT_T 1
| #define HAVE_UNSIGNED_LONG_LONG_INT 1
| #define HAVE_LONG_LONG_INT 1
| #define HAVE_RAW_DECL_IMAXABS 1
| #define HAVE_RAW_DECL_IMAXDIV 1
| #define HAVE_RAW_DECL_STRTOIMAX 1
| #define HAVE_RAW_DECL_STRTOUMAX 1
| #define HAVE_INTTYPES_H 1
| #define HAVE_SIGSET_T 1
| #define HAVE__BOOL 1
| #define HAVE_WCHAR_T 1
| #define HAVE_RAW_DECL_FFSL 1
| #define HAVE_RAW_DECL_FFSLL 1
| #define HAVE_RAW_DECL_MEMMEM 1
| #define HAVE_RAW_DECL_MEMPCPY 1
| #define HAVE_RAW_DECL_MEMRCHR 1
| #define HAVE_RAW_DECL_RAWMEMCHR 1
| #define HAVE_RAW_DECL_STPCPY 1
| #define HAVE_RAW_DECL_STPNCPY 1
| #define HAVE_RAW_DECL_STRCHRNUL 1
| #define HAVE_RAW_DECL_STRDUP 1
| #define HAVE_RAW_DECL_STRNCAT 1
| #define HAVE_RAW_DECL_STRNDUP 1
| #define HAVE_RAW_DECL_STRNLEN 1
| #define HAVE_RAW_DECL_STRPBRK 1
| #define HAVE_RAW_DECL_STRSEP 1
| #define HAVE_RAW_DECL_STRCASESTR 1
| #define HAVE_RAW_DECL_STRTOK_R 1
| #define HAVE_RAW_DECL_STRERROR_R 1
| #define HAVE_RAW_DECL_STRSIGNAL 1
| #define HAVE_RAW_DECL_STRVERSCMP 1
| #define _USE_STD_STAT 1
| #define HAVE_GETPAGESIZE 1
| #define GNULIB_TEST_GETPAGESIZE 1
| #define HAVE_DECL_PROGRAM_INVOCATION_NAME 1
| #define HAVE_DECL_PROGRAM_INVOCATION_SHORT_NAME 1
| #define HAVE_DECL___ARGV 0
| #define GNULIB_TEST_GETRUSAGE 1
| #define GETTIMEOFDAY_TIMEZONE void
| #define GNULIB_TEST_GETTIMEOFDAY 1
| #define HAVE_MALLOC_POSIX 1
| #define GNULIB_TEST_MALLOC_POSIX 1
| #define GNULIB_MSVC_NOTHROW 1
| #define HAVE_DECL_PROGRAM_INVOCATION_NAME 1
| #define HAVE_DECL_PROGRAM_INVOCATION_SHORT_NAME 1
| /* end confdefs.h.  */
| 
| #include <signal.h>
| 
| 
| int
| main ()
| {
| if (sizeof ((volatile sig_atomic_t)))
| 	    return 0;
|   ;
|   return 0;
| }
configure:11821: result: yes
configure:11837: checking for sighandler_t
configure:11837: gcc -c -finstrument-functions -g -O0  conftest.c >&5
configure:11837: $? = 0
configure:11837: gcc -c -finstrument-functions -g -O0  conftest.c >&5
conftest.c: In function 'main':
conftest.c:123:27: error: expected expression before ')' token
  123 | if (sizeof ((sighandler_t)))
      |                           ^
configure:11837: $? = 1
configure: failed program was:
| /* confdefs.h */
| #define PACKAGE_NAME "GNU Time"
| #define PACKAGE_NAME "GNU Time"
| #define PACKAGE_TARNAME "time"
| #define PACKAGE_TARNAME "time"
| #define PACKAGE_VERSION "1.9"
| #define PACKAGE_VERSION "1.9"
| #define PACKAGE_STRING "GNU Time 1.9"
| #define PACKAGE_STRING "GNU Time 1.9"
| #define PACKAGE_BUGREPORT "bug-time@gnu.org"
| #define PACKAGE_BUGREPORT "bug-time@gnu.org"
| #define PACKAGE_URL "https://www.gnu.org/software/time/"
| #define PACKAGE_URL "https://www.gnu.org/software/time/"
| #define PACKAGE "time"
| #define VERSION "1.9"
| #define PACKAGE "time"
| #define VERSION "1.9"
| #define STDC_HEADERS 1
| #define HAVE_SYS_TYPES_H 1
| #define HAVE_SYS_STAT_H 1
| #define HAVE_STDLIB_H 1
| #define HAVE_STRING_H 1
| #define HAVE_MEMORY_H 1
| #define HAVE_STRINGS_H 1
| #define HAVE_INTTYPES_H 1
| #define HAVE_STDINT_H 1
| #define HAVE_UNISTD_H 1
| #define __EXTENSIONS__ 1
| #define _ALL_SOURCE 1
| #define _DARWIN_C_SOURCE 1
| #define _GNU_SOURCE 1
| #define _NETBSD_SOURCE 1
| #define _OPENBSD_SOURCE 1
| #define _POSIX_PTHREAD_SEMANTICS 1
| #define __STDC_WANT_IEC_60559_ATTRIBS_EXT__ 1
| #define __STDC_WANT_IEC_60559_BFP_EXT__ 1
| #define __STDC_WANT_IEC_60559_DFP_EXT__ 1
| #define __STDC_WANT_IEC_60559_FUNCS_EXT__ 1
| #define __STDC_WANT_IEC_60559_TYPES_EXT__ 1
| #define __STDC_WANT_LIB_EXT2__ 1
| #define __STDC_WANT_MATH_SPEC_FUNCS__ 1
| #define _TANDEM_SOURCE 1
| #define _HPUX_ALT_XOPEN_SOCKET_API 1
| #define HAVE_DECL_STRERROR_R 1
| #define HAVE_STRERROR_R 1
| #define STRERROR_R_CHAR_P 1
| #define HAVE_GETOPT_H 1
| #define HAVE_SYS_CDEFS_H 1
| #define HAVE_SYS_TIME_H 1
| #define HAVE_SYS_SOCKET_H 1
| #define HAVE_LIMITS_H 1
| #define HAVE_WCHAR_H 1
| #define HAVE_STDINT_H 1
| #define HAVE_INTTYPES_H 1
| #define HAVE_SYS_RESOURCE_H 1
| #define HAVE_SYS_WAIT_H 1
| #define HAVE_UNISTD_H 1
| #define HAVE_GETOPT_H 1
| #define HAVE_GETOPT_LONG_ONLY 1
| #define HAVE_GETRUSAGE 1
| #define HAVE_GETTIMEOFDAY 1
| #define restrict __restrict
| #define HAVE_RAW_DECL_GETTIMEOFDAY 1
| #ifndef __arm64__
| #define __arm64__ 1
| #endif
| #ifndef __arm64__
| #define __arm64__ 1
| #endif
| #define HAVE_WINT_T 1
| #define HAVE_UNSIGNED_LONG_LONG_INT 1
| #define HAVE_LONG_LONG_INT 1
| #define HAVE_RAW_DECL_IMAXABS 1
| #define HAVE_RAW_DECL_IMAXDIV 1
| #define HAVE_RAW_DECL_STRTOIMAX 1
| #define HAVE_RAW_DECL_STRTOUMAX 1
| #define HAVE_INTTYPES_H 1
| #define HAVE_SIGSET_T 1
| #define HAVE__BOOL 1
| #define HAVE_WCHAR_T 1
| #define HAVE_RAW_DECL_FFSL 1
| #define HAVE_RAW_DECL_FFSLL 1
| #define HAVE_RAW_DECL_MEMMEM 1
| #define HAVE_RAW_DECL_MEMPCPY 1
| #define HAVE_RAW_DECL_MEMRCHR 1
| #define HAVE_RAW_DECL_RAWMEMCHR 1
| #define HAVE_RAW_DECL_STPCPY 1
| #define HAVE_RAW_DECL_STPNCPY 1
| #define HAVE_RAW_DECL_STRCHRNUL 1
| #define HAVE_RAW_DECL_STRDUP 1
| #define HAVE_RAW_DECL_STRNCAT 1
| #define HAVE_RAW_DECL_STRNDUP 1
| #define HAVE_RAW_DECL_STRNLEN 1
| #define HAVE_RAW_DECL_STRPBRK 1
| #define HAVE_RAW_DECL_STRSEP 1
| #define HAVE_RAW_DECL_STRCASESTR 1
| #define HAVE_RAW_DECL_STRTOK_R 1
| #define HAVE_RAW_DECL_STRERROR_R 1
| #define HAVE_RAW_DECL_STRSIGNAL 1
| #define HAVE_RAW_DECL_STRVERSCMP 1
| #define _USE_STD_STAT 1
| #define HAVE_GETPAGESIZE 1
| #define GNULIB_TEST_GETPAGESIZE 1
| #define HAVE_DECL_PROGRAM_INVOCATION_NAME 1
| #define HAVE_DECL_PROGRAM_INVOCATION_SHORT_NAME 1
| #define HAVE_DECL___ARGV 0
| #define GNULIB_TEST_GETRUSAGE 1
| #define GETTIMEOFDAY_TIMEZONE void
| #define GNULIB_TEST_GETTIMEOFDAY 1
| #define HAVE_MALLOC_POSIX 1
| #define GNULIB_TEST_MALLOC_POSIX 1
| #define GNULIB_MSVC_NOTHROW 1
| #define HAVE_DECL_PROGRAM_INVOCATION_NAME 1
| #define HAVE_DECL_PROGRAM_INVOCATION_SHORT_NAME 1
| /* end confdefs.h.  */
| 
| #include <signal.h>
| 
| 
| int
| main ()
| {
| if (sizeof ((sighandler_t)))
| 	    return 0;
|   ;
|   return 0;
| }
configure:11837: result: yes
configure:11851: checking whether pthread_sigmask is declared without a macro
configure:11869: gcc -c -finstrument-functions -g -O0  conftest.c >&5
configure:11869: $? = 0
configure:11877: result: yes
configure:11851: checking whether sigaction is declared without a macro
configure:11869: gcc -c -finstrument-functions -g -O0  conftest.c >&5
configure:11869: $? = 0
configure:11877: result: yes
configure:11851: checking whether sigaddset is declared without a macro
configure:11869: gcc -c -finstrument-functions -g -O0  conftest.c >&5
configure:11869: $? = 0
configure:11877: result: yes
configure:11851: checking whether sigdelset is declared without a macro
configure:11869: gcc -c -finstrument-functions -g -O0  conftest.c >&5
configure:11869: $? = 0
configure:11877: result: yes
configure:11851: checking whether sigemptyset is declared without a macro
configure:11869: gcc -c -finstrument-functions -g -O0  conftest.c >&5
configure:11869: $? = 0
configure:11877: result: yes
configure:11851: checking whether sigfillset is declared without a macro
configure:11869: gcc -c -finstrument-functions -g -O0  conftest.c >&5
configure:11869: $? = 0
configure:11877: result: yes
configure:11851: checking whether sigismember is declared without a macro
configure:11869: gcc -c -finstrument-functions -g -O0  conftest.c >&5
configure:11869: $? = 0
configure:11877: result: yes
configure:11851: checking whether sigpending is declared without a macro
configure:11869: gcc -c -finstrument-functions -g -O0  conftest.c >&5
configure:11869: $? = 0
configure:11877: result: yes
configure:11851: checking whether sigprocmask is declared without a macro
configure:11869: gcc -c -finstrument-functions -g -O0  conftest.c >&5
configure:11869: $? = 0
configure:11877: result: yes
configure:11890: checking for ssize_t
configure:11907: gcc -c -finstrument-functions -g -O0  conftest.c >&5
configure:11907: $? = 0
configure:11914: result: yes
configure:11925: checking for va_copy
configure:11946: gcc -c -finstrument-functions -g -O0  conftest.c >&5
configure:11946: $? = 0
configure:11954: result: yes
configure:12136: checking for max_align_t
configure:12136: gcc -c -finstrument-functions -g -O0  conftest.c >&5
configure:12136: $? = 0
configure:12136: gcc -c -finstrument-functions -g -O0  conftest.c >&5
conftest.c: In function 'main':
conftest.c:131:26: error: expected expression before ')' token
  131 | if (sizeof ((max_align_t)))
      |                          ^
configure:12136: $? = 1
configure: failed program was:
| /* confdefs.h */
| #define PACKAGE_NAME "GNU Time"
| #define PACKAGE_NAME "GNU Time"
| #define PACKAGE_TARNAME "time"
| #define PACKAGE_TARNAME "time"
| #define PACKAGE_VERSION "1.9"
| #define PACKAGE_VERSION "1.9"
| #define PACKAGE_STRING "GNU Time 1.9"
| #define PACKAGE_STRING "GNU Time 1.9"
| #define PACKAGE_BUGREPORT "bug-time@gnu.org"
| #define PACKAGE_BUGREPORT "bug-time@gnu.org"
| #define PACKAGE_URL "https://www.gnu.org/software/time/"
| #define PACKAGE_URL "https://www.gnu.org/software/time/"
| #define PACKAGE "time"
| #define VERSION "1.9"
| #define PACKAGE "time"
| #define VERSION "1.9"
| #define STDC_HEADERS 1
| #define HAVE_SYS_TYPES_H 1
| #define HAVE_SYS_STAT_H 1
| #define HAVE_STDLIB_H 1
| #define HAVE_STRING_H 1
| #define HAVE_MEMORY_H 1
| #define HAVE_STRINGS_H 1
| #define HAVE_INTTYPES_H 1
| #define HAVE_STDINT_H 1
| #define HAVE_UNISTD_H 1
| #define __EXTENSIONS__ 1
| #define _ALL_SOURCE 1
| #define _DARWIN_C_SOURCE 1
| #define _GNU_SOURCE 1
| #define _NETBSD_SOURCE 1
| #define _OPENBSD_SOURCE 1
| #define _POSIX_PTHREAD_SEMANTICS 1
| #define __STDC_WANT_IEC_60559_ATTRIBS_EXT__ 1
| #define __STDC_WANT_IEC_60559_BFP_EXT__ 1
| #define __STDC_WANT_IEC_60559_DFP_EXT__ 1
| #define __STDC_WANT_IEC_60559_FUNCS_EXT__ 1
| #define __STDC_WANT_IEC_60559_TYPES_EXT__ 1
| #define __STDC_WANT_LIB_EXT2__ 1
| #define __STDC_WANT_MATH_SPEC_FUNCS__ 1
| #define _TANDEM_SOURCE 1
| #define _HPUX_ALT_XOPEN_SOCKET_API 1
| #define HAVE_DECL_STRERROR_R 1
| #define HAVE_STRERROR_R 1
| #define STRERROR_R_CHAR_P 1
| #define HAVE_GETOPT_H 1
| #define HAVE_SYS_CDEFS_H 1
| #define HAVE_SYS_TIME_H 1
| #define HAVE_SYS_SOCKET_H 1
| #define HAVE_LIMITS_H 1
| #define HAVE_WCHAR_H 1
| #define HAVE_STDINT_H 1
| #define HAVE_INTTYPES_H 1
| #define HAVE_SYS_RESOURCE_H 1
| #define HAVE_SYS_WAIT_H 1
| #define HAVE_UNISTD_H 1
| #define HAVE_GETOPT_H 1
| #define HAVE_GETOPT_LONG_ONLY 1
| #define HAVE_GETRUSAGE 1
| #define HAVE_GETTIMEOFDAY 1
| #define restrict __restrict
| #define HAVE_RAW_DECL_GETTIMEOFDAY 1
| #ifndef __arm64__
| #define __arm64__ 1
| #endif
| #ifndef __arm64__
| #define __arm64__ 1
| #endif
| #define HAVE_WINT_T 1
| #define HAVE_UNSIGNED_LONG_LONG_INT 1
| #define HAVE_LONG_LONG_INT 1
| #define HAVE_RAW_DECL_IMAXABS 1
| #define HAVE_RAW_DECL_IMAXDIV 1
| #define HAVE_RAW_DECL_STRTOIMAX 1
| #define HAVE_RAW_DECL_STRTOUMAX 1
| #define HAVE_INTTYPES_H 1
| #define HAVE_SIGSET_T 1
| #define HAVE__BOOL 1
| #define HAVE_WCHAR_T 1
| #define HAVE_RAW_DECL_FFSL 1
| #define HAVE_RAW_DECL_FFSLL 1
| #define HAVE_RAW_DECL_MEMMEM 1
| #define HAVE_RAW_DECL_MEMPCPY 1
| #define HAVE_RAW_DECL_MEMRCHR 1
| #define HAVE_RAW_DECL_RAWMEMCHR 1
| #define HAVE_RAW_DECL_STPCPY 1
| #define HAVE_RAW_DECL_STPNCPY 1
| #define HAVE_RAW_DECL_STRCHRNUL 1
| #define HAVE_RAW_DECL_STRDUP 1
| #define HAVE_RAW_DECL_STRNCAT 1
| #define HAVE_RAW_DECL_STRNDUP 1
| #define HAVE_RAW_DECL_STRNLEN 1
| #define HAVE_RAW_DECL_STRPBRK 1
| #define HAVE_RAW_DECL_STRSEP 1
| #define HAVE_RAW_DECL_STRCASESTR 1
| #define HAVE_RAW_DECL_STRTOK_R 1
| #define HAVE_RAW_DECL_STRERROR_R 1
| #define HAVE_RAW_DECL_STRSIGNAL 1
| #define HAVE_RAW_DECL_STRVERSCMP 1
| #define _USE_STD_STAT 1
| #define HAVE_GETPAGESIZE 1
| #define GNULIB_TEST_GETPAGESIZE 1
| #define HAVE_DECL_PROGRAM_INVOCATION_NAME 1
| #define HAVE_DECL_PROGRAM_INVOCATION_SHORT_NAME 1
| #define HAVE_DECL___ARGV 0
| #define GNULIB_TEST_GETRUSAGE 1
| #define GETTIMEOFDAY_TIMEZONE void
| #define GNULIB_TEST_GETTIMEOFDAY 1
| #define HAVE_MALLOC_POSIX 1
| #define GNULIB_TEST_MALLOC_POSIX 1
| #define GNULIB_MSVC_NOTHROW 1
| #define HAVE_DECL_PROGRAM_INVOCATION_NAME 1
| #define HAVE_DECL_PROGRAM_INVOCATION_SHORT_NAME 1
| #define HAVE_RAW_DECL_PTHREAD_SIGMASK 1
| #define HAVE_RAW_DECL_SIGACTION 1
| #define HAVE_RAW_DECL_SIGADDSET 1
| #define HAVE_RAW_DECL_SIGDELSET 1
| #define HAVE_RAW_DECL_SIGEMPTYSET 1
| #define HAVE_RAW_DECL_SIGFILLSET 1
| #define HAVE_RAW_DECL_SIGISMEMBER 1
| #define HAVE_RAW_DECL_SIGPENDING 1
| #define HAVE_RAW_DECL_SIGPROCMASK 1
| /* end confdefs.h.  */
| #include <stddef.h>
| 
| 
| int
| main ()
| {
| if (sizeof ((max_align_t)))
| 	    return 0;
|   ;
|   return 0;
| }
configure:12136: result: yes
configure:12149: checking whether NULL can be used in arbitrary expressions
configure:12167: gcc -c -finstrument-functions -g -O0  conftest.c >&5
configure:12167: $? = 0
configure:12174: result: yes
configure:12341: checking which flavor of printf attribute matches inttypes macros
configure:12368: gcc -c -finstrument-functions -g -O0  conftest.c >&5
configure:12368: $? = 0
configure:12375: result: system
configure:12422: checking whether dprintf is declared without a macro
configure:12440: gcc -c -finstrument-functions -g -O0  conftest.c >&5
configure:12440: $? = 0
configure:12448: result: yes
configure:12422: checking whether fpurge is declared without a macro
configure:12440: gcc -c -finstrument-functions -g -O0  conftest.c >&5
conftest.c: In function 'main':
conftest.c:135:10: error: 'fpurge' undeclared (first use in this function)
  135 |   (void) fpurge;
      |          ^~~~~~
conftest.c:135:10: note: each undeclared identifier is reported only once for each function it appears in
configure:12440: $? = 1
configure: failed program was:
| /* confdefs.h */
| #define PACKAGE_NAME "GNU Time"
| #define PACKAGE_NAME "GNU Time"
| #define PACKAGE_TARNAME "time"
| #define PACKAGE_TARNAME "time"
| #define PACKAGE_VERSION "1.9"
| #define PACKAGE_VERSION "1.9"
| #define PACKAGE_STRING "GNU Time 1.9"
| #define PACKAGE_STRING "GNU Time 1.9"
| #define PACKAGE_BUGREPORT "bug-time@gnu.org"
| #define PACKAGE_BUGREPORT "bug-time@gnu.org"
| #define PACKAGE_URL "https://www.gnu.org/software/time/"
| #define PACKAGE_URL "https://www.gnu.org/software/time/"
| #define PACKAGE "time"
| #define VERSION "1.9"
| #define PACKAGE "time"
| #define VERSION "1.9"
| #define STDC_HEADERS 1
| #define HAVE_SYS_TYPES_H 1
| #define HAVE_SYS_STAT_H 1
| #define HAVE_STDLIB_H 1
| #define HAVE_STRING_H 1
| #define HAVE_MEMORY_H 1
| #define HAVE_STRINGS_H 1
| #define HAVE_INTTYPES_H 1
| #define HAVE_STDINT_H 1
| #define HAVE_UNISTD_H 1
| #define __EXTENSIONS__ 1
| #define _ALL_SOURCE 1
| #define _DARWIN_C_SOURCE 1
| #define _GNU_SOURCE 1
| #define _NETBSD_SOURCE 1
| #define _OPENBSD_SOURCE 1
| #define _POSIX_PTHREAD_SEMANTICS 1
| #define __STDC_WANT_IEC_60559_ATTRIBS_EXT__ 1
| #define __STDC_WANT_IEC_60559_BFP_EXT__ 1
| #define __STDC_WANT_IEC_60559_DFP_EXT__ 1
| #define __STDC_WANT_IEC_60559_FUNCS_EXT__ 1
| #define __STDC_WANT_IEC_60559_TYPES_EXT__ 1
| #define __STDC_WANT_LIB_EXT2__ 1
| #define __STDC_WANT_MATH_SPEC_FUNCS__ 1
| #define _TANDEM_SOURCE 1
| #define _HPUX_ALT_XOPEN_SOCKET_API 1
| #define HAVE_DECL_STRERROR_R 1
| #define HAVE_STRERROR_R 1
| #define STRERROR_R_CHAR_P 1
| #define HAVE_GETOPT_H 1
| #define HAVE_SYS_CDEFS_H 1
| #define HAVE_SYS_TIME_H 1
| #define HAVE_SYS_SOCKET_H 1
| #define HAVE_LIMITS_H 1
| #define HAVE_WCHAR_H 1
| #define HAVE_STDINT_H 1
| #define HAVE_INTTYPES_H 1
| #define HAVE_SYS_RESOURCE_H 1
| #define HAVE_SYS_WAIT_H 1
| #define HAVE_UNISTD_H 1
| #define HAVE_GETOPT_H 1
| #define HAVE_GETOPT_LONG_ONLY 1
| #define HAVE_GETRUSAGE 1
| #define HAVE_GETTIMEOFDAY 1
| #define restrict __restrict
| #define HAVE_RAW_DECL_GETTIMEOFDAY 1
| #ifndef __arm64__
| #define __arm64__ 1
| #endif
| #ifndef __arm64__
| #define __arm64__ 1
| #endif
| #define HAVE_WINT_T 1
| #define HAVE_UNSIGNED_LONG_LONG_INT 1
| #define HAVE_LONG_LONG_INT 1
| #define HAVE_RAW_DECL_IMAXABS 1
| #define HAVE_RAW_DECL_IMAXDIV 1
| #define HAVE_RAW_DECL_STRTOIMAX 1
| #define HAVE_RAW_DECL_STRTOUMAX 1
| #define HAVE_INTTYPES_H 1
| #define HAVE_SIGSET_T 1
| #define HAVE__BOOL 1
| #define HAVE_WCHAR_T 1
| #define HAVE_RAW_DECL_FFSL 1
| #define HAVE_RAW_DECL_FFSLL 1
| #define HAVE_RAW_DECL_MEMMEM 1
| #define HAVE_RAW_DECL_MEMPCPY 1
| #define HAVE_RAW_DECL_MEMRCHR 1
| #define HAVE_RAW_DECL_RAWMEMCHR 1
| #define HAVE_RAW_DECL_STPCPY 1
| #define HAVE_RAW_DECL_STPNCPY 1
| #define HAVE_RAW_DECL_STRCHRNUL 1
| #define HAVE_RAW_DECL_STRDUP 1
| #define HAVE_RAW_DECL_STRNCAT 1
| #define HAVE_RAW_DECL_STRNDUP 1
| #define HAVE_RAW_DECL_STRNLEN 1
| #define HAVE_RAW_DECL_STRPBRK 1
| #define HAVE_RAW_DECL_STRSEP 1
| #define HAVE_RAW_DECL_STRCASESTR 1
| #define HAVE_RAW_DECL_STRTOK_R 1
| #define HAVE_RAW_DECL_STRERROR_R 1
| #define HAVE_RAW_DECL_STRSIGNAL 1
| #define HAVE_RAW_DECL_STRVERSCMP 1
| #define _USE_STD_STAT 1
| #define HAVE_GETPAGESIZE 1
| #define GNULIB_TEST_GETPAGESIZE 1
| #define HAVE_DECL_PROGRAM_INVOCATION_NAME 1
| #define HAVE_DECL_PROGRAM_INVOCATION_SHORT_NAME 1
| #define HAVE_DECL___ARGV 0
| #define GNULIB_TEST_GETRUSAGE 1
| #define GETTIMEOFDAY_TIMEZONE void
| #define GNULIB_TEST_GETTIMEOFDAY 1
| #define HAVE_MALLOC_POSIX 1
| #define GNULIB_TEST_MALLOC_POSIX 1
| #define GNULIB_MSVC_NOTHROW 1
| #define HAVE_DECL_PROGRAM_INVOCATION_NAME 1
| #define HAVE_DECL_PROGRAM_INVOCATION_SHORT_NAME 1
| #define HAVE_RAW_DECL_PTHREAD_SIGMASK 1
| #define HAVE_RAW_DECL_SIGACTION 1
| #define HAVE_RAW_DECL_SIGADDSET 1
| #define HAVE_RAW_DECL_SIGDELSET 1
| #define HAVE_RAW_DECL_SIGEMPTYSET 1
| #define HAVE_RAW_DECL_SIGFILLSET 1
| #define HAVE_RAW_DECL_SIGISMEMBER 1
| #define HAVE_RAW_DECL_SIGPENDING 1
| #define HAVE_RAW_DECL_SIGPROCMASK 1
| #define __USE_MINGW_ANSI_STDIO 1
| #define GNULIB_FSCANF 1
| #define GNULIB_SCANF 1
| #define HAVE_RAW_DECL_DPRINTF 1
| /* end confdefs.h.  */
| #include <stdio.h>
| 
| int
| main ()
| {
| #undef fpurge
|   (void) fpurge;
|   ;
|   return 0;
| }
configure:12448: result: no
configure:12422: checking whether fseeko is declared without a macro
configure:12440: gcc -c -finstrument-functions -g -O0  conftest.c >&5
configure:12440: $? = 0
configure:12448: result: yes
configure:12422: checking whether ftello is declared without a macro
configure:12440: gcc -c -finstrument-functions -g -O0  conftest.c >&5
configure:12440: $? = 0
configure:12448: result: yes
configure:12422: checking whether getdelim is declared without a macro
configure:12440: gcc -c -finstrument-functions -g -O0  conftest.c >&5
configure:12440: $? = 0
configure:12448: result: yes
configure:12422: checking whether getline is declared without a macro
configure:12440: gcc -c -finstrument-functions -g -O0  conftest.c >&5
configure:12440: $? = 0
configure:12448: result: yes
configure:12422: checking whether gets is declared without a macro
configure:12440: gcc -c -finstrument-functions -g -O0  conftest.c >&5
conftest.c: In function 'main':
conftest.c:139:10: error: 'gets' undeclared (first use in this function); did you mean 'fgets'?
  139 |   (void) gets;
      |          ^~~~
      |          fgets
conftest.c:139:10: note: each undeclared identifier is reported only once for each function it appears in
configure:12440: $? = 1
configure: failed program was:
| /* confdefs.h */
| #define PACKAGE_NAME "GNU Time"
| #define PACKAGE_NAME "GNU Time"
| #define PACKAGE_TARNAME "time"
| #define PACKAGE_TARNAME "time"
| #define PACKAGE_VERSION "1.9"
| #define PACKAGE_VERSION "1.9"
| #define PACKAGE_STRING "GNU Time 1.9"
| #define PACKAGE_STRING "GNU Time 1.9"
| #define PACKAGE_BUGREPORT "bug-time@gnu.org"
| #define PACKAGE_BUGREPORT "bug-time@gnu.org"
| #define PACKAGE_URL "https://www.gnu.org/software/time/"
| #define PACKAGE_URL "https://www.gnu.org/software/time/"
| #define PACKAGE "time"
| #define VERSION "1.9"
| #define PACKAGE "time"
| #define VERSION "1.9"
| #define STDC_HEADERS 1
| #define HAVE_SYS_TYPES_H 1
| #define HAVE_SYS_STAT_H 1
| #define HAVE_STDLIB_H 1
| #define HAVE_STRING_H 1
| #define HAVE_MEMORY_H 1
| #define HAVE_STRINGS_H 1
| #define HAVE_INTTYPES_H 1
| #define HAVE_STDINT_H 1
| #define HAVE_UNISTD_H 1
| #define __EXTENSIONS__ 1
| #define _ALL_SOURCE 1
| #define _DARWIN_C_SOURCE 1
| #define _GNU_SOURCE 1
| #define _NETBSD_SOURCE 1
| #define _OPENBSD_SOURCE 1
| #define _POSIX_PTHREAD_SEMANTICS 1
| #define __STDC_WANT_IEC_60559_ATTRIBS_EXT__ 1
| #define __STDC_WANT_IEC_60559_BFP_EXT__ 1
| #define __STDC_WANT_IEC_60559_DFP_EXT__ 1
| #define __STDC_WANT_IEC_60559_FUNCS_EXT__ 1
| #define __STDC_WANT_IEC_60559_TYPES_EXT__ 1
| #define __STDC_WANT_LIB_EXT2__ 1
| #define __STDC_WANT_MATH_SPEC_FUNCS__ 1
| #define _TANDEM_SOURCE 1
| #define _HPUX_ALT_XOPEN_SOCKET_API 1
| #define HAVE_DECL_STRERROR_R 1
| #define HAVE_STRERROR_R 1
| #define STRERROR_R_CHAR_P 1
| #define HAVE_GETOPT_H 1
| #define HAVE_SYS_CDEFS_H 1
| #define HAVE_SYS_TIME_H 1
| #define HAVE_SYS_SOCKET_H 1
| #define HAVE_LIMITS_H 1
| #define HAVE_WCHAR_H 1
| #define HAVE_STDINT_H 1
| #define HAVE_INTTYPES_H 1
| #define HAVE_SYS_RESOURCE_H 1
| #define HAVE_SYS_WAIT_H 1
| #define HAVE_UNISTD_H 1
| #define HAVE_GETOPT_H 1
| #define HAVE_GETOPT_LONG_ONLY 1
| #define HAVE_GETRUSAGE 1
| #define HAVE_GETTIMEOFDAY 1
| #define restrict __restrict
| #define HAVE_RAW_DECL_GETTIMEOFDAY 1
| #ifndef __arm64__
| #define __arm64__ 1
| #endif
| #ifndef __arm64__
| #define __arm64__ 1
| #endif
| #define HAVE_WINT_T 1
| #define HAVE_UNSIGNED_LONG_LONG_INT 1
| #define HAVE_LONG_LONG_INT 1
| #define HAVE_RAW_DECL_IMAXABS 1
| #define HAVE_RAW_DECL_IMAXDIV 1
| #define HAVE_RAW_DECL_STRTOIMAX 1
| #define HAVE_RAW_DECL_STRTOUMAX 1
| #define HAVE_INTTYPES_H 1
| #define HAVE_SIGSET_T 1
| #define HAVE__BOOL 1
| #define HAVE_WCHAR_T 1
| #define HAVE_RAW_DECL_FFSL 1
| #define HAVE_RAW_DECL_FFSLL 1
| #define HAVE_RAW_DECL_MEMMEM 1
| #define HAVE_RAW_DECL_MEMPCPY 1
| #define HAVE_RAW_DECL_MEMRCHR 1
| #define HAVE_RAW_DECL_RAWMEMCHR 1
| #define HAVE_RAW_DECL_STPCPY 1
| #define HAVE_RAW_DECL_STPNCPY 1
| #define HAVE_RAW_DECL_STRCHRNUL 1
| #define HAVE_RAW_DECL_STRDUP 1
| #define HAVE_RAW_DECL_STRNCAT 1
| #define HAVE_RAW_DECL_STRNDUP 1
| #define HAVE_RAW_DECL_STRNLEN 1
| #define HAVE_RAW_DECL_STRPBRK 1
| #define HAVE_RAW_DECL_STRSEP 1
| #define HAVE_RAW_DECL_STRCASESTR 1
| #define HAVE_RAW_DECL_STRTOK_R 1
| #define HAVE_RAW_DECL_STRERROR_R 1
| #define HAVE_RAW_DECL_STRSIGNAL 1
| #define HAVE_RAW_DECL_STRVERSCMP 1
| #define _USE_STD_STAT 1
| #define HAVE_GETPAGESIZE 1
| #define GNULIB_TEST_GETPAGESIZE 1
| #define HAVE_DECL_PROGRAM_INVOCATION_NAME 1
| #define HAVE_DECL_PROGRAM_INVOCATION_SHORT_NAME 1
| #define HAVE_DECL___ARGV 0
| #define GNULIB_TEST_GETRUSAGE 1
| #define GETTIMEOFDAY_TIMEZONE void
| #define GNULIB_TEST_GETTIMEOFDAY 1
| #define HAVE_MALLOC_POSIX 1
| #define GNULIB_TEST_MALLOC_POSIX 1
| #define GNULIB_MSVC_NOTHROW 1
| #define HAVE_DECL_PROGRAM_INVOCATION_NAME 1
| #define HAVE_DECL_PROGRAM_INVOCATION_SHORT_NAME 1
| #define HAVE_RAW_DECL_PTHREAD_SIGMASK 1
| #define HAVE_RAW_DECL_SIGACTION 1
| #define HAVE_RAW_DECL_SIGADDSET 1
| #define HAVE_RAW_DECL_SIGDELSET 1
| #define HAVE_RAW_DECL_SIGEMPTYSET 1
| #define HAVE_RAW_DECL_SIGFILLSET 1
| #define HAVE_RAW_DECL_SIGISMEMBER 1
| #define HAVE_RAW_DECL_SIGPENDING 1
| #define HAVE_RAW_DECL_SIGPROCMASK 1
| #define __USE_MINGW_ANSI_STDIO 1
| #define GNULIB_FSCANF 1
| #define GNULIB_SCANF 1
| #define HAVE_RAW_DECL_DPRINTF 1
| #define HAVE_RAW_DECL_FSEEKO 1
| #define HAVE_RAW_DECL_FTELLO 1
| #define HAVE_RAW_DECL_GETDELIM 1
| #define HAVE_RAW_DECL_GETLINE 1
| /* end confdefs.h.  */
| #include <stdio.h>
| 
| int
| main ()
| {
| #undef gets
|   (void) gets;
|   ;
|   return 0;
| }
configure:12448: result: no
configure:12422: checking whether pclose is declared without a macro
configure:12440: gcc -c -finstrument-functions -g -O0  conftest.c >&5
configure:12440: $? = 0
configure:12448: result: yes
configure:12422: checking whether popen is declared without a macro
configure:12440: gcc -c -finstrument-functions -g -O0  conftest.c >&5
configure:12440: $? = 0
configure:12448: result: yes
configure:12422: checking whether renameat is declared without a macro
configure:12440: gcc -c -finstrument-functions -g -O0  conftest.c >&5
configure:12440: $? = 0
configure:12448: result: yes
configure:12422: checking whether snprintf is declared without a macro
configure:12440: gcc -c -finstrument-functions -g -O0  conftest.c >&5
configure:12440: $? = 0
configure:12448: result: yes
configure:12422: checking whether tmpfile is declared without a macro
configure:12440: gcc -c -finstrument-functions -g -O0  conftest.c >&5
configure:12440: $? = 0
configure:12448: result: yes
configure:12422: checking whether vdprintf is declared without a macro
configure:12440: gcc -c -finstrument-functions -g -O0  conftest.c >&5
configure:12440: $? = 0
configure:12448: result: yes
configure:12422: checking whether vsnprintf is declared without a macro
configure:12440: gcc -c -finstrument-functions -g -O0  conftest.c >&5
configure:12440: $? = 0
configure:12448: result: yes
configure:12537: checking whether _Exit is declared without a macro
configure:12564: gcc -c -finstrument-functions -g -O0  conftest.c >&5
configure:12564: $? = 0
configure:12572: result: yes
configure:12537: checking whether atoll is declared without a macro
configure:12564: gcc -c -finstrument-functions -g -O0  conftest.c >&5
configure:12564: $? = 0
configure:12572: result: yes
configure:12537: checking whether canonicalize_file_name is declared without a macro
configure:12564: gcc -c -finstrument-functions -g -O0  conftest.c >&5
configure:12564: $? = 0
configure:12572: result: yes
configure:12537: checking whether getloadavg is declared without a macro
configure:12564: gcc -c -finstrument-functions -g -O0  conftest.c >&5
configure:12564: $? = 0
configure:12572: result: yes
configure:12537: checking whether getsubopt is declared without a macro
configure:12564: gcc -c -finstrument-functions -g -O0  conftest.c >&5
configure:12564: $? = 0
configure:12572: result: yes
configure:12537: checking whether grantpt is declared without a macro
configure:12564: gcc -c -finstrument-functions -g -O0  conftest.c >&5
configure:12564: $? = 0
configure:12572: result: yes
configure:12537: checking whether initstate is declared without a macro
configure:12564: gcc -c -finstrument-functions -g -O0  conftest.c >&5
configure:12564: $? = 0
configure:12572: result: yes
configure:12537: checking whether initstate_r is declared without a macro
configure:12564: gcc -c -finstrument-functions -g -O0  conftest.c >&5
configure:12564: $? = 0
configure:12572: result: yes
configure:12537: checking whether mkdtemp is declared without a macro
configure:12564: gcc -c -finstrument-functions -g -O0  conftest.c >&5
configure:12564: $? = 0
configure:12572: result: yes
configure:12537: checking whether mkostemp is declared without a macro
configure:12564: gcc -c -finstrument-functions -g -O0  conftest.c >&5
configure:12564: $? = 0
configure:12572: result: yes
configure:12537: checking whether mkostemps is declared without a macro
configure:12564: gcc -c -finstrument-functions -g -O0  conftest.c >&5
configure:12564: $? = 0
configure:12572: result: yes
configure:12537: checking whether mkstemp is declared without a macro
configure:12564: gcc -c -finstrument-functions -g -O0  conftest.c >&5
configure:12564: $? = 0
configure:12572: result: yes
configure:12537: checking whether mkstemps is declared without a macro
configure:12564: gcc -c -finstrument-functions -g -O0  conftest.c >&5
configure:12564: $? = 0
configure:12572: result: yes
configure:12537: checking whether posix_openpt is declared without a macro
configure:12564: gcc -c -finstrument-functions -g -O0  conftest.c >&5
configure:12564: $? = 0
configure:12572: result: yes
configure:12537: checking whether ptsname is declared without a macro
configure:12564: gcc -c -finstrument-functions -g -O0  conftest.c >&5
configure:12564: $? = 0
configure:12572: result: yes
configure:12537: checking whether ptsname_r is declared without a macro
configure:12564: gcc -c -finstrument-functions -g -O0  conftest.c >&5
configure:12564: $? = 0
configure:12572: result: yes
configure:12537: checking whether qsort_r is declared without a macro
configure:12564: gcc -c -finstrument-functions -g -O0  conftest.c >&5
configure:12564: $? = 0
configure:12572: result: yes
configure:12537: checking whether random is declared without a macro
configure:12564: gcc -c -finstrument-functions -g -O0  conftest.c >&5
configure:12564: $? = 0
configure:12572: result: yes
configure:12537: checking whether random_r is declared without a macro
configure:12564: gcc -c -finstrument-functions -g -O0  conftest.c >&5
configure:12564: $? = 0
configure:12572: result: yes
configure:12537: checking whether reallocarray is declared without a macro
configure:12564: gcc -c -finstrument-functions -g -O0  conftest.c >&5
configure:12564: $? = 0
configure:12572: result: yes
configure:12537: checking whether realpath is declared without a macro
configure:12564: gcc -c -finstrument-functions -g -O0  conftest.c >&5
configure:12564: $? = 0
configure:12572: result: yes
configure:12537: checking whether rpmatch is declared without a macro
configure:12564: gcc -c -finstrument-functions -g -O0  conftest.c >&5
configure:12564: $? = 0
configure:12572: result: yes
configure:12537: checking whether secure_getenv is declared without a macro
configure:12564: gcc -c -finstrument-functions -g -O0  conftest.c >&5
configure:12564: $? = 0
configure:12572: result: yes
configure:12537: checking whether setenv is declared without a macro
configure:12564: gcc -c -finstrument-functions -g -O0  conftest.c >&5
configure:12564: $? = 0
configure:12572: result: yes
configure:12537: checking whether setstate is declared without a macro
configure:12564: gcc -c -finstrument-functions -g -O0  conftest.c >&5
configure:12564: $? = 0
configure:12572: result: yes
configure:12537: checking whether setstate_r is declared without a macro
configure:12564: gcc -c -finstrument-functions -g -O0  conftest.c >&5
configure:12564: $? = 0
configure:12572: result: yes
configure:12537: checking whether srandom is declared without a macro
configure:12564: gcc -c -finstrument-functions -g -O0  conftest.c >&5
configure:12564: $? = 0
configure:12572: result: yes
configure:12537: checking whether srandom_r is declared without a macro
configure:12564: gcc -c -finstrument-functions -g -O0  conftest.c >&5
configure:12564: $? = 0
configure:12572: result: yes
configure:12537: checking whether strtod is declared without a macro
configure:12564: gcc -c -finstrument-functions -g -O0  conftest.c >&5
configure:12564: $? = 0
configure:12572: result: yes
configure:12537: checking whether strtoll is declared without a macro
configure:12564: gcc -c -finstrument-functions -g -O0  conftest.c >&5
configure:12564: $? = 0
configure:12572: result: yes
configure:12537: checking whether strtoull is declared without a macro
configure:12564: gcc -c -finstrument-functions -g -O0  conftest.c >&5
configure:12564: $? = 0
configure:12572: result: yes
configure:12537: checking whether unlockpt is declared without a macro
configure:12564: gcc -c -finstrument-functions -g -O0  conftest.c >&5
configure:12564: $? = 0
configure:12572: result: yes
configure:12537: checking whether unsetenv is declared without a macro
configure:12564: gcc -c -finstrument-functions -g -O0  conftest.c >&5
configure:12564: $? = 0
configure:12572: result: yes
configure:12591: checking for working stdnoreturn.h
configure:12621: gcc -c -finstrument-functions -g -O0  conftest.c >&5
configure:12621: $? = 0
configure:12628: result: yes
configure:12653: checking for working strerror function
configure:12679: gcc -o conftest -finstrument-functions -g -O0   conftest.c  >&5
configure:12679: $? = 0
configure:12679: ./conftest
configure:12679: $? = 0
configure:12690: result: yes
configure:12871: checking whether getrusage is declared without a macro
configure:12896: gcc -c -finstrument-functions -g -O0  conftest.c >&5
configure:12896: $? = 0
configure:12904: result: yes
configure:13010: checking whether waitpid is declared without a macro
configure:13027: gcc -c -finstrument-functions -g -O0  conftest.c >&5
configure:13027: $? = 0
configure:13035: result: yes
configure:13146: checking whether chdir is declared without a macro
configure:13176: gcc -c -finstrument-functions -g -O0  conftest.c >&5
configure:13176: $? = 0
configure:13184: result: yes
configure:13146: checking whether chown is declared without a macro
configure:13176: gcc -c -finstrument-functions -g -O0  conftest.c >&5
configure:13176: $? = 0
configure:13184: result: yes
configure:13146: checking whether dup is declared without a macro
configure:13176: gcc -c -finstrument-functions -g -O0  conftest.c >&5
configure:13176: $? = 0
configure:13184: result: yes
configure:13146: checking whether dup2 is declared without a macro
configure:13176: gcc -c -finstrument-functions -g -O0  conftest.c >&5
configure:13176: $? = 0
configure:13184: result: yes
configure:13146: checking whether dup3 is declared without a macro
configure:13176: gcc -c -finstrument-functions -g -O0  conftest.c >&5
configure:13176: $? = 0
configure:13184: result: yes
configure:13146: checking whether environ is declared without a macro
configure:13176: gcc -c -finstrument-functions -g -O0  conftest.c >&5
configure:13176: $? = 0
configure:13184: result: yes
configure:13146: checking whether euidaccess is declared without a macro
configure:13176: gcc -c -finstrument-functions -g -O0  conftest.c >&5
configure:13176: $? = 0
configure:13184: result: yes
configure:13146: checking whether faccessat is declared without a macro
configure:13176: gcc -c -finstrument-functions -g -O0  conftest.c >&5
configure:13176: $? = 0
configure:13184: result: yes
configure:13146: checking whether fchdir is declared without a macro
configure:13176: gcc -c -finstrument-functions -g -O0  conftest.c >&5
configure:13176: $? = 0
configure:13184: result: yes
configure:13146: checking whether fchownat is declared without a macro
configure:13176: gcc -c -finstrument-functions -g -O0  conftest.c >&5
configure:13176: $? = 0
configure:13184: result: yes
configure:13146: checking whether fdatasync is declared without a macro
configure:13176: gcc -c -finstrument-functions -g -O0  conftest.c >&5
configure:13176: $? = 0
configure:13184: result: yes
configure:13146: checking whether fsync is declared without a macro
configure:13176: gcc -c -finstrument-functions -g -O0  conftest.c >&5
configure:13176: $? = 0
configure:13184: result: yes
configure:13146: checking whether ftruncate is declared without a macro
configure:13176: gcc -c -finstrument-functions -g -O0  conftest.c >&5
configure:13176: $? = 0
configure:13184: result: yes
configure:13146: checking whether getcwd is declared without a macro
configure:13176: gcc -c -finstrument-functions -g -O0  conftest.c >&5
configure:13176: $? = 0
configure:13184: result: yes
configure:13146: checking whether getdomainname is declared without a macro
configure:13176: gcc -c -finstrument-functions -g -O0  conftest.c >&5
configure:13176: $? = 0
configure:13184: result: yes
configure:13146: checking whether getdtablesize is declared without a macro
configure:13176: gcc -c -finstrument-functions -g -O0  conftest.c >&5
configure:13176: $? = 0
configure:13184: result: yes
configure:13146: checking whether getgroups is declared without a macro
configure:13176: gcc -c -finstrument-functions -g -O0  conftest.c >&5
configure:13176: $? = 0
configure:13184: result: yes
configure:13146: checking whether gethostname is declared without a macro
configure:13176: gcc -c -finstrument-functions -g -O0  conftest.c >&5
configure:13176: $? = 0
configure:13184: result: yes
configure:13146: checking whether getlogin is declared without a macro
configure:13176: gcc -c -finstrument-functions -g -O0  conftest.c >&5
configure:13176: $? = 0
configure:13184: result: yes
configure:13146: checking whether getlogin_r is declared without a macro
configure:13176: gcc -c -finstrument-functions -g -O0  conftest.c >&5
configure:13176: $? = 0
configure:13184: result: yes
configure:13146: checking whether getpagesize is declared without a macro
configure:13176: gcc -c -finstrument-functions -g -O0  conftest.c >&5
configure:13176: $? = 0
configure:13184: result: yes
configure:13146: checking whether getusershell is declared without a macro
configure:13176: gcc -c -finstrument-functions -g -O0  conftest.c >&5
configure:13176: $? = 0
configure:13184: result: yes
configure:13146: checking whether setusershell is declared without a macro
configure:13176: gcc -c -finstrument-functions -g -O0  conftest.c >&5
configure:13176: $? = 0
configure:13184: result: yes
configure:13146: checking whether endusershell is declared without a macro
configure:13176: gcc -c -finstrument-functions -g -O0  conftest.c >&5
configure:13176: $? = 0
configure:13184: result: yes
configure:13146: checking whether group_member is declared without a macro
configure:13176: gcc -c -finstrument-functions -g -O0  conftest.c >&5
configure:13176: $? = 0
configure:13184: result: yes
configure:13146: checking whether isatty is declared without a macro
configure:13176: gcc -c -finstrument-functions -g -O0  conftest.c >&5
configure:13176: $? = 0
configure:13184: result: yes
configure:13146: checking whether lchown is declared without a macro
configure:13176: gcc -c -finstrument-functions -g -O0  conftest.c >&5
configure:13176: $? = 0
configure:13184: result: yes
configure:13146: checking whether link is declared without a macro
configure:13176: gcc -c -finstrument-functions -g -O0  conftest.c >&5
configure:13176: $? = 0
configure:13184: result: yes
configure:13146: checking whether linkat is declared without a macro
configure:13176: gcc -c -finstrument-functions -g -O0  conftest.c >&5
configure:13176: $? = 0
configure:13184: result: yes
configure:13146: checking whether lseek is declared without a macro
configure:13176: gcc -c -finstrument-functions -g -O0  conftest.c >&5
configure:13176: $? = 0
configure:13184: result: yes
configure:13146: checking whether pipe is declared without a macro
configure:13176: gcc -c -finstrument-functions -g -O0  conftest.c >&5
configure:13176: $? = 0
configure:13184: result: yes
configure:13146: checking whether pipe2 is declared without a macro
configure:13176: gcc -c -finstrument-functions -g -O0  conftest.c >&5
configure:13176: $? = 0
configure:13184: result: yes
configure:13146: checking whether pread is declared without a macro
configure:13176: gcc -c -finstrument-functions -g -O0  conftest.c >&5
configure:13176: $? = 0
configure:13184: result: yes
configure:13146: checking whether pwrite is declared without a macro
configure:13176: gcc -c -finstrument-functions -g -O0  conftest.c >&5
configure:13176: $? = 0
configure:13184: result: yes
configure:13146: checking whether readlink is declared without a macro
configure:13176: gcc -c -finstrument-functions -g -O0  conftest.c >&5
configure:13176: $? = 0
configure:13184: result: yes
configure:13146: checking whether readlinkat is declared without a macro
configure:13176: gcc -c -finstrument-functions -g -O0  conftest.c >&5
configure:13176: $? = 0
configure:13184: result: yes
configure:13146: checking whether rmdir is declared without a macro
configure:13176: gcc -c -finstrument-functions -g -O0  conftest.c >&5
configure:13176: $? = 0
configure:13184: result: yes
configure:13146: checking whether sethostname is declared without a macro
configure:13176: gcc -c -finstrument-functions -g -O0  conftest.c >&5
configure:13176: $? = 0
configure:13184: result: yes
configure:13146: checking whether sleep is declared without a macro
configure:13176: gcc -c -finstrument-functions -g -O0  conftest.c >&5
configure:13176: $? = 0
configure:13184: result: yes
configure:13146: checking whether symlink is declared without a macro
configure:13176: gcc -c -finstrument-functions -g -O0  conftest.c >&5
configure:13176: $? = 0
configure:13184: result: yes
configure:13146: checking whether symlinkat is declared without a macro
configure:13176: gcc -c -finstrument-functions -g -O0  conftest.c >&5
configure:13176: $? = 0
configure:13184: result: yes
configure:13146: checking whether truncate is declared without a macro
configure:13176: gcc -c -finstrument-functions -g -O0  conftest.c >&5
configure:13176: $? = 0
configure:13184: result: yes
configure:13146: checking whether ttyname_r is declared without a macro
configure:13176: gcc -c -finstrument-functions -g -O0  conftest.c >&5
configure:13176: $? = 0
configure:13184: result: yes
configure:13146: checking whether unlink is declared without a macro
configure:13176: gcc -c -finstrument-functions -g -O0  conftest.c >&5
configure:13176: $? = 0
configure:13184: result: yes
configure:13146: checking whether unlinkat is declared without a macro
configure:13176: gcc -c -finstrument-functions -g -O0  conftest.c >&5
configure:13176: $? = 0
configure:13184: result: yes
configure:13146: checking whether usleep is declared without a macro
configure:13176: gcc -c -finstrument-functions -g -O0  conftest.c >&5
configure:13176: $? = 0
configure:13184: result: yes
configure:13297: checking whether C compiler handles -Werror -Wunknown-warning-option
configure:13316: gcc -o conftest -finstrument-functions -g -O0  -Werror -Wunknown-warning-option   conftest.c  >&5
gcc: error: unrecognized command-line option '-Wunknown-warning-option'
configure:13316: $? = 1
configure: failed program was:
| /* confdefs.h */
| #define PACKAGE_NAME "GNU Time"
| #define PACKAGE_NAME "GNU Time"
| #define PACKAGE_TARNAME "time"
| #define PACKAGE_TARNAME "time"
| #define PACKAGE_VERSION "1.9"
| #define PACKAGE_VERSION "1.9"
| #define PACKAGE_STRING "GNU Time 1.9"
| #define PACKAGE_STRING "GNU Time 1.9"
| #define PACKAGE_BUGREPORT "bug-time@gnu.org"
| #define PACKAGE_BUGREPORT "bug-time@gnu.org"
| #define PACKAGE_URL "https://www.gnu.org/software/time/"
| #define PACKAGE_URL "https://www.gnu.org/software/time/"
| #define PACKAGE "time"
| #define VERSION "1.9"
| #define PACKAGE "time"
| #define VERSION "1.9"
| #define STDC_HEADERS 1
| #define HAVE_SYS_TYPES_H 1
| #define HAVE_SYS_STAT_H 1
| #define HAVE_STDLIB_H 1
| #define HAVE_STRING_H 1
| #define HAVE_MEMORY_H 1
| #define HAVE_STRINGS_H 1
| #define HAVE_INTTYPES_H 1
| #define HAVE_STDINT_H 1
| #define HAVE_UNISTD_H 1
| #define __EXTENSIONS__ 1
| #define _ALL_SOURCE 1
| #define _DARWIN_C_SOURCE 1
| #define _GNU_SOURCE 1
| #define _NETBSD_SOURCE 1
| #define _OPENBSD_SOURCE 1
| #define _POSIX_PTHREAD_SEMANTICS 1
| #define __STDC_WANT_IEC_60559_ATTRIBS_EXT__ 1
| #define __STDC_WANT_IEC_60559_BFP_EXT__ 1
| #define __STDC_WANT_IEC_60559_DFP_EXT__ 1
| #define __STDC_WANT_IEC_60559_FUNCS_EXT__ 1
| #define __STDC_WANT_IEC_60559_TYPES_EXT__ 1
| #define __STDC_WANT_LIB_EXT2__ 1
| #define __STDC_WANT_MATH_SPEC_FUNCS__ 1
| #define _TANDEM_SOURCE 1
| #define _HPUX_ALT_XOPEN_SOCKET_API 1
| #define HAVE_DECL_STRERROR_R 1
| #define HAVE_STRERROR_R 1
| #define STRERROR_R_CHAR_P 1
| #define HAVE_GETOPT_H 1
| #define HAVE_SYS_CDEFS_H 1
| #define HAVE_SYS_TIME_H 1
| #define HAVE_SYS_SOCKET_H 1
| #define HAVE_LIMITS_H 1
| #define HAVE_WCHAR_H 1
| #define HAVE_STDINT_H 1
| #define HAVE_INTTYPES_H 1
| #define HAVE_SYS_RESOURCE_H 1
| #define HAVE_SYS_WAIT_H 1
| #define HAVE_UNISTD_H 1
| #define HAVE_GETOPT_H 1
| #define HAVE_GETOPT_LONG_ONLY 1
| #define HAVE_GETRUSAGE 1
| #define HAVE_GETTIMEOFDAY 1
| #define restrict __restrict
| #define HAVE_RAW_DECL_GETTIMEOFDAY 1
| #ifndef __arm64__
| #define __arm64__ 1
| #endif
| #ifndef __arm64__
| #define __arm64__ 1
| #endif
| #define HAVE_WINT_T 1
| #define HAVE_UNSIGNED_LONG_LONG_INT 1
| #define HAVE_LONG_LONG_INT 1
| #define HAVE_RAW_DECL_IMAXABS 1
| #define HAVE_RAW_DECL_IMAXDIV 1
| #define HAVE_RAW_DECL_STRTOIMAX 1
| #define HAVE_RAW_DECL_STRTOUMAX 1
| #define HAVE_INTTYPES_H 1
| #define HAVE_SIGSET_T 1
| #define HAVE__BOOL 1
| #define HAVE_WCHAR_T 1
| #define HAVE_RAW_DECL_FFSL 1
| #define HAVE_RAW_DECL_FFSLL 1
| #define HAVE_RAW_DECL_MEMMEM 1
| #define HAVE_RAW_DECL_MEMPCPY 1
| #define HAVE_RAW_DECL_MEMRCHR 1
| #define HAVE_RAW_DECL_RAWMEMCHR 1
| #define HAVE_RAW_DECL_STPCPY 1
| #define HAVE_RAW_DECL_STPNCPY 1
| #define HAVE_RAW_DECL_STRCHRNUL 1
| #define HAVE_RAW_DECL_STRDUP 1
| #define HAVE_RAW_DECL_STRNCAT 1
| #define HAVE_RAW_DECL_STRNDUP 1
| #define HAVE_RAW_DECL_STRNLEN 1
| #define HAVE_RAW_DECL_STRPBRK 1
| #define HAVE_RAW_DECL_STRSEP 1
| #define HAVE_RAW_DECL_STRCASESTR 1
| #define HAVE_RAW_DECL_STRTOK_R 1
| #define HAVE_RAW_DECL_STRERROR_R 1
| #define HAVE_RAW_DECL_STRSIGNAL 1
| #define HAVE_RAW_DECL_STRVERSCMP 1
| #define _USE_STD_STAT 1
| #define HAVE_GETPAGESIZE 1
| #define GNULIB_TEST_GETPAGESIZE 1
| #define HAVE_DECL_PROGRAM_INVOCATION_NAME 1
| #define HAVE_DECL_PROGRAM_INVOCATION_SHORT_NAME 1
| #define HAVE_DECL___ARGV 0
| #define GNULIB_TEST_GETRUSAGE 1
| #define GETTIMEOFDAY_TIMEZONE void
| #define GNULIB_TEST_GETTIMEOFDAY 1
| #define HAVE_MALLOC_POSIX 1
| #define GNULIB_TEST_MALLOC_POSIX 1
| #define GNULIB_MSVC_NOTHROW 1
| #define HAVE_DECL_PROGRAM_INVOCATION_NAME 1
| #define HAVE_DECL_PROGRAM_INVOCATION_SHORT_NAME 1
| #define HAVE_RAW_DECL_PTHREAD_SIGMASK 1
| #define HAVE_RAW_DECL_SIGACTION 1
| #define HAVE_RAW_DECL_SIGADDSET 1
| #define HAVE_RAW_DECL_SIGDELSET 1
| #define HAVE_RAW_DECL_SIGEMPTYSET 1
| #define HAVE_RAW_DECL_SIGFILLSET 1
| #define HAVE_RAW_DECL_SIGISMEMBER 1
| #define HAVE_RAW_DECL_SIGPENDING 1
| #define HAVE_RAW_DECL_SIGPROCMASK 1
| #define __USE_MINGW_ANSI_STDIO 1
| #define GNULIB_FSCANF 1
| #define GNULIB_SCANF 1
| #define HAVE_RAW_DECL_DPRINTF 1
| #define HAVE_RAW_DECL_FSEEKO 1
| #define HAVE_RAW_DECL_FTELLO 1
| #define HAVE_RAW_DECL_GETDELIM 1
| #define HAVE_RAW_DECL_GETLINE 1
| #define HAVE_RAW_DECL_PCLOSE 1
| #define HAVE_RAW_DECL_POPEN 1
| #define HAVE_RAW_DECL_RENAMEAT 1
| #define HAVE_RAW_DECL_SNPRINTF 1
| #define HAVE_RAW_DECL_TMPFILE 1
| #define HAVE_RAW_DECL_VDPRINTF 1
| #define HAVE_RAW_DECL_VSNPRINTF 1
| #define HAVE_RAW_DECL__EXIT 1
| #define HAVE_RAW_DECL_ATOLL 1
| #define HAVE_RAW_DECL_CANONICALIZE_FILE_NAME 1
| #define HAVE_RAW_DECL_GETLOADAVG 1
| #define HAVE_RAW_DECL_GETSUBOPT 1
| #define HAVE_RAW_DECL_GRANTPT 1
| #define HAVE_RAW_DECL_INITSTATE 1
| #define HAVE_RAW_DECL_INITSTATE_R 1
| #define HAVE_RAW_DECL_MKDTEMP 1
| #define HAVE_RAW_DECL_MKOSTEMP 1
| #define HAVE_RAW_DECL_MKOSTEMPS 1
| #define HAVE_RAW_DECL_MKSTEMP 1
| #define HAVE_RAW_DECL_MKSTEMPS 1
| #define HAVE_RAW_DECL_POSIX_OPENPT 1
| #define HAVE_RAW_DECL_PTSNAME 1
| #define HAVE_RAW_DECL_PTSNAME_R 1
| #define HAVE_RAW_DECL_QSORT_R 1
| #define HAVE_RAW_DECL_RANDOM 1
| #define HAVE_RAW_DECL_RANDOM_R 1
| #define HAVE_RAW_DECL_REALLOCARRAY 1
| #define HAVE_RAW_DECL_REALPATH 1
| #define HAVE_RAW_DECL_RPMATCH 1
| #define HAVE_RAW_DECL_SECURE_GETENV 1
| #define HAVE_RAW_DECL_SETENV 1
| #define HAVE_RAW_DECL_SETSTATE 1
| #define HAVE_RAW_DECL_SETSTATE_R 1
| #define HAVE_RAW_DECL_SRANDOM 1
| #define HAVE_RAW_DECL_SRANDOM_R 1
| #define HAVE_RAW_DECL_STRTOD 1
| #define HAVE_RAW_DECL_STRTOLL 1
| #define HAVE_RAW_DECL_STRTOULL 1
| #define HAVE_RAW_DECL_UNLOCKPT 1
| #define HAVE_RAW_DECL_UNSETENV 1
| #define GNULIB_STRERROR 1
| #define GNULIB_TEST_STRERROR 1
| #define HAVE_RAW_DECL_GETRUSAGE 1
| #define HAVE_RAW_DECL_WAITPID 1
| #define HAVE_RAW_DECL_CHDIR 1
| #define HAVE_RAW_DECL_CHOWN 1
| #define HAVE_RAW_DECL_DUP 1
| #define HAVE_RAW_DECL_DUP2 1
| #define HAVE_RAW_DECL_DUP3 1
| #define HAVE_RAW_DECL_ENVIRON 1
| #define HAVE_RAW_DECL_EUIDACCESS 1
| #define HAVE_RAW_DECL_FACCESSAT 1
| #define HAVE_RAW_DECL_FCHDIR 1
| #define HAVE_RAW_DECL_FCHOWNAT 1
| #define HAVE_RAW_DECL_FDATASYNC 1
| #define HAVE_RAW_DECL_FSYNC 1
| #define HAVE_RAW_DECL_FTRUNCATE 1
| #define HAVE_RAW_DECL_GETCWD 1
| #define HAVE_RAW_DECL_GETDOMAINNAME 1
| #define HAVE_RAW_DECL_GETDTABLESIZE 1
| #define HAVE_RAW_DECL_GETGROUPS 1
| #define HAVE_RAW_DECL_GETHOSTNAME 1
| #define HAVE_RAW_DECL_GETLOGIN 1
| #define HAVE_RAW_DECL_GETLOGIN_R 1
| #define HAVE_RAW_DECL_GETPAGESIZE 1
| #define HAVE_RAW_DECL_GETUSERSHELL 1
| #define HAVE_RAW_DECL_SETUSERSHELL 1
| #define HAVE_RAW_DECL_ENDUSERSHELL 1
| #define HAVE_RAW_DECL_GROUP_MEMBER 1
| #define HAVE_RAW_DECL_ISATTY 1
| #define HAVE_RAW_DECL_LCHOWN 1
| #define HAVE_RAW_DECL_LINK 1
| #define HAVE_RAW_DECL_LINKAT 1
| #define HAVE_RAW_DECL_LSEEK 1
| #define HAVE_RAW_DECL_PIPE 1
| #define HAVE_RAW_DECL_PIPE2 1
| #define HAVE_RAW_DECL_PREAD 1
| #define HAVE_RAW_DECL_PWRITE 1
| #define HAVE_RAW_DECL_READLINK 1
| #define HAVE_RAW_DECL_READLINKAT 1
| #define HAVE_RAW_DECL_RMDIR 1
| #define HAVE_RAW_DECL_SETHOSTNAME 1
| #define HAVE_RAW_DECL_SLEEP 1
| #define HAVE_RAW_DECL_SYMLINK 1
| #define HAVE_RAW_DECL_SYMLINKAT 1
| #define HAVE_RAW_DECL_TRUNCATE 1
| #define HAVE_RAW_DECL_TTYNAME_R 1
| #define HAVE_RAW_DECL_UNLINK 1
| #define HAVE_RAW_DECL_UNLINKAT 1
| #define HAVE_RAW_DECL_USLEEP 1
| /* end confdefs.h.  */
| 
| int
| main ()
| {
| 
|   ;
|   return 0;
| }
configure:13326: result: no
configure:13343: checking whether C compiler handles -Wall
configure:13362: gcc -o conftest -finstrument-functions -g -O0  -Wall   conftest.c  >&5
configure:13362: $? = 0
configure:13372: result: yes
configure:13381: checking whether C compiler handles -Wextra
configure:13400: gcc -o conftest -finstrument-functions -g -O0  -Wextra   conftest.c  >&5
configure:13400: $? = 0
configure:13410: result: yes
configure:13419: checking whether C compiler handles -Wformat-security
configure:13438: gcc -o conftest -finstrument-functions -g -O0  -Wformat-security   conftest.c  >&5
configure:13438: $? = 0
configure:13448: result: yes
configure:13457: checking whether C compiler handles -Wswitch-enum
configure:13476: gcc -o conftest -finstrument-functions -g -O0  -Wswitch-enum   conftest.c  >&5
configure:13476: $? = 0
configure:13486: result: yes
configure:13495: checking whether C compiler handles -Wswitch-default
configure:13514: gcc -o conftest -finstrument-functions -g -O0  -Wswitch-default   conftest.c  >&5
configure:13514: $? = 0
configure:13524: result: yes
configure:13533: checking whether C compiler handles -Wformat-nonliteral
configure:13552: gcc -o conftest -finstrument-functions -g -O0  -Wformat-nonliteral   conftest.c  >&5
configure:13552: $? = 0
configure:13562: result: yes
configure:13571: checking whether C compiler handles -Wunused-parameter
configure:13590: gcc -o conftest -finstrument-functions -g -O0  -Wunused-parameter   conftest.c  >&5
configure:13590: $? = 0
configure:13600: result: yes
configure:13609: checking whether C compiler handles -Wfloat-equal
configure:13628: gcc -o conftest -finstrument-functions -g -O0  -Wfloat-equal   conftest.c  >&5
configure:13628: $? = 0
configure:13638: result: yes
configure:13647: checking whether C compiler handles -fdiagnostics-show-option
configure:13666: gcc -o conftest -finstrument-functions -g -O0  -fdiagnostics-show-option   conftest.c  >&5
configure:13666: $? = 0
configure:13676: result: yes
configure:13685: checking whether C compiler handles -funit-at-a-time
configure:13704: gcc -o conftest -finstrument-functions -g -O0  -funit-at-a-time   conftest.c  >&5
configure:13704: $? = 0
configure:13714: result: yes
configure:13723: checking whether C compiler handles -Wmissing-format-attribute
configure:13742: gcc -o conftest -finstrument-functions -g -O0  -Wmissing-format-attribute   conftest.c  >&5
configure:13742: $? = 0
configure:13752: result: yes
configure:13761: checking whether C compiler handles -Wstrict-overflow
configure:13780: gcc -o conftest -finstrument-functions -g -O0  -Wstrict-overflow   conftest.c  >&5
configure:13780: $? = 0
configure:13790: result: yes
configure:13799: checking whether C compiler handles -Wsuggest-attribute=const
configure:13818: gcc -o conftest -finstrument-functions -g -O0  -Wsuggest-attribute=const   conftest.c  >&5
configure:13818: $? = 0
configure:13828: result: yes
configure:13837: checking whether C compiler handles -Wsuggest-attribute=pure
configure:13856: gcc -o conftest -finstrument-functions -g -O0  -Wsuggest-attribute=pure   conftest.c  >&5
configure:13856: $? = 0
configure:13866: result: yes
configure:13875: checking for ANSI C header files
configure:13979: result: yes
configure:13987: checking for sys/wait.h that is POSIX.1 compatible
configure:14020: result: yes
configure:14029: checking for an ANSI C-conforming const
configure:14095: gcc -c -finstrument-functions -g -O0  conftest.c >&5
configure:14095: $? = 0
configure:14102: result: yes
configure:14110: checking for pid_t
configure:14110: result: yes
configure:14121: checking for size_t
configure:14121: gcc -c -finstrument-functions -g -O0  conftest.c >&5
configure:14121: $? = 0
configure:14121: gcc -c -finstrument-functions -g -O0  conftest.c >&5
conftest.c: In function 'main':
conftest.c:261:21: error: expected expression before ')' token
  261 | if (sizeof ((size_t)))
      |                     ^
configure:14121: $? = 1
configure: failed program was:
| /* confdefs.h */
| #define PACKAGE_NAME "GNU Time"
| #define PACKAGE_NAME "GNU Time"
| #define PACKAGE_TARNAME "time"
| #define PACKAGE_TARNAME "time"
| #define PACKAGE_VERSION "1.9"
| #define PACKAGE_VERSION "1.9"
| #define PACKAGE_STRING "GNU Time 1.9"
| #define PACKAGE_STRING "GNU Time 1.9"
| #define PACKAGE_BUGREPORT "bug-time@gnu.org"
| #define PACKAGE_BUGREPORT "bug-time@gnu.org"
| #define PACKAGE_URL "https://www.gnu.org/software/time/"
| #define PACKAGE_URL "https://www.gnu.org/software/time/"
| #define PACKAGE "time"
| #define VERSION "1.9"
| #define PACKAGE "time"
| #define VERSION "1.9"
| #define STDC_HEADERS 1
| #define HAVE_SYS_TYPES_H 1
| #define HAVE_SYS_STAT_H 1
| #define HAVE_STDLIB_H 1
| #define HAVE_STRING_H 1
| #define HAVE_MEMORY_H 1
| #define HAVE_STRINGS_H 1
| #define HAVE_INTTYPES_H 1
| #define HAVE_STDINT_H 1
| #define HAVE_UNISTD_H 1
| #define __EXTENSIONS__ 1
| #define _ALL_SOURCE 1
| #define _DARWIN_C_SOURCE 1
| #define _GNU_SOURCE 1
| #define _NETBSD_SOURCE 1
| #define _OPENBSD_SOURCE 1
| #define _POSIX_PTHREAD_SEMANTICS 1
| #define __STDC_WANT_IEC_60559_ATTRIBS_EXT__ 1
| #define __STDC_WANT_IEC_60559_BFP_EXT__ 1
| #define __STDC_WANT_IEC_60559_DFP_EXT__ 1
| #define __STDC_WANT_IEC_60559_FUNCS_EXT__ 1
| #define __STDC_WANT_IEC_60559_TYPES_EXT__ 1
| #define __STDC_WANT_LIB_EXT2__ 1
| #define __STDC_WANT_MATH_SPEC_FUNCS__ 1
| #define _TANDEM_SOURCE 1
| #define _HPUX_ALT_XOPEN_SOCKET_API 1
| #define HAVE_DECL_STRERROR_R 1
| #define HAVE_STRERROR_R 1
| #define STRERROR_R_CHAR_P 1
| #define HAVE_GETOPT_H 1
| #define HAVE_SYS_CDEFS_H 1
| #define HAVE_SYS_TIME_H 1
| #define HAVE_SYS_SOCKET_H 1
| #define HAVE_LIMITS_H 1
| #define HAVE_WCHAR_H 1
| #define HAVE_STDINT_H 1
| #define HAVE_INTTYPES_H 1
| #define HAVE_SYS_RESOURCE_H 1
| #define HAVE_SYS_WAIT_H 1
| #define HAVE_UNISTD_H 1
| #define HAVE_GETOPT_H 1
| #define HAVE_GETOPT_LONG_ONLY 1
| #define HAVE_GETRUSAGE 1
| #define HAVE_GETTIMEOFDAY 1
| #define restrict __restrict
| #define HAVE_RAW_DECL_GETTIMEOFDAY 1
| #ifndef __arm64__
| #define __arm64__ 1
| #endif
| #ifndef __arm64__
| #define __arm64__ 1
| #endif
| #define HAVE_WINT_T 1
| #define HAVE_UNSIGNED_LONG_LONG_INT 1
| #define HAVE_LONG_LONG_INT 1
| #define HAVE_RAW_DECL_IMAXABS 1
| #define HAVE_RAW_DECL_IMAXDIV 1
| #define HAVE_RAW_DECL_STRTOIMAX 1
| #define HAVE_RAW_DECL_STRTOUMAX 1
| #define HAVE_INTTYPES_H 1
| #define HAVE_SIGSET_T 1
| #define HAVE__BOOL 1
| #define HAVE_WCHAR_T 1
| #define HAVE_RAW_DECL_FFSL 1
| #define HAVE_RAW_DECL_FFSLL 1
| #define HAVE_RAW_DECL_MEMMEM 1
| #define HAVE_RAW_DECL_MEMPCPY 1
| #define HAVE_RAW_DECL_MEMRCHR 1
| #define HAVE_RAW_DECL_RAWMEMCHR 1
| #define HAVE_RAW_DECL_STPCPY 1
| #define HAVE_RAW_DECL_STPNCPY 1
| #define HAVE_RAW_DECL_STRCHRNUL 1
| #define HAVE_RAW_DECL_STRDUP 1
| #define HAVE_RAW_DECL_STRNCAT 1
| #define HAVE_RAW_DECL_STRNDUP 1
| #define HAVE_RAW_DECL_STRNLEN 1
| #define HAVE_RAW_DECL_STRPBRK 1
| #define HAVE_RAW_DECL_STRSEP 1
| #define HAVE_RAW_DECL_STRCASESTR 1
| #define HAVE_RAW_DECL_STRTOK_R 1
| #define HAVE_RAW_DECL_STRERROR_R 1
| #define HAVE_RAW_DECL_STRSIGNAL 1
| #define HAVE_RAW_DECL_STRVERSCMP 1
| #define _USE_STD_STAT 1
| #define HAVE_GETPAGESIZE 1
| #define GNULIB_TEST_GETPAGESIZE 1
| #define HAVE_DECL_PROGRAM_INVOCATION_NAME 1
| #define HAVE_DECL_PROGRAM_INVOCATION_SHORT_NAME 1
| #define HAVE_DECL___ARGV 0
| #define GNULIB_TEST_GETRUSAGE 1
| #define GETTIMEOFDAY_TIMEZONE void
| #define GNULIB_TEST_GETTIMEOFDAY 1
| #define HAVE_MALLOC_POSIX 1
| #define GNULIB_TEST_MALLOC_POSIX 1
| #define GNULIB_MSVC_NOTHROW 1
| #define HAVE_DECL_PROGRAM_INVOCATION_NAME 1
| #define HAVE_DECL_PROGRAM_INVOCATION_SHORT_NAME 1
| #define HAVE_RAW_DECL_PTHREAD_SIGMASK 1
| #define HAVE_RAW_DECL_SIGACTION 1
| #define HAVE_RAW_DECL_SIGADDSET 1
| #define HAVE_RAW_DECL_SIGDELSET 1
| #define HAVE_RAW_DECL_SIGEMPTYSET 1
| #define HAVE_RAW_DECL_SIGFILLSET 1
| #define HAVE_RAW_DECL_SIGISMEMBER 1
| #define HAVE_RAW_DECL_SIGPENDING 1
| #define HAVE_RAW_DECL_SIGPROCMASK 1
| #define __USE_MINGW_ANSI_STDIO 1
| #define GNULIB_FSCANF 1
| #define GNULIB_SCANF 1
| #define HAVE_RAW_DECL_DPRINTF 1
| #define HAVE_RAW_DECL_FSEEKO 1
| #define HAVE_RAW_DECL_FTELLO 1
| #define HAVE_RAW_DECL_GETDELIM 1
| #define HAVE_RAW_DECL_GETLINE 1
| #define HAVE_RAW_DECL_PCLOSE 1
| #define HAVE_RAW_DECL_POPEN 1
| #define HAVE_RAW_DECL_RENAMEAT 1
| #define HAVE_RAW_DECL_SNPRINTF 1
| #define HAVE_RAW_DECL_TMPFILE 1
| #define HAVE_RAW_DECL_VDPRINTF 1
| #define HAVE_RAW_DECL_VSNPRINTF 1
| #define HAVE_RAW_DECL__EXIT 1
| #define HAVE_RAW_DECL_ATOLL 1
| #define HAVE_RAW_DECL_CANONICALIZE_FILE_NAME 1
| #define HAVE_RAW_DECL_GETLOADAVG 1
| #define HAVE_RAW_DECL_GETSUBOPT 1
| #define HAVE_RAW_DECL_GRANTPT 1
| #define HAVE_RAW_DECL_INITSTATE 1
| #define HAVE_RAW_DECL_INITSTATE_R 1
| #define HAVE_RAW_DECL_MKDTEMP 1
| #define HAVE_RAW_DECL_MKOSTEMP 1
| #define HAVE_RAW_DECL_MKOSTEMPS 1
| #define HAVE_RAW_DECL_MKSTEMP 1
| #define HAVE_RAW_DECL_MKSTEMPS 1
| #define HAVE_RAW_DECL_POSIX_OPENPT 1
| #define HAVE_RAW_DECL_PTSNAME 1
| #define HAVE_RAW_DECL_PTSNAME_R 1
| #define HAVE_RAW_DECL_QSORT_R 1
| #define HAVE_RAW_DECL_RANDOM 1
| #define HAVE_RAW_DECL_RANDOM_R 1
| #define HAVE_RAW_DECL_REALLOCARRAY 1
| #define HAVE_RAW_DECL_REALPATH 1
| #define HAVE_RAW_DECL_RPMATCH 1
| #define HAVE_RAW_DECL_SECURE_GETENV 1
| #define HAVE_RAW_DECL_SETENV 1
| #define HAVE_RAW_DECL_SETSTATE 1
| #define HAVE_RAW_DECL_SETSTATE_R 1
| #define HAVE_RAW_DECL_SRANDOM 1
| #define HAVE_RAW_DECL_SRANDOM_R 1
| #define HAVE_RAW_DECL_STRTOD 1
| #define HAVE_RAW_DECL_STRTOLL 1
| #define HAVE_RAW_DECL_STRTOULL 1
| #define HAVE_RAW_DECL_UNLOCKPT 1
| #define HAVE_RAW_DECL_UNSETENV 1
| #define GNULIB_STRERROR 1
| #define GNULIB_TEST_STRERROR 1
| #define HAVE_RAW_DECL_GETRUSAGE 1
| #define HAVE_RAW_DECL_WAITPID 1
| #define HAVE_RAW_DECL_CHDIR 1
| #define HAVE_RAW_DECL_CHOWN 1
| #define HAVE_RAW_DECL_DUP 1
| #define HAVE_RAW_DECL_DUP2 1
| #define HAVE_RAW_DECL_DUP3 1
| #define HAVE_RAW_DECL_ENVIRON 1
| #define HAVE_RAW_DECL_EUIDACCESS 1
| #define HAVE_RAW_DECL_FACCESSAT 1
| #define HAVE_RAW_DECL_FCHDIR 1
| #define HAVE_RAW_DECL_FCHOWNAT 1
| #define HAVE_RAW_DECL_FDATASYNC 1
| #define HAVE_RAW_DECL_FSYNC 1
| #define HAVE_RAW_DECL_FTRUNCATE 1
| #define HAVE_RAW_DECL_GETCWD 1
| #define HAVE_RAW_DECL_GETDOMAINNAME 1
| #define HAVE_RAW_DECL_GETDTABLESIZE 1
| #define HAVE_RAW_DECL_GETGROUPS 1
| #define HAVE_RAW_DECL_GETHOSTNAME 1
| #define HAVE_RAW_DECL_GETLOGIN 1
| #define HAVE_RAW_DECL_GETLOGIN_R 1
| #define HAVE_RAW_DECL_GETPAGESIZE 1
| #define HAVE_RAW_DECL_GETUSERSHELL 1
| #define HAVE_RAW_DECL_SETUSERSHELL 1
| #define HAVE_RAW_DECL_ENDUSERSHELL 1
| #define HAVE_RAW_DECL_GROUP_MEMBER 1
| #define HAVE_RAW_DECL_ISATTY 1
| #define HAVE_RAW_DECL_LCHOWN 1
| #define HAVE_RAW_DECL_LINK 1
| #define HAVE_RAW_DECL_LINKAT 1
| #define HAVE_RAW_DECL_LSEEK 1
| #define HAVE_RAW_DECL_PIPE 1
| #define HAVE_RAW_DECL_PIPE2 1
| #define HAVE_RAW_DECL_PREAD 1
| #define HAVE_RAW_DECL_PWRITE 1
| #define HAVE_RAW_DECL_READLINK 1
| #define HAVE_RAW_DECL_READLINKAT 1
| #define HAVE_RAW_DECL_RMDIR 1
| #define HAVE_RAW_DECL_SETHOSTNAME 1
| #define HAVE_RAW_DECL_SLEEP 1
| #define HAVE_RAW_DECL_SYMLINK 1
| #define HAVE_RAW_DECL_SYMLINKAT 1
| #define HAVE_RAW_DECL_TRUNCATE 1
| #define HAVE_RAW_DECL_TTYNAME_R 1
| #define HAVE_RAW_DECL_UNLINK 1
| #define HAVE_RAW_DECL_UNLINKAT 1
| #define HAVE_RAW_DECL_USLEEP 1
| #define STDC_HEADERS 1
| #define HAVE_SYS_WAIT_H 1
| /* end confdefs.h.  */
| #include <stdio.h>
| #ifdef HAVE_SYS_TYPES_H
| # include <sys/types.h>
| #endif
| #ifdef HAVE_SYS_STAT_H
| # include <sys/stat.h>
| #endif
| #ifdef STDC_HEADERS
| # include <stdlib.h>
| # include <stddef.h>
| #else
| # ifdef HAVE_STDLIB_H
| #  include <stdlib.h>
| # endif
| #endif
| #ifdef HAVE_STRING_H
| # if !defined STDC_HEADERS && defined HAVE_MEMORY_H
| #  include <memory.h>
| # endif
| # include <string.h>
| #endif
| #ifdef HAVE_STRINGS_H
| # include <strings.h>
| #endif
| #ifdef HAVE_INTTYPES_H
| # include <inttypes.h>
| #endif
| #ifdef HAVE_STDINT_H
| # include <stdint.h>
| #endif
| #ifdef HAVE_UNISTD_H
| # include <unistd.h>
| #endif
| int
| main ()
| {
| if (sizeof ((size_t)))
| 	    return 0;
|   ;
|   return 0;
| }
configure:14121: result: yes
configure:14132: checking return type of signal handlers
configure:14150: gcc -c -finstrument-functions -g -O0  conftest.c >&5
conftest.c: In function 'main':
conftest.c:231:10: error: void value not ignored as it ought to be
  231 | return *(signal (0, 0)) (0) == 1;
      |         ~^~~~~~~~~~~~~~~~~~
configure:14150: $? = 1
configure: failed program was:
| /* confdefs.h */
| #define PACKAGE_NAME "GNU Time"
| #define PACKAGE_NAME "GNU Time"
| #define PACKAGE_TARNAME "time"
| #define PACKAGE_TARNAME "time"
| #define PACKAGE_VERSION "1.9"
| #define PACKAGE_VERSION "1.9"
| #define PACKAGE_STRING "GNU Time 1.9"
| #define PACKAGE_STRING "GNU Time 1.9"
| #define PACKAGE_BUGREPORT "bug-time@gnu.org"
| #define PACKAGE_BUGREPORT "bug-time@gnu.org"
| #define PACKAGE_URL "https://www.gnu.org/software/time/"
| #define PACKAGE_URL "https://www.gnu.org/software/time/"
| #define PACKAGE "time"
| #define VERSION "1.9"
| #define PACKAGE "time"
| #define VERSION "1.9"
| #define STDC_HEADERS 1
| #define HAVE_SYS_TYPES_H 1
| #define HAVE_SYS_STAT_H 1
| #define HAVE_STDLIB_H 1
| #define HAVE_STRING_H 1
| #define HAVE_MEMORY_H 1
| #define HAVE_STRINGS_H 1
| #define HAVE_INTTYPES_H 1
| #define HAVE_STDINT_H 1
| #define HAVE_UNISTD_H 1
| #define __EXTENSIONS__ 1
| #define _ALL_SOURCE 1
| #define _DARWIN_C_SOURCE 1
| #define _GNU_SOURCE 1
| #define _NETBSD_SOURCE 1
| #define _OPENBSD_SOURCE 1
| #define _POSIX_PTHREAD_SEMANTICS 1
| #define __STDC_WANT_IEC_60559_ATTRIBS_EXT__ 1
| #define __STDC_WANT_IEC_60559_BFP_EXT__ 1
| #define __STDC_WANT_IEC_60559_DFP_EXT__ 1
| #define __STDC_WANT_IEC_60559_FUNCS_EXT__ 1
| #define __STDC_WANT_IEC_60559_TYPES_EXT__ 1
| #define __STDC_WANT_LIB_EXT2__ 1
| #define __STDC_WANT_MATH_SPEC_FUNCS__ 1
| #define _TANDEM_SOURCE 1
| #define _HPUX_ALT_XOPEN_SOCKET_API 1
| #define HAVE_DECL_STRERROR_R 1
| #define HAVE_STRERROR_R 1
| #define STRERROR_R_CHAR_P 1
| #define HAVE_GETOPT_H 1
| #define HAVE_SYS_CDEFS_H 1
| #define HAVE_SYS_TIME_H 1
| #define HAVE_SYS_SOCKET_H 1
| #define HAVE_LIMITS_H 1
| #define HAVE_WCHAR_H 1
| #define HAVE_STDINT_H 1
| #define HAVE_INTTYPES_H 1
| #define HAVE_SYS_RESOURCE_H 1
| #define HAVE_SYS_WAIT_H 1
| #define HAVE_UNISTD_H 1
| #define HAVE_GETOPT_H 1
| #define HAVE_GETOPT_LONG_ONLY 1
| #define HAVE_GETRUSAGE 1
| #define HAVE_GETTIMEOFDAY 1
| #define restrict __restrict
| #define HAVE_RAW_DECL_GETTIMEOFDAY 1
| #ifndef __arm64__
| #define __arm64__ 1
| #endif
| #ifndef __arm64__
| #define __arm64__ 1
| #endif
| #define HAVE_WINT_T 1
| #define HAVE_UNSIGNED_LONG_LONG_INT 1
| #define HAVE_LONG_LONG_INT 1
| #define HAVE_RAW_DECL_IMAXABS 1
| #define HAVE_RAW_DECL_IMAXDIV 1
| #define HAVE_RAW_DECL_STRTOIMAX 1
| #define HAVE_RAW_DECL_STRTOUMAX 1
| #define HAVE_INTTYPES_H 1
| #define HAVE_SIGSET_T 1
| #define HAVE__BOOL 1
| #define HAVE_WCHAR_T 1
| #define HAVE_RAW_DECL_FFSL 1
| #define HAVE_RAW_DECL_FFSLL 1
| #define HAVE_RAW_DECL_MEMMEM 1
| #define HAVE_RAW_DECL_MEMPCPY 1
| #define HAVE_RAW_DECL_MEMRCHR 1
| #define HAVE_RAW_DECL_RAWMEMCHR 1
| #define HAVE_RAW_DECL_STPCPY 1
| #define HAVE_RAW_DECL_STPNCPY 1
| #define HAVE_RAW_DECL_STRCHRNUL 1
| #define HAVE_RAW_DECL_STRDUP 1
| #define HAVE_RAW_DECL_STRNCAT 1
| #define HAVE_RAW_DECL_STRNDUP 1
| #define HAVE_RAW_DECL_STRNLEN 1
| #define HAVE_RAW_DECL_STRPBRK 1
| #define HAVE_RAW_DECL_STRSEP 1
| #define HAVE_RAW_DECL_STRCASESTR 1
| #define HAVE_RAW_DECL_STRTOK_R 1
| #define HAVE_RAW_DECL_STRERROR_R 1
| #define HAVE_RAW_DECL_STRSIGNAL 1
| #define HAVE_RAW_DECL_STRVERSCMP 1
| #define _USE_STD_STAT 1
| #define HAVE_GETPAGESIZE 1
| #define GNULIB_TEST_GETPAGESIZE 1
| #define HAVE_DECL_PROGRAM_INVOCATION_NAME 1
| #define HAVE_DECL_PROGRAM_INVOCATION_SHORT_NAME 1
| #define HAVE_DECL___ARGV 0
| #define GNULIB_TEST_GETRUSAGE 1
| #define GETTIMEOFDAY_TIMEZONE void
| #define GNULIB_TEST_GETTIMEOFDAY 1
| #define HAVE_MALLOC_POSIX 1
| #define GNULIB_TEST_MALLOC_POSIX 1
| #define GNULIB_MSVC_NOTHROW 1
| #define HAVE_DECL_PROGRAM_INVOCATION_NAME 1
| #define HAVE_DECL_PROGRAM_INVOCATION_SHORT_NAME 1
| #define HAVE_RAW_DECL_PTHREAD_SIGMASK 1
| #define HAVE_RAW_DECL_SIGACTION 1
| #define HAVE_RAW_DECL_SIGADDSET 1
| #define HAVE_RAW_DECL_SIGDELSET 1
| #define HAVE_RAW_DECL_SIGEMPTYSET 1
| #define HAVE_RAW_DECL_SIGFILLSET 1
| #define HAVE_RAW_DECL_SIGISMEMBER 1
| #define HAVE_RAW_DECL_SIGPENDING 1
| #define HAVE_RAW_DECL_SIGPROCMASK 1
| #define __USE_MINGW_ANSI_STDIO 1
| #define GNULIB_FSCANF 1
| #define GNULIB_SCANF 1
| #define HAVE_RAW_DECL_DPRINTF 1
| #define HAVE_RAW_DECL_FSEEKO 1
| #define HAVE_RAW_DECL_FTELLO 1
| #define HAVE_RAW_DECL_GETDELIM 1
| #define HAVE_RAW_DECL_GETLINE 1
| #define HAVE_RAW_DECL_PCLOSE 1
| #define HAVE_RAW_DECL_POPEN 1
| #define HAVE_RAW_DECL_RENAMEAT 1
| #define HAVE_RAW_DECL_SNPRINTF 1
| #define HAVE_RAW_DECL_TMPFILE 1
| #define HAVE_RAW_DECL_VDPRINTF 1
| #define HAVE_RAW_DECL_VSNPRINTF 1
| #define HAVE_RAW_DECL__EXIT 1
| #define HAVE_RAW_DECL_ATOLL 1
| #define HAVE_RAW_DECL_CANONICALIZE_FILE_NAME 1
| #define HAVE_RAW_DECL_GETLOADAVG 1
| #define HAVE_RAW_DECL_GETSUBOPT 1
| #define HAVE_RAW_DECL_GRANTPT 1
| #define HAVE_RAW_DECL_INITSTATE 1
| #define HAVE_RAW_DECL_INITSTATE_R 1
| #define HAVE_RAW_DECL_MKDTEMP 1
| #define HAVE_RAW_DECL_MKOSTEMP 1
| #define HAVE_RAW_DECL_MKOSTEMPS 1
| #define HAVE_RAW_DECL_MKSTEMP 1
| #define HAVE_RAW_DECL_MKSTEMPS 1
| #define HAVE_RAW_DECL_POSIX_OPENPT 1
| #define HAVE_RAW_DECL_PTSNAME 1
| #define HAVE_RAW_DECL_PTSNAME_R 1
| #define HAVE_RAW_DECL_QSORT_R 1
| #define HAVE_RAW_DECL_RANDOM 1
| #define HAVE_RAW_DECL_RANDOM_R 1
| #define HAVE_RAW_DECL_REALLOCARRAY 1
| #define HAVE_RAW_DECL_REALPATH 1
| #define HAVE_RAW_DECL_RPMATCH 1
| #define HAVE_RAW_DECL_SECURE_GETENV 1
| #define HAVE_RAW_DECL_SETENV 1
| #define HAVE_RAW_DECL_SETSTATE 1
| #define HAVE_RAW_DECL_SETSTATE_R 1
| #define HAVE_RAW_DECL_SRANDOM 1
| #define HAVE_RAW_DECL_SRANDOM_R 1
| #define HAVE_RAW_DECL_STRTOD 1
| #define HAVE_RAW_DECL_STRTOLL 1
| #define HAVE_RAW_DECL_STRTOULL 1
| #define HAVE_RAW_DECL_UNLOCKPT 1
| #define HAVE_RAW_DECL_UNSETENV 1
| #define GNULIB_STRERROR 1
| #define GNULIB_TEST_STRERROR 1
| #define HAVE_RAW_DECL_GETRUSAGE 1
| #define HAVE_RAW_DECL_WAITPID 1
| #define HAVE_RAW_DECL_CHDIR 1
| #define HAVE_RAW_DECL_CHOWN 1
| #define HAVE_RAW_DECL_DUP 1
| #define HAVE_RAW_DECL_DUP2 1
| #define HAVE_RAW_DECL_DUP3 1
| #define HAVE_RAW_DECL_ENVIRON 1
| #define HAVE_RAW_DECL_EUIDACCESS 1
| #define HAVE_RAW_DECL_FACCESSAT 1
| #define HAVE_RAW_DECL_FCHDIR 1
| #define HAVE_RAW_DECL_FCHOWNAT 1
| #define HAVE_RAW_DECL_FDATASYNC 1
| #define HAVE_RAW_DECL_FSYNC 1
| #define HAVE_RAW_DECL_FTRUNCATE 1
| #define HAVE_RAW_DECL_GETCWD 1
| #define HAVE_RAW_DECL_GETDOMAINNAME 1
| #define HAVE_RAW_DECL_GETDTABLESIZE 1
| #define HAVE_RAW_DECL_GETGROUPS 1
| #define HAVE_RAW_DECL_GETHOSTNAME 1
| #define HAVE_RAW_DECL_GETLOGIN 1
| #define HAVE_RAW_DECL_GETLOGIN_R 1
| #define HAVE_RAW_DECL_GETPAGESIZE 1
| #define HAVE_RAW_DECL_GETUSERSHELL 1
| #define HAVE_RAW_DECL_SETUSERSHELL 1
| #define HAVE_RAW_DECL_ENDUSERSHELL 1
| #define HAVE_RAW_DECL_GROUP_MEMBER 1
| #define HAVE_RAW_DECL_ISATTY 1
| #define HAVE_RAW_DECL_LCHOWN 1
| #define HAVE_RAW_DECL_LINK 1
| #define HAVE_RAW_DECL_LINKAT 1
| #define HAVE_RAW_DECL_LSEEK 1
| #define HAVE_RAW_DECL_PIPE 1
| #define HAVE_RAW_DECL_PIPE2 1
| #define HAVE_RAW_DECL_PREAD 1
| #define HAVE_RAW_DECL_PWRITE 1
| #define HAVE_RAW_DECL_READLINK 1
| #define HAVE_RAW_DECL_READLINKAT 1
| #define HAVE_RAW_DECL_RMDIR 1
| #define HAVE_RAW_DECL_SETHOSTNAME 1
| #define HAVE_RAW_DECL_SLEEP 1
| #define HAVE_RAW_DECL_SYMLINK 1
| #define HAVE_RAW_DECL_SYMLINKAT 1
| #define HAVE_RAW_DECL_TRUNCATE 1
| #define HAVE_RAW_DECL_TTYNAME_R 1
| #define HAVE_RAW_DECL_UNLINK 1
| #define HAVE_RAW_DECL_UNLINKAT 1
| #define HAVE_RAW_DECL_USLEEP 1
| #define STDC_HEADERS 1
| #define HAVE_SYS_WAIT_H 1
| /* end confdefs.h.  */
| #include <sys/types.h>
| #include <signal.h>
| 
| int
| main ()
| {
| return *(signal (0, 0)) (0) == 1;
|   ;
|   return 0;
| }
configure:14157: result: void
configure:14168: checking for vprintf
configure:14168: gcc -o conftest -finstrument-functions -g -O0   conftest.c  >&5
conftest.c:249:6: warning: conflicting types for built-in function 'vprintf'; expected 'int(const char *, __va_list)' [-Wbuiltin-declaration-mismatch]
  249 | char vprintf ();
      |      ^~~~~~~
conftest.c:237:1: note: 'vprintf' is declared in header '<stdio.h>'
  236 | # include <limits.h>
  237 | #else
configure:14168: $? = 0
configure:14168: result: yes
configure:14174: checking for _doprnt
configure:14174: gcc -o conftest -finstrument-functions -g -O0   conftest.c  >&5
/usr/bin/ld: /tmp/ccE8e3So.o: in function `main':
/root/SmartC2Rust/macro/trans_re_0000/time-1.9/conftest.c:261: undefined reference to `_doprnt'
collect2: error: ld returned 1 exit status
configure:14174: $? = 1
configure: failed program was:
| /* confdefs.h */
| #define PACKAGE_NAME "GNU Time"
| #define PACKAGE_NAME "GNU Time"
| #define PACKAGE_TARNAME "time"
| #define PACKAGE_TARNAME "time"
| #define PACKAGE_VERSION "1.9"
| #define PACKAGE_VERSION "1.9"
| #define PACKAGE_STRING "GNU Time 1.9"
| #define PACKAGE_STRING "GNU Time 1.9"
| #define PACKAGE_BUGREPORT "bug-time@gnu.org"
| #define PACKAGE_BUGREPORT "bug-time@gnu.org"
| #define PACKAGE_URL "https://www.gnu.org/software/time/"
| #define PACKAGE_URL "https://www.gnu.org/software/time/"
| #define PACKAGE "time"
| #define VERSION "1.9"
| #define PACKAGE "time"
| #define VERSION "1.9"
| #define STDC_HEADERS 1
| #define HAVE_SYS_TYPES_H 1
| #define HAVE_SYS_STAT_H 1
| #define HAVE_STDLIB_H 1
| #define HAVE_STRING_H 1
| #define HAVE_MEMORY_H 1
| #define HAVE_STRINGS_H 1
| #define HAVE_INTTYPES_H 1
| #define HAVE_STDINT_H 1
| #define HAVE_UNISTD_H 1
| #define __EXTENSIONS__ 1
| #define _ALL_SOURCE 1
| #define _DARWIN_C_SOURCE 1
| #define _GNU_SOURCE 1
| #define _NETBSD_SOURCE 1
| #define _OPENBSD_SOURCE 1
| #define _POSIX_PTHREAD_SEMANTICS 1
| #define __STDC_WANT_IEC_60559_ATTRIBS_EXT__ 1
| #define __STDC_WANT_IEC_60559_BFP_EXT__ 1
| #define __STDC_WANT_IEC_60559_DFP_EXT__ 1
| #define __STDC_WANT_IEC_60559_FUNCS_EXT__ 1
| #define __STDC_WANT_IEC_60559_TYPES_EXT__ 1
| #define __STDC_WANT_LIB_EXT2__ 1
| #define __STDC_WANT_MATH_SPEC_FUNCS__ 1
| #define _TANDEM_SOURCE 1
| #define _HPUX_ALT_XOPEN_SOCKET_API 1
| #define HAVE_DECL_STRERROR_R 1
| #define HAVE_STRERROR_R 1
| #define STRERROR_R_CHAR_P 1
| #define HAVE_GETOPT_H 1
| #define HAVE_SYS_CDEFS_H 1
| #define HAVE_SYS_TIME_H 1
| #define HAVE_SYS_SOCKET_H 1
| #define HAVE_LIMITS_H 1
| #define HAVE_WCHAR_H 1
| #define HAVE_STDINT_H 1
| #define HAVE_INTTYPES_H 1
| #define HAVE_SYS_RESOURCE_H 1
| #define HAVE_SYS_WAIT_H 1
| #define HAVE_UNISTD_H 1
| #define HAVE_GETOPT_H 1
| #define HAVE_GETOPT_LONG_ONLY 1
| #define HAVE_GETRUSAGE 1
| #define HAVE_GETTIMEOFDAY 1
| #define restrict __restrict
| #define HAVE_RAW_DECL_GETTIMEOFDAY 1
| #ifndef __arm64__
| #define __arm64__ 1
| #endif
| #ifndef __arm64__
| #define __arm64__ 1
| #endif
| #define HAVE_WINT_T 1
| #define HAVE_UNSIGNED_LONG_LONG_INT 1
| #define HAVE_LONG_LONG_INT 1
| #define HAVE_RAW_DECL_IMAXABS 1
| #define HAVE_RAW_DECL_IMAXDIV 1
| #define HAVE_RAW_DECL_STRTOIMAX 1
| #define HAVE_RAW_DECL_STRTOUMAX 1
| #define HAVE_INTTYPES_H 1
| #define HAVE_SIGSET_T 1
| #define HAVE__BOOL 1
| #define HAVE_WCHAR_T 1
| #define HAVE_RAW_DECL_FFSL 1
| #define HAVE_RAW_DECL_FFSLL 1
| #define HAVE_RAW_DECL_MEMMEM 1
| #define HAVE_RAW_DECL_MEMPCPY 1
| #define HAVE_RAW_DECL_MEMRCHR 1
| #define HAVE_RAW_DECL_RAWMEMCHR 1
| #define HAVE_RAW_DECL_STPCPY 1
| #define HAVE_RAW_DECL_STPNCPY 1
| #define HAVE_RAW_DECL_STRCHRNUL 1
| #define HAVE_RAW_DECL_STRDUP 1
| #define HAVE_RAW_DECL_STRNCAT 1
| #define HAVE_RAW_DECL_STRNDUP 1
| #define HAVE_RAW_DECL_STRNLEN 1
| #define HAVE_RAW_DECL_STRPBRK 1
| #define HAVE_RAW_DECL_STRSEP 1
| #define HAVE_RAW_DECL_STRCASESTR 1
| #define HAVE_RAW_DECL_STRTOK_R 1
| #define HAVE_RAW_DECL_STRERROR_R 1
| #define HAVE_RAW_DECL_STRSIGNAL 1
| #define HAVE_RAW_DECL_STRVERSCMP 1
| #define _USE_STD_STAT 1
| #define HAVE_GETPAGESIZE 1
| #define GNULIB_TEST_GETPAGESIZE 1
| #define HAVE_DECL_PROGRAM_INVOCATION_NAME 1
| #define HAVE_DECL_PROGRAM_INVOCATION_SHORT_NAME 1
| #define HAVE_DECL___ARGV 0
| #define GNULIB_TEST_GETRUSAGE 1
| #define GETTIMEOFDAY_TIMEZONE void
| #define GNULIB_TEST_GETTIMEOFDAY 1
| #define HAVE_MALLOC_POSIX 1
| #define GNULIB_TEST_MALLOC_POSIX 1
| #define GNULIB_MSVC_NOTHROW 1
| #define HAVE_DECL_PROGRAM_INVOCATION_NAME 1
| #define HAVE_DECL_PROGRAM_INVOCATION_SHORT_NAME 1
| #define HAVE_RAW_DECL_PTHREAD_SIGMASK 1
| #define HAVE_RAW_DECL_SIGACTION 1
| #define HAVE_RAW_DECL_SIGADDSET 1
| #define HAVE_RAW_DECL_SIGDELSET 1
| #define HAVE_RAW_DECL_SIGEMPTYSET 1
| #define HAVE_RAW_DECL_SIGFILLSET 1
| #define HAVE_RAW_DECL_SIGISMEMBER 1
| #define HAVE_RAW_DECL_SIGPENDING 1
| #define HAVE_RAW_DECL_SIGPROCMASK 1
| #define __USE_MINGW_ANSI_STDIO 1
| #define GNULIB_FSCANF 1
| #define GNULIB_SCANF 1
| #define HAVE_RAW_DECL_DPRINTF 1
| #define HAVE_RAW_DECL_FSEEKO 1
| #define HAVE_RAW_DECL_FTELLO 1
| #define HAVE_RAW_DECL_GETDELIM 1
| #define HAVE_RAW_DECL_GETLINE 1
| #define HAVE_RAW_DECL_PCLOSE 1
| #define HAVE_RAW_DECL_POPEN 1
| #define HAVE_RAW_DECL_RENAMEAT 1
| #define HAVE_RAW_DECL_SNPRINTF 1
| #define HAVE_RAW_DECL_TMPFILE 1
| #define HAVE_RAW_DECL_VDPRINTF 1
| #define HAVE_RAW_DECL_VSNPRINTF 1
| #define HAVE_RAW_DECL__EXIT 1
| #define HAVE_RAW_DECL_ATOLL 1
| #define HAVE_RAW_DECL_CANONICALIZE_FILE_NAME 1
| #define HAVE_RAW_DECL_GETLOADAVG 1
| #define HAVE_RAW_DECL_GETSUBOPT 1
| #define HAVE_RAW_DECL_GRANTPT 1
| #define HAVE_RAW_DECL_INITSTATE 1
| #define HAVE_RAW_DECL_INITSTATE_R 1
| #define HAVE_RAW_DECL_MKDTEMP 1
| #define HAVE_RAW_DECL_MKOSTEMP 1
| #define HAVE_RAW_DECL_MKOSTEMPS 1
| #define HAVE_RAW_DECL_MKSTEMP 1
| #define HAVE_RAW_DECL_MKSTEMPS 1
| #define HAVE_RAW_DECL_POSIX_OPENPT 1
| #define HAVE_RAW_DECL_PTSNAME 1
| #define HAVE_RAW_DECL_PTSNAME_R 1
| #define HAVE_RAW_DECL_QSORT_R 1
| #define HAVE_RAW_DECL_RANDOM 1
| #define HAVE_RAW_DECL_RANDOM_R 1
| #define HAVE_RAW_DECL_REALLOCARRAY 1
| #define HAVE_RAW_DECL_REALPATH 1
| #define HAVE_RAW_DECL_RPMATCH 1
| #define HAVE_RAW_DECL_SECURE_GETENV 1
| #define HAVE_RAW_DECL_SETENV 1
| #define HAVE_RAW_DECL_SETSTATE 1
| #define HAVE_RAW_DECL_SETSTATE_R 1
| #define HAVE_RAW_DECL_SRANDOM 1
| #define HAVE_RAW_DECL_SRANDOM_R 1
| #define HAVE_RAW_DECL_STRTOD 1
| #define HAVE_RAW_DECL_STRTOLL 1
| #define HAVE_RAW_DECL_STRTOULL 1
| #define HAVE_RAW_DECL_UNLOCKPT 1
| #define HAVE_RAW_DECL_UNSETENV 1
| #define GNULIB_STRERROR 1
| #define GNULIB_TEST_STRERROR 1
| #define HAVE_RAW_DECL_GETRUSAGE 1
| #define HAVE_RAW_DECL_WAITPID 1
| #define HAVE_RAW_DECL_CHDIR 1
| #define HAVE_RAW_DECL_CHOWN 1
| #define HAVE_RAW_DECL_DUP 1
| #define HAVE_RAW_DECL_DUP2 1
| #define HAVE_RAW_DECL_DUP3 1
| #define HAVE_RAW_DECL_ENVIRON 1
| #define HAVE_RAW_DECL_EUIDACCESS 1
| #define HAVE_RAW_DECL_FACCESSAT 1
| #define HAVE_RAW_DECL_FCHDIR 1
| #define HAVE_RAW_DECL_FCHOWNAT 1
| #define HAVE_RAW_DECL_FDATASYNC 1
| #define HAVE_RAW_DECL_FSYNC 1
| #define HAVE_RAW_DECL_FTRUNCATE 1
| #define HAVE_RAW_DECL_GETCWD 1
| #define HAVE_RAW_DECL_GETDOMAINNAME 1
| #define HAVE_RAW_DECL_GETDTABLESIZE 1
| #define HAVE_RAW_DECL_GETGROUPS 1
| #define HAVE_RAW_DECL_GETHOSTNAME 1
| #define HAVE_RAW_DECL_GETLOGIN 1
| #define HAVE_RAW_DECL_GETLOGIN_R 1
| #define HAVE_RAW_DECL_GETPAGESIZE 1
| #define HAVE_RAW_DECL_GETUSERSHELL 1
| #define HAVE_RAW_DECL_SETUSERSHELL 1
| #define HAVE_RAW_DECL_ENDUSERSHELL 1
| #define HAVE_RAW_DECL_GROUP_MEMBER 1
| #define HAVE_RAW_DECL_ISATTY 1
| #define HAVE_RAW_DECL_LCHOWN 1
| #define HAVE_RAW_DECL_LINK 1
| #define HAVE_RAW_DECL_LINKAT 1
| #define HAVE_RAW_DECL_LSEEK 1
| #define HAVE_RAW_DECL_PIPE 1
| #define HAVE_RAW_DECL_PIPE2 1
| #define HAVE_RAW_DECL_PREAD 1
| #define HAVE_RAW_DECL_PWRITE 1
| #define HAVE_RAW_DECL_READLINK 1
| #define HAVE_RAW_DECL_READLINKAT 1
| #define HAVE_RAW_DECL_RMDIR 1
| #define HAVE_RAW_DECL_SETHOSTNAME 1
| #define HAVE_RAW_DECL_SLEEP 1
| #define HAVE_RAW_DECL_SYMLINK 1
| #define HAVE_RAW_DECL_SYMLINKAT 1
| #define HAVE_RAW_DECL_TRUNCATE 1
| #define HAVE_RAW_DECL_TTYNAME_R 1
| #define HAVE_RAW_DECL_UNLINK 1
| #define HAVE_RAW_DECL_UNLINKAT 1
| #define HAVE_RAW_DECL_USLEEP 1
| #define STDC_HEADERS 1
| #define HAVE_SYS_WAIT_H 1
| #define RETSIGTYPE void
| #define HAVE_VPRINTF 1
| /* end confdefs.h.  */
| /* Define _doprnt to an innocuous variant, in case <limits.h> declares _doprnt.
|    For example, HP-UX 11i <limits.h> declares gettimeofday.  */
| #define _doprnt innocuous__doprnt
| 
| /* System header to define __stub macros and hopefully few prototypes,
|     which can conflict with char _doprnt (); below.
|     Prefer <limits.h> to <assert.h> if __STDC__ is defined, since
|     <limits.h> exists even on freestanding compilers.  */
| 
| #ifdef __STDC__
| # include <limits.h>
| #else
| # include <assert.h>
| #endif
| 
| #undef _doprnt
| 
| /* Override any GCC internal prototype to avoid an error.
|    Use char because int might match the return type of a GCC
|    builtin and then its argument prototype would still apply.  */
| #ifdef __cplusplus
| extern "C"
| #endif
| char _doprnt ();
| /* The GNU C library defines this for functions which it implements
|     to always fail with ENOSYS.  Some functions are actually named
|     something starting with __ and the normal name is an alias.  */
| #if defined __stub__doprnt || defined __stub____doprnt
| choke me
| #endif
| 
| int
| main ()
| {
| return _doprnt ();
|   ;
|   return 0;
| }
configure:14174: result: no
configure:14185: checking for wait3 that fills in rusage
configure:14231: gcc -o conftest -finstrument-functions -g -O0   conftest.c  >&5
configure:14231: $? = 0
configure:14231: ./conftest
configure:14231: $? = 0
configure:14241: result: yes
configure:14251: checking for strerror
configure:14251: gcc -o conftest -finstrument-functions -g -O0   conftest.c  >&5
configure:14251: $? = 0
configure:14251: result: yes
configure:14422: checking that generated files are newer than configure
configure:14428: result: done
configure:14546: creating ./config.status

## ---------------------- ##
## Running config.status. ##
## ---------------------- ##

This file was extended by GNU Time config.status 1.9, which was
generated by GNU Autoconf 2.69.  Invocation command line was

  CONFIG_FILES    = 
  CONFIG_HEADERS  = 
  CONFIG_LINKS    = 
  CONFIG_COMMANDS = 
  $ ./config.status 

on e633d60546c5

config.status:1656: creating Makefile
config.status:1656: creating config.h
config.status:1916: executing depfiles commands

## ---------------- ##
## Cache variables. ##
## ---------------- ##

ac_cv_build=aarch64-unknown-linux-gnu
ac_cv_c_compiler_gnu=yes
ac_cv_c_const=yes
ac_cv_c_inline=inline
ac_cv_c_restrict=__restrict
ac_cv_env_CC_set=set
ac_cv_env_CC_value=gcc
ac_cv_env_CFLAGS_set=set
ac_cv_env_CFLAGS_value='-finstrument-functions -g -O0'
ac_cv_env_CPPFLAGS_set=
ac_cv_env_CPPFLAGS_value=
ac_cv_env_CPP_set=
ac_cv_env_CPP_value=
ac_cv_env_LDFLAGS_set=
ac_cv_env_LDFLAGS_value=
ac_cv_env_LIBS_set=
ac_cv_env_LIBS_value=
ac_cv_env_build_alias_set=
ac_cv_env_build_alias_value=
ac_cv_env_host_alias_set=
ac_cv_env_host_alias_value=
ac_cv_env_target_alias_set=
ac_cv_env_target_alias_value=
ac_cv_func__doprnt=no
ac_cv_func__set_invalid_parameter_handler=no
ac_cv_func_getexecname=no
ac_cv_func_getopt_long_only=yes
ac_cv_func_getpagesize=yes
ac_cv_func_getprogname=no
ac_cv_func_getrusage=yes
ac_cv_func_gettimeofday=yes
ac_cv_func_strerror=yes
ac_cv_func_strerror_r=yes
ac_cv_func_strerror_r_char_p=yes
ac_cv_func_vprintf=yes
ac_cv_func_wait3_rusage=yes
ac_cv_have_decl__Exit=yes
ac_cv_have_decl___argv=no
ac_cv_have_decl_atoll=yes
ac_cv_have_decl_canonicalize_file_name=yes
ac_cv_have_decl_chdir=yes
ac_cv_have_decl_chown=yes
ac_cv_have_decl_dprintf=yes
ac_cv_have_decl_dup2=yes
ac_cv_have_decl_dup3=yes
ac_cv_have_decl_dup=yes
ac_cv_have_decl_endusershell=yes
ac_cv_have_decl_environ=yes
ac_cv_have_decl_euidaccess=yes
ac_cv_have_decl_faccessat=yes
ac_cv_have_decl_fchdir=yes
ac_cv_have_decl_fchownat=yes
ac_cv_have_decl_fdatasync=yes
ac_cv_have_decl_ffsl=yes
ac_cv_have_decl_ffsll=yes
ac_cv_have_decl_fseeko=yes
ac_cv_have_decl_fsync=yes
ac_cv_have_decl_ftello=yes
ac_cv_have_decl_ftruncate=yes
ac_cv_have_decl_getcwd=yes
ac_cv_have_decl_getdelim=yes
ac_cv_have_decl_getdomainname=yes
ac_cv_have_decl_getdtablesize=yes
ac_cv_have_decl_getgroups=yes
ac_cv_have_decl_gethostname=yes
ac_cv_have_decl_getline=yes
ac_cv_have_decl_getloadavg=yes
ac_cv_have_decl_getlogin=yes
ac_cv_have_decl_getlogin_r=yes
ac_cv_have_decl_getpagesize=yes
ac_cv_have_decl_getrusage=yes
ac_cv_have_decl_getsubopt=yes
ac_cv_have_decl_gettimeofday=yes
ac_cv_have_decl_getusershell=yes
ac_cv_have_decl_grantpt=yes
ac_cv_have_decl_group_member=yes
ac_cv_have_decl_imaxabs=yes
ac_cv_have_decl_imaxdiv=yes
ac_cv_have_decl_initstate=yes
ac_cv_have_decl_initstate_r=yes
ac_cv_have_decl_isatty=yes
ac_cv_have_decl_lchown=yes
ac_cv_have_decl_link=yes
ac_cv_have_decl_linkat=yes
ac_cv_have_decl_lseek=yes
ac_cv_have_decl_memmem=yes
ac_cv_have_decl_mempcpy=yes
ac_cv_have_decl_memrchr=yes
ac_cv_have_decl_mkdtemp=yes
ac_cv_have_decl_mkostemp=yes
ac_cv_have_decl_mkostemps=yes
ac_cv_have_decl_mkstemp=yes
ac_cv_have_decl_mkstemps=yes
ac_cv_have_decl_pclose=yes
ac_cv_have_decl_pipe2=yes
ac_cv_have_decl_pipe=yes
ac_cv_have_decl_popen=yes
ac_cv_have_decl_posix_openpt=yes
ac_cv_have_decl_pread=yes
ac_cv_have_decl_program_invocation_name=yes
ac_cv_have_decl_program_invocation_short_name=yes
ac_cv_have_decl_pthread_sigmask=yes
ac_cv_have_decl_ptsname=yes
ac_cv_have_decl_ptsname_r=yes
ac_cv_have_decl_pwrite=yes
ac_cv_have_decl_qsort_r=yes
ac_cv_have_decl_random=yes
ac_cv_have_decl_random_r=yes
ac_cv_have_decl_rawmemchr=yes
ac_cv_have_decl_readlink=yes
ac_cv_have_decl_readlinkat=yes
ac_cv_have_decl_reallocarray=yes
ac_cv_have_decl_realpath=yes
ac_cv_have_decl_renameat=yes
ac_cv_have_decl_rmdir=yes
ac_cv_have_decl_rpmatch=yes
ac_cv_have_decl_secure_getenv=yes
ac_cv_have_decl_setenv=yes
ac_cv_have_decl_sethostname=yes
ac_cv_have_decl_setstate=yes
ac_cv_have_decl_setstate_r=yes
ac_cv_have_decl_setusershell=yes
ac_cv_have_decl_sigaction=yes
ac_cv_have_decl_sigaddset=yes
ac_cv_have_decl_sigdelset=yes
ac_cv_have_decl_sigemptyset=yes
ac_cv_have_decl_sigfillset=yes
ac_cv_have_decl_sigismember=yes
ac_cv_have_decl_sigpending=yes
ac_cv_have_decl_sigprocmask=yes
ac_cv_have_decl_sleep=yes
ac_cv_have_decl_snprintf=yes
ac_cv_have_decl_srandom=yes
ac_cv_have_decl_srandom_r=yes
ac_cv_have_decl_stpcpy=yes
ac_cv_have_decl_stpncpy=yes
ac_cv_have_decl_strcasestr=yes
ac_cv_have_decl_strchrnul=yes
ac_cv_have_decl_strdup=yes
ac_cv_have_decl_strerror_r=yes
ac_cv_have_decl_strncat=yes
ac_cv_have_decl_strndup=yes
ac_cv_have_decl_strnlen=yes
ac_cv_have_decl_strpbrk=yes
ac_cv_have_decl_strsep=yes
ac_cv_have_decl_strsignal=yes
ac_cv_have_decl_strtod=yes
ac_cv_have_decl_strtoimax=yes
ac_cv_have_decl_strtok_r=yes
ac_cv_have_decl_strtoll=yes
ac_cv_have_decl_strtoull=yes
ac_cv_have_decl_strtoumax=yes
ac_cv_have_decl_strverscmp=yes
ac_cv_have_decl_symlink=yes
ac_cv_have_decl_symlinkat=yes
ac_cv_have_decl_tmpfile=yes
ac_cv_have_decl_truncate=yes
ac_cv_have_decl_ttyname_r=yes
ac_cv_have_decl_unlink=yes
ac_cv_have_decl_unlinkat=yes
ac_cv_have_decl_unlockpt=yes
ac_cv_have_decl_unsetenv=yes
ac_cv_have_decl_usleep=yes
ac_cv_have_decl_vdprintf=yes
ac_cv_have_decl_vsnprintf=yes
ac_cv_have_decl_waitpid=yes
ac_cv_header_getopt_h=yes
ac_cv_header_inttypes_h=yes
ac_cv_header_limits_h=yes
ac_cv_header_memory_h=yes
ac_cv_header_minix_config_h=no
ac_cv_header_stdbool_h=yes
ac_cv_header_stdc=yes
ac_cv_header_stdint_h=yes
ac_cv_header_stdlib_h=yes
ac_cv_header_string_h=yes
ac_cv_header_strings_h=yes
ac_cv_header_sys_cdefs_h=yes
ac_cv_header_sys_resource_h=yes
ac_cv_header_sys_socket_h=yes
ac_cv_header_sys_stat_h=yes
ac_cv_header_sys_time_h=yes
ac_cv_header_sys_types_h=yes
ac_cv_header_sys_wait_h=yes
ac_cv_header_unistd_h=yes
ac_cv_header_wchar_h=yes
ac_cv_host=aarch64-unknown-linux-gnu
ac_cv_lib_error_at_line=yes
ac_cv_objext=o
ac_cv_path_EGREP='/usr/bin/grep -E'
ac_cv_path_GREP=/usr/bin/grep
ac_cv_path_SED=/usr/bin/sed
ac_cv_path_install='/bin/install -c'
ac_cv_path_mkdir=/usr/bin/mkdir
ac_cv_prog_AWK=mawk
ac_cv_prog_CPP='gcc -E'
ac_cv_prog_ac_ct_AR=ar
ac_cv_prog_ac_ct_CC=gcc
ac_cv_prog_ac_ct_RANLIB=ranlib
ac_cv_prog_cc_c89=
ac_cv_prog_cc_c99=
ac_cv_prog_cc_g=yes
ac_cv_prog_cc_stdc=
ac_cv_prog_gcc_traditional=no
ac_cv_prog_make_make_set=yes
ac_cv_safe_to_define___extensions__=yes
ac_cv_should_define__xopen_source=no
ac_cv_type__Bool=yes
ac_cv_type_long_long_int=yes
ac_cv_type_max_align_t=yes
ac_cv_type_mode_t=yes
ac_cv_type_pid_t=yes
ac_cv_type_sighandler_t=yes
ac_cv_type_signal=void
ac_cv_type_sigset_t=yes
ac_cv_type_size_t=yes
ac_cv_type_uid_t=yes
ac_cv_type_unsigned_long_long_int=yes
ac_cv_type_volatile_sig_atomic_t=yes
am_cv_CC_dependencies_compiler_type=gcc3
am_cv_make_support_nested_variables=yes
am_cv_prog_cc_c_o=yes
gl_cv_c_amsterdam_compiler=no
gl_cv_c_multiarch=no
gl_cv_decl_null_works=yes
gl_cv_double_slash_root=no
gl_cv_func_getopt_gnu=yes
gl_cv_func_getopt_long_gnu=yes
gl_cv_func_getopt_posix=yes
gl_cv_func_gettimeofday_clobber=no
gl_cv_func_gettimeofday_posix_signature=yes
gl_cv_func_malloc_posix=yes
gl_cv_func_printf_attribute_flavor=system
gl_cv_func_strerror_0_works=yes
gl_cv_func_va_copy=yes
gl_cv_func_working_strerror=yes
gl_cv_have_include_next=yes
gl_cv_have_raw_decl__Exit=yes
gl_cv_have_raw_decl_atoll=yes
gl_cv_have_raw_decl_canonicalize_file_name=yes
gl_cv_have_raw_decl_chdir=yes
gl_cv_have_raw_decl_chown=yes
gl_cv_have_raw_decl_dprintf=yes
gl_cv_have_raw_decl_dup2=yes
gl_cv_have_raw_decl_dup3=yes
gl_cv_have_raw_decl_dup=yes
gl_cv_have_raw_decl_endusershell=yes
gl_cv_have_raw_decl_environ=yes
gl_cv_have_raw_decl_euidaccess=yes
gl_cv_have_raw_decl_faccessat=yes
gl_cv_have_raw_decl_fchdir=yes
gl_cv_have_raw_decl_fchownat=yes
gl_cv_have_raw_decl_fdatasync=yes
gl_cv_have_raw_decl_ffsl=yes
gl_cv_have_raw_decl_ffsll=yes
gl_cv_have_raw_decl_fpurge=no
gl_cv_have_raw_decl_fseeko=yes
gl_cv_have_raw_decl_fsync=yes
gl_cv_have_raw_decl_ftello=yes
gl_cv_have_raw_decl_ftruncate=yes
gl_cv_have_raw_decl_getcwd=yes
gl_cv_have_raw_decl_getdelim=yes
gl_cv_have_raw_decl_getdomainname=yes
gl_cv_have_raw_decl_getdtablesize=yes
gl_cv_have_raw_decl_getgroups=yes
gl_cv_have_raw_decl_gethostname=yes
gl_cv_have_raw_decl_getline=yes
gl_cv_have_raw_decl_getloadavg=yes
gl_cv_have_raw_decl_getlogin=yes
gl_cv_have_raw_decl_getlogin_r=yes
gl_cv_have_raw_decl_getpagesize=yes
gl_cv_have_raw_decl_getrusage=yes
gl_cv_have_raw_decl_gets=no
gl_cv_have_raw_decl_getsubopt=yes
gl_cv_have_raw_decl_gettimeofday=yes
gl_cv_have_raw_decl_getusershell=yes
gl_cv_have_raw_decl_grantpt=yes
gl_cv_have_raw_decl_group_member=yes
gl_cv_have_raw_decl_imaxabs=yes
gl_cv_have_raw_decl_imaxdiv=yes
gl_cv_have_raw_decl_initstate=yes
gl_cv_have_raw_decl_initstate_r=yes
gl_cv_have_raw_decl_isatty=yes
gl_cv_have_raw_decl_lchown=yes
gl_cv_have_raw_decl_link=yes
gl_cv_have_raw_decl_linkat=yes
gl_cv_have_raw_decl_lseek=yes
gl_cv_have_raw_decl_memmem=yes
gl_cv_have_raw_decl_mempcpy=yes
gl_cv_have_raw_decl_memrchr=yes
gl_cv_have_raw_decl_mkdtemp=yes
gl_cv_have_raw_decl_mkostemp=yes
gl_cv_have_raw_decl_mkostemps=yes
gl_cv_have_raw_decl_mkstemp=yes
gl_cv_have_raw_decl_mkstemps=yes
gl_cv_have_raw_decl_pclose=yes
gl_cv_have_raw_decl_pipe2=yes
gl_cv_have_raw_decl_pipe=yes
gl_cv_have_raw_decl_popen=yes
gl_cv_have_raw_decl_posix_openpt=yes
gl_cv_have_raw_decl_pread=yes
gl_cv_have_raw_decl_pthread_sigmask=yes
gl_cv_have_raw_decl_ptsname=yes
gl_cv_have_raw_decl_ptsname_r=yes
gl_cv_have_raw_decl_pwrite=yes
gl_cv_have_raw_decl_qsort_r=yes
gl_cv_have_raw_decl_random=yes
gl_cv_have_raw_decl_random_r=yes
gl_cv_have_raw_decl_rawmemchr=yes
gl_cv_have_raw_decl_readlink=yes
gl_cv_have_raw_decl_readlinkat=yes
gl_cv_have_raw_decl_reallocarray=yes
gl_cv_have_raw_decl_realpath=yes
gl_cv_have_raw_decl_renameat=yes
gl_cv_have_raw_decl_rmdir=yes
gl_cv_have_raw_decl_rpmatch=yes
gl_cv_have_raw_decl_secure_getenv=yes
gl_cv_have_raw_decl_setenv=yes
gl_cv_have_raw_decl_sethostname=yes
gl_cv_have_raw_decl_setstate=yes
gl_cv_have_raw_decl_setstate_r=yes
gl_cv_have_raw_decl_setusershell=yes
gl_cv_have_raw_decl_sigaction=yes
gl_cv_have_raw_decl_sigaddset=yes
gl_cv_have_raw_decl_sigdelset=yes
gl_cv_have_raw_decl_sigemptyset=yes
gl_cv_have_raw_decl_sigfillset=yes
gl_cv_have_raw_decl_sigismember=yes
gl_cv_have_raw_decl_sigpending=yes
gl_cv_have_raw_decl_sigprocmask=yes
gl_cv_have_raw_decl_sleep=yes
gl_cv_have_raw_decl_snprintf=yes
gl_cv_have_raw_decl_srandom=yes
gl_cv_have_raw_decl_srandom_r=yes
gl_cv_have_raw_decl_stpcpy=yes
gl_cv_have_raw_decl_stpncpy=yes
gl_cv_have_raw_decl_strcasestr=yes
gl_cv_have_raw_decl_strchrnul=yes
gl_cv_have_raw_decl_strdup=yes
gl_cv_have_raw_decl_strerror_r=yes
gl_cv_have_raw_decl_strncat=yes
gl_cv_have_raw_decl_strndup=yes
gl_cv_have_raw_decl_strnlen=yes
gl_cv_have_raw_decl_strpbrk=yes
gl_cv_have_raw_decl_strsep=yes
gl_cv_have_raw_decl_strsignal=yes
gl_cv_have_raw_decl_strtod=yes
gl_cv_have_raw_decl_strtoimax=yes
gl_cv_have_raw_decl_strtok_r=yes
gl_cv_have_raw_decl_strtoll=yes
gl_cv_have_raw_decl_strtoull=yes
gl_cv_have_raw_decl_strtoumax=yes
gl_cv_have_raw_decl_strverscmp=yes
gl_cv_have_raw_decl_symlink=yes
gl_cv_have_raw_decl_symlinkat=yes
gl_cv_have_raw_decl_tmpfile=yes
gl_cv_have_raw_decl_truncate=yes
gl_cv_have_raw_decl_ttyname_r=yes
gl_cv_have_raw_decl_unlink=yes
gl_cv_have_raw_decl_unlinkat=yes
gl_cv_have_raw_decl_unlockpt=yes
gl_cv_have_raw_decl_unsetenv=yes
gl_cv_have_raw_decl_usleep=yes
gl_cv_have_raw_decl_vdprintf=yes
gl_cv_have_raw_decl_vsnprintf=yes
gl_cv_have_raw_decl_waitpid=yes
gl_cv_header_errno_h_complete=yes
gl_cv_header_limits_width=yes
gl_cv_header_stdint_predates_cxx11_h=no
gl_cv_header_stdint_width=yes
gl_cv_header_working_stdint_h=yes
gl_cv_header_working_stdnoreturn_h=yes
gl_cv_host_cpu_c_abi=arm64
gl_cv_next_getopt_h='<getopt.h>'
gl_cv_next_inttypes_h='<inttypes.h>'
gl_cv_next_limits_h='<limits.h>'
gl_cv_next_signal_h='<signal.h>'
gl_cv_next_stdint_h='<stdint.h>'
gl_cv_next_stdio_h='<stdio.h>'
gl_cv_next_stdlib_h='<stdlib.h>'
gl_cv_next_string_h='<string.h>'
gl_cv_next_sys_resource_h='<sys/resource.h>'
gl_cv_next_sys_time_h='<sys/time.h>'
gl_cv_next_sys_types_h='<sys/types.h>'
gl_cv_next_sys_wait_h='<sys/wait.h>'
gl_cv_next_time_h='<time.h>'
gl_cv_next_unistd_h='<unistd.h>'
gl_cv_pragma_columns=no
gl_cv_sys_struct_timespec_in_time_h=yes
gl_cv_sys_struct_timeval=yes
gl_cv_sys_struct_timeval_tv_sec=yes
gl_cv_test_INT32_MAX_LT_INTMAX_MAX=yes
gl_cv_test_INT64_MAX_EQ_LONG_MAX=yes
gl_cv_test_UINT32_MAX_LT_UINTMAX_MAX=yes
gl_cv_test_UINT64_MAX_EQ_ULONG_MAX=yes
gl_cv_type_sigset_t=yes
gl_cv_type_wint_t_too_small=no
gl_cv_warn_c__Wall=yes
gl_cv_warn_c__Werror__Wunknown_warning_option=no
gl_cv_warn_c__Wextra=yes
gl_cv_warn_c__Wfloat_equal=yes
gl_cv_warn_c__Wformat_nonliteral=yes
gl_cv_warn_c__Wformat_security=yes
gl_cv_warn_c__Wmissing_format_attribute=yes
gl_cv_warn_c__Wstrict_overflow=yes
gl_cv_warn_c__Wsuggest_attribute_const=yes
gl_cv_warn_c__Wsuggest_attribute_pure=yes
gl_cv_warn_c__Wswitch_default=yes
gl_cv_warn_c__Wswitch_enum=yes
gl_cv_warn_c__Wunused_parameter=yes
gl_cv_warn_c__fdiagnostics_show_option=yes
gl_cv_warn_c__funit_at_a_time=yes
gt_cv_c_wchar_t=yes
gt_cv_c_wint_t=yes
gt_cv_inttypes_pri_broken=no
gt_cv_ssize_t=yes

## ----------------- ##
## Output variables. ##
## ----------------- ##

ACLOCAL='${SHELL} /root/SmartC2Rust/macro/trans_re_0000/time-1.9/build-aux/missing aclocal-1.15'
AMDEPBACKSLASH='\'
AMDEP_FALSE='#'
AMDEP_TRUE=''
AMTAR='$${TAR-tar}'
AM_BACKSLASH='\'
AM_DEFAULT_V='$(AM_DEFAULT_VERBOSITY)'
AM_DEFAULT_VERBOSITY='1'
AM_V='$(V)'
APPLE_UNIVERSAL_BUILD='0'
AR='ar'
ARFLAGS='cr'
AUTOCONF='${SHELL} /root/SmartC2Rust/macro/trans_re_0000/time-1.9/build-aux/missing autoconf'
AUTOHEADER='${SHELL} /root/SmartC2Rust/macro/trans_re_0000/time-1.9/build-aux/missing autoheader'
AUTOMAKE='${SHELL} /root/SmartC2Rust/macro/trans_re_0000/time-1.9/build-aux/missing automake-1.15'
AWK='mawk'
BITSIZEOF_PTRDIFF_T=''
BITSIZEOF_SIG_ATOMIC_T=''
BITSIZEOF_SIZE_T=''
BITSIZEOF_WCHAR_T=''
BITSIZEOF_WINT_T=''
CC='gcc'
CCDEPMODE='depmode=gcc3'
CFLAGS='-finstrument-functions -g -O0'
CONFIG_INCLUDE='config.h'
CPP='gcc -E'
CPPFLAGS=''
CYGPATH_W='echo'
DEFS='-DHAVE_CONFIG_H'
DEPDIR='.deps'
ECHO_C=''
ECHO_N='-n'
ECHO_T=''
EGREP='/usr/bin/grep -E'
EMULTIHOP_HIDDEN=''
EMULTIHOP_VALUE=''
ENOLINK_HIDDEN=''
ENOLINK_VALUE=''
EOVERFLOW_HIDDEN=''
EOVERFLOW_VALUE=''
ERRNO_H=''
EXEEXT=''
GETOPT_CDEFS_H=''
GETOPT_H=''
GL_COND_LIBTOOL_FALSE=''
GL_COND_LIBTOOL_TRUE='#'
GL_GENERATE_ERRNO_H_FALSE=''
GL_GENERATE_ERRNO_H_TRUE='#'
GL_GENERATE_LIMITS_H_FALSE='#'
GL_GENERATE_LIMITS_H_TRUE=''
GL_GENERATE_STDARG_H_FALSE=''
GL_GENERATE_STDARG_H_TRUE='#'
GL_GENERATE_STDBOOL_H_FALSE=''
GL_GENERATE_STDBOOL_H_TRUE='#'
GL_GENERATE_STDDEF_H_FALSE=''
GL_GENERATE_STDDEF_H_TRUE='#'
GL_GENERATE_STDINT_H_FALSE=''
GL_GENERATE_STDINT_H_TRUE='#'
GL_GENERATE_STDNORETURN_H_FALSE=''
GL_GENERATE_STDNORETURN_H_TRUE='#'
GNULIB_ATOLL='0'
GNULIB_CALLOC_POSIX='0'
GNULIB_CANONICALIZE_FILE_NAME='0'
GNULIB_CHDIR='0'
GNULIB_CHOWN='0'
GNULIB_CLOSE='0'
GNULIB_CTIME='0'
GNULIB_DPRINTF='0'
GNULIB_DUP2='0'
GNULIB_DUP3='0'
GNULIB_DUP='0'
GNULIB_ENVIRON='0'
GNULIB_EUIDACCESS='0'
GNULIB_EXPLICIT_BZERO='0'
GNULIB_FACCESSAT='0'
GNULIB_FCHDIR='0'
GNULIB_FCHOWNAT='0'
GNULIB_FCLOSE='0'
GNULIB_FDATASYNC='0'
GNULIB_FDOPEN='0'
GNULIB_FFLUSH='0'
GNULIB_FFSL='0'
GNULIB_FFSLL='0'
GNULIB_FGETC='1'
GNULIB_FGETS='1'
GNULIB_FOPEN='0'
GNULIB_FPRINTF='1'
GNULIB_FPRINTF_POSIX='0'
GNULIB_FPURGE='0'
GNULIB_FPUTC='1'
GNULIB_FPUTS='1'
GNULIB_FREAD='1'
GNULIB_FREOPEN='0'
GNULIB_FSCANF='1'
GNULIB_FSEEK='0'
GNULIB_FSEEKO='0'
GNULIB_FSYNC='0'
GNULIB_FTELL='0'
GNULIB_FTELLO='0'
GNULIB_FTRUNCATE='0'
GNULIB_FWRITE='1'
GNULIB_GETC='1'
GNULIB_GETCHAR='1'
GNULIB_GETCWD='0'
GNULIB_GETDELIM='0'
GNULIB_GETDOMAINNAME='0'
GNULIB_GETDTABLESIZE='0'
GNULIB_GETGROUPS='0'
GNULIB_GETHOSTNAME='0'
GNULIB_GETLINE='0'
GNULIB_GETLOADAVG='0'
GNULIB_GETLOGIN='0'
GNULIB_GETLOGIN_R='0'
GNULIB_GETPAGESIZE='1'
GNULIB_GETRUSAGE='1'
GNULIB_GETSUBOPT='0'
GNULIB_GETTIMEOFDAY='1'
GNULIB_GETUSERSHELL='0'
GNULIB_GL_UNISTD_H_GETOPT=''
GNULIB_GRANTPT='0'
GNULIB_GROUP_MEMBER='0'
GNULIB_IMAXABS='0'
GNULIB_IMAXDIV='0'
GNULIB_ISATTY='0'
GNULIB_LCHOWN='0'
GNULIB_LINK='0'
GNULIB_LINKAT='0'
GNULIB_LOCALTIME='0'
GNULIB_LSEEK='0'
GNULIB_MALLOC_POSIX='1'
GNULIB_MBSCASECMP='0'
GNULIB_MBSCASESTR='0'
GNULIB_MBSCHR='0'
GNULIB_MBSCSPN='0'
GNULIB_MBSLEN='0'
GNULIB_MBSNCASECMP='0'
GNULIB_MBSNLEN='0'
GNULIB_MBSPBRK='0'
GNULIB_MBSPCASECMP='0'
GNULIB_MBSRCHR='0'
GNULIB_MBSSEP='0'
GNULIB_MBSSPN='0'
GNULIB_MBSSTR='0'
GNULIB_MBSTOK_R='0'
GNULIB_MBTOWC='0'
GNULIB_MEMCHR='0'
GNULIB_MEMMEM='0'
GNULIB_MEMPCPY='0'
GNULIB_MEMRCHR='0'
GNULIB_MKDTEMP='0'
GNULIB_MKOSTEMP='0'
GNULIB_MKOSTEMPS='0'
GNULIB_MKSTEMP='0'
GNULIB_MKSTEMPS='0'
GNULIB_MKTIME='0'
GNULIB_NANOSLEEP='0'
GNULIB_OBSTACK_PRINTF='0'
GNULIB_OBSTACK_PRINTF_POSIX='0'
GNULIB_OVERRIDES_WINT_T='0'
GNULIB_PCLOSE='0'
GNULIB_PERROR='0'
GNULIB_PIPE2='0'
GNULIB_PIPE='0'
GNULIB_POPEN='0'
GNULIB_POSIX_OPENPT='0'
GNULIB_PREAD='0'
GNULIB_PRINTF='1'
GNULIB_PRINTF_POSIX='0'
GNULIB_PTHREAD_SIGMASK='0'
GNULIB_PTSNAME='0'
GNULIB_PTSNAME_R='0'
GNULIB_PUTC='1'
GNULIB_PUTCHAR='1'
GNULIB_PUTENV='0'
GNULIB_PUTS='1'
GNULIB_PWRITE='0'
GNULIB_QSORT_R='0'
GNULIB_RAISE='0'
GNULIB_RANDOM='0'
GNULIB_RANDOM_R='0'
GNULIB_RAWMEMCHR='0'
GNULIB_READ='0'
GNULIB_READLINK='0'
GNULIB_READLINKAT='0'
GNULIB_REALLOCARRAY='0'
GNULIB_REALLOC_POSIX='0'
GNULIB_REALPATH='0'
GNULIB_REMOVE='0'
GNULIB_RENAME='0'
GNULIB_RENAMEAT='0'
GNULIB_RMDIR='0'
GNULIB_RPMATCH='0'
GNULIB_SCANF='1'
GNULIB_SECURE_GETENV='0'
GNULIB_SETENV='0'
GNULIB_SETHOSTNAME='0'
GNULIB_SIGACTION='0'
GNULIB_SIGNAL_H_SIGPIPE='0'
GNULIB_SIGPROCMASK='0'
GNULIB_SLEEP='0'
GNULIB_SNPRINTF='0'
GNULIB_SPRINTF_POSIX='0'
GNULIB_STDIO_H_NONBLOCKING='0'
GNULIB_STDIO_H_SIGPIPE='0'
GNULIB_STPCPY='0'
GNULIB_STPNCPY='0'
GNULIB_STRCASESTR='0'
GNULIB_STRCHRNUL='0'
GNULIB_STRDUP='0'
GNULIB_STRERROR='1'
GNULIB_STRERROR_R='0'
GNULIB_STRFTIME='0'
GNULIB_STRNCAT='0'
GNULIB_STRNDUP='0'
GNULIB_STRNLEN='0'
GNULIB_STRPBRK='0'
GNULIB_STRPTIME='0'
GNULIB_STRSEP='0'
GNULIB_STRSIGNAL='0'
GNULIB_STRSTR='0'
GNULIB_STRTOD='0'
GNULIB_STRTOIMAX='0'
GNULIB_STRTOK_R='0'
GNULIB_STRTOLL='0'
GNULIB_STRTOULL='0'
GNULIB_STRTOUMAX='0'
GNULIB_STRVERSCMP='0'
GNULIB_SYMLINK='0'
GNULIB_SYMLINKAT='0'
GNULIB_SYSTEM_POSIX='0'
GNULIB_TIMEGM='0'
GNULIB_TIME_R='0'
GNULIB_TIME_RZ='0'
GNULIB_TMPFILE='0'
GNULIB_TRUNCATE='0'
GNULIB_TTYNAME_R='0'
GNULIB_TZSET='0'
GNULIB_UNISTD_H_NONBLOCKING='0'
GNULIB_UNISTD_H_SIGPIPE='0'
GNULIB_UNLINK='0'
GNULIB_UNLINKAT='0'
GNULIB_UNLOCKPT='0'
GNULIB_UNSETENV='0'
GNULIB_USLEEP='0'
GNULIB_VASPRINTF='0'
GNULIB_VDPRINTF='0'
GNULIB_VFPRINTF='1'
GNULIB_VFPRINTF_POSIX='0'
GNULIB_VFSCANF='0'
GNULIB_VPRINTF='1'
GNULIB_VPRINTF_POSIX='0'
GNULIB_VSCANF='0'
GNULIB_VSNPRINTF='0'
GNULIB_VSPRINTF_POSIX='0'
GNULIB_WAITPID='0'
GNULIB_WCTOMB='0'
GNULIB_WRITE='0'
GNULIB__EXIT='0'
GREP='/usr/bin/grep'
HAVE_ATOLL='1'
HAVE_C99_STDINT_H='1'
HAVE_CANONICALIZE_FILE_NAME='1'
HAVE_CHOWN='1'
HAVE_DECL_ENVIRON='1'
HAVE_DECL_FCHDIR='1'
HAVE_DECL_FDATASYNC='1'
HAVE_DECL_FPURGE='1'
HAVE_DECL_FSEEKO='1'
HAVE_DECL_FTELLO='1'
HAVE_DECL_GETDELIM='1'
HAVE_DECL_GETDOMAINNAME='1'
HAVE_DECL_GETLINE='1'
HAVE_DECL_GETLOADAVG='1'
HAVE_DECL_GETLOGIN='1'
HAVE_DECL_GETLOGIN_R='1'
HAVE_DECL_GETPAGESIZE='1'
HAVE_DECL_GETUSERSHELL='1'
HAVE_DECL_IMAXABS='1'
HAVE_DECL_IMAXDIV='1'
HAVE_DECL_INITSTATE='1'
HAVE_DECL_LOCALTIME_R='1'
HAVE_DECL_MEMMEM='1'
HAVE_DECL_MEMRCHR='1'
HAVE_DECL_OBSTACK_PRINTF='1'
HAVE_DECL_SETENV='1'
HAVE_DECL_SETHOSTNAME='1'
HAVE_DECL_SETSTATE='1'
HAVE_DECL_SNPRINTF='1'
HAVE_DECL_STRDUP='1'
HAVE_DECL_STRERROR_R='1'
HAVE_DECL_STRNDUP='1'
HAVE_DECL_STRNLEN='1'
HAVE_DECL_STRSIGNAL='1'
HAVE_DECL_STRTOIMAX='1'
HAVE_DECL_STRTOK_R='1'
HAVE_DECL_STRTOUMAX='1'
HAVE_DECL_TTYNAME_R='1'
HAVE_DECL_UNSETENV='1'
HAVE_DECL_VSNPRINTF='1'
HAVE_DPRINTF='1'
HAVE_DUP2='1'
HAVE_DUP3='1'
HAVE_EUIDACCESS='1'
HAVE_EXPLICIT_BZERO='1'
HAVE_FACCESSAT='1'
HAVE_FCHDIR='1'
HAVE_FCHOWNAT='1'
HAVE_FDATASYNC='1'
HAVE_FFSL='1'
HAVE_FFSLL='1'
HAVE_FSEEKO='1'
HAVE_FSYNC='1'
HAVE_FTELLO='1'
HAVE_FTRUNCATE='1'
HAVE_GETDTABLESIZE='1'
HAVE_GETGROUPS='1'
HAVE_GETHOSTNAME='1'
HAVE_GETLOGIN='1'
HAVE_GETOPT_H='1'
HAVE_GETPAGESIZE='1'
HAVE_GETRUSAGE='1'
HAVE_GETSUBOPT='1'
HAVE_GETTIMEOFDAY='1'
HAVE_GRANTPT='1'
HAVE_GROUP_MEMBER='1'
HAVE_INTTYPES_H='1'
HAVE_LCHOWN='1'
HAVE_LINK='1'
HAVE_LINKAT='1'
HAVE_LONG_LONG_INT='1'
HAVE_MAX_ALIGN_T='1'
HAVE_MBSLEN='0'
HAVE_MEMCHR='1'
HAVE_MEMPCPY='1'
HAVE_MKDTEMP='1'
HAVE_MKOSTEMP='1'
HAVE_MKOSTEMPS='1'
HAVE_MKSTEMP='1'
HAVE_MKSTEMPS='1'
HAVE_MSVC_INVALID_PARAMETER_HANDLER='0'
HAVE_NANOSLEEP='1'
HAVE_OS_H='0'
HAVE_PCLOSE='1'
HAVE_PIPE2='1'
HAVE_PIPE='1'
HAVE_POPEN='1'
HAVE_POSIX_OPENPT='1'
HAVE_POSIX_SIGNALBLOCKING='1'
HAVE_PREAD='1'
HAVE_PTHREAD_SIGMASK='1'
HAVE_PTSNAME='1'
HAVE_PTSNAME_R='1'
HAVE_PWRITE='1'
HAVE_QSORT_R='1'
HAVE_RAISE='1'
HAVE_RANDOM='1'
HAVE_RANDOM_H='1'
HAVE_RANDOM_R='1'
HAVE_RAWMEMCHR='1'
HAVE_READLINK='1'
HAVE_READLINKAT='1'
HAVE_REALLOCARRAY='1'
HAVE_REALPATH='1'
HAVE_RENAMEAT='1'
HAVE_RPMATCH='1'
HAVE_SECURE_GETENV='1'
HAVE_SETENV='1'
HAVE_SETHOSTNAME='1'
HAVE_SIGACTION='1'
HAVE_SIGHANDLER_T='1'
HAVE_SIGINFO_T='1'
HAVE_SIGNED_SIG_ATOMIC_T=''
HAVE_SIGNED_WCHAR_T=''
HAVE_SIGNED_WINT_T=''
HAVE_SIGSET_T='1'
HAVE_SLEEP='1'
HAVE_STDINT_H='1'
HAVE_STPCPY='1'
HAVE_STPNCPY='1'
HAVE_STRCASESTR='1'
HAVE_STRCHRNUL='1'
HAVE_STRPBRK='1'
HAVE_STRPTIME='1'
HAVE_STRSEP='1'
HAVE_STRTOD='1'
HAVE_STRTOLL='1'
HAVE_STRTOULL='1'
HAVE_STRUCT_RANDOM_DATA='1'
HAVE_STRUCT_SIGACTION_SA_SIGACTION='1'
HAVE_STRUCT_TIMEVAL='1'
HAVE_STRVERSCMP='1'
HAVE_SYMLINK='1'
HAVE_SYMLINKAT='1'
HAVE_SYS_BITYPES_H='0'
HAVE_SYS_CDEFS_H=''
HAVE_SYS_INTTYPES_H='0'
HAVE_SYS_LOADAVG_H='0'
HAVE_SYS_PARAM_H='0'
HAVE_SYS_RESOURCE_H='1'
HAVE_SYS_TIME_H='1'
HAVE_SYS_TYPES_H='1'
HAVE_TIMEGM='1'
HAVE_TIMEZONE_T='0'
HAVE_TRUNCATE='1'
HAVE_TYPE_VOLATILE_SIG_ATOMIC_T='1'
HAVE_TZSET='1'
HAVE_UNISTD_H='1'
HAVE_UNLINKAT='1'
HAVE_UNLOCKPT='1'
HAVE_UNSIGNED_LONG_LONG_INT='1'
HAVE_USLEEP='1'
HAVE_VASPRINTF='1'
HAVE_VDPRINTF='1'
HAVE_WCHAR_H='1'
HAVE_WCHAR_T='1'
HAVE_WINSOCK2_H='0'
HAVE__BOOL='1'
HAVE__EXIT='1'
HOST_CPU='arm64'
HOST_CPU_C_ABI='arm64'
INCLUDE_NEXT='include_next'
INCLUDE_NEXT_AS_FIRST_DIRECTIVE='include_next'
INSTALL_DATA='${INSTALL} -m 644'
INSTALL_PROGRAM='${INSTALL}'
INSTALL_SCRIPT='${INSTALL}'
INSTALL_STRIP_PROGRAM='$(install_sh) -c -s'
INT32_MAX_LT_INTMAX_MAX='1'
INT64_MAX_EQ_LONG_MAX='1'
LDFLAGS=''
LIBINTL=''
LIBOBJS=''
LIBS=''
LIBTIME_LIBDEPS=''
LIBTIME_LTLIBDEPS=''
LIMITS_H='lib/limits.h'
LTLIBINTL=''
LTLIBOBJS=''
MAKEINFO='${SHELL} /root/SmartC2Rust/macro/trans_re_0000/time-1.9/build-aux/missing makeinfo'
MKDIR_P='/usr/bin/mkdir -p'
NEXT_AS_FIRST_DIRECTIVE_ERRNO_H=''
NEXT_AS_FIRST_DIRECTIVE_GETOPT_H='<getopt.h>'
NEXT_AS_FIRST_DIRECTIVE_INTTYPES_H='<inttypes.h>'
NEXT_AS_FIRST_DIRECTIVE_LIMITS_H='<limits.h>'
NEXT_AS_FIRST_DIRECTIVE_SIGNAL_H='<signal.h>'
NEXT_AS_FIRST_DIRECTIVE_STDARG_H=''
NEXT_AS_FIRST_DIRECTIVE_STDDEF_H=''
NEXT_AS_FIRST_DIRECTIVE_STDINT_H='<stdint.h>'
NEXT_AS_FIRST_DIRECTIVE_STDIO_H='<stdio.h>'
NEXT_AS_FIRST_DIRECTIVE_STDLIB_H='<stdlib.h>'
NEXT_AS_FIRST_DIRECTIVE_STRING_H='<string.h>'
NEXT_AS_FIRST_DIRECTIVE_SYS_RESOURCE_H='<sys/resource.h>'
NEXT_AS_FIRST_DIRECTIVE_SYS_TIME_H='<sys/time.h>'
NEXT_AS_FIRST_DIRECTIVE_SYS_TYPES_H='<sys/types.h>'
NEXT_AS_FIRST_DIRECTIVE_SYS_WAIT_H='<sys/wait.h>'
NEXT_AS_FIRST_DIRECTIVE_TIME_H='<time.h>'
NEXT_AS_FIRST_DIRECTIVE_UNISTD_H='<unistd.h>'
NEXT_ERRNO_H=''
NEXT_GETOPT_H='<getopt.h>'
NEXT_INTTYPES_H='<inttypes.h>'
NEXT_LIMITS_H='<limits.h>'
NEXT_SIGNAL_H='<signal.h>'
NEXT_STDARG_H='<stdarg.h>'
NEXT_STDDEF_H=''
NEXT_STDINT_H='<stdint.h>'
NEXT_STDIO_H='<stdio.h>'
NEXT_STDLIB_H='<stdlib.h>'
NEXT_STRING_H='<string.h>'
NEXT_SYS_RESOURCE_H='<sys/resource.h>'
NEXT_SYS_TIME_H='<sys/time.h>'
NEXT_SYS_TYPES_H='<sys/types.h>'
NEXT_SYS_WAIT_H='<sys/wait.h>'
NEXT_TIME_H='<time.h>'
NEXT_UNISTD_H='<unistd.h>'
OBJEXT='o'
PACKAGE='time'
PACKAGE_BUGREPORT='bug-time@gnu.org'
PACKAGE_NAME='GNU Time'
PACKAGE_STRING='GNU Time 1.9'
PACKAGE_TARNAME='time'
PACKAGE_URL='https://www.gnu.org/software/time/'
PACKAGE_VERSION='1.9'
PATH_SEPARATOR=':'
PRAGMA_COLUMNS=''
PRAGMA_SYSTEM_HEADER='#pragma GCC system_header'
PRIPTR_PREFIX='"l"'
PRI_MACROS_BROKEN='0'
PTHREAD_H_DEFINES_STRUCT_TIMESPEC='0'
PTRDIFF_T_SUFFIX=''
RANLIB='ranlib'
REPLACE_CALLOC='0'
REPLACE_CANONICALIZE_FILE_NAME='0'
REPLACE_CHOWN='0'
REPLACE_CLOSE='0'
REPLACE_CTIME='GNULIB_PORTCHECK'
REPLACE_DPRINTF='0'
REPLACE_DUP2='0'
REPLACE_DUP='0'
REPLACE_FACCESSAT='0'
REPLACE_FCHOWNAT='0'
REPLACE_FCLOSE='0'
REPLACE_FDOPEN='0'
REPLACE_FFLUSH='0'
REPLACE_FOPEN='0'
REPLACE_FPRINTF='0'
REPLACE_FPURGE='0'
REPLACE_FREOPEN='0'
REPLACE_FSEEK='0'
REPLACE_FSEEKO='0'
REPLACE_FTELL='0'
REPLACE_FTELLO='0'
REPLACE_FTRUNCATE='0'
REPLACE_GETCWD='0'
REPLACE_GETDELIM='0'
REPLACE_GETDOMAINNAME='0'
REPLACE_GETDTABLESIZE='0'
REPLACE_GETGROUPS='0'
REPLACE_GETLINE='0'
REPLACE_GETLOGIN_R='0'
REPLACE_GETPAGESIZE='0'
REPLACE_GETTIMEOFDAY='0'
REPLACE_GMTIME='0'
REPLACE_ISATTY='0'
REPLACE_LCHOWN='0'
REPLACE_LINK='0'
REPLACE_LINKAT='0'
REPLACE_LOCALTIME='0'
REPLACE_LOCALTIME_R='GNULIB_PORTCHECK'
REPLACE_LSEEK='0'
REPLACE_MALLOC='0'
REPLACE_MBTOWC='0'
REPLACE_MEMCHR='0'
REPLACE_MEMMEM='0'
REPLACE_MKSTEMP='0'
REPLACE_MKTIME='GNULIB_PORTCHECK'
REPLACE_NANOSLEEP='GNULIB_PORTCHECK'
REPLACE_NULL='0'
REPLACE_OBSTACK_PRINTF='0'
REPLACE_PERROR='0'
REPLACE_POPEN='0'
REPLACE_PREAD='0'
REPLACE_PRINTF='0'
REPLACE_PTHREAD_SIGMASK='0'
REPLACE_PTSNAME='0'
REPLACE_PTSNAME_R='0'
REPLACE_PUTENV='0'
REPLACE_PWRITE='0'
REPLACE_QSORT_R='0'
REPLACE_RAISE='0'
REPLACE_RANDOM_R='0'
REPLACE_READ='0'
REPLACE_READLINK='0'
REPLACE_READLINKAT='0'
REPLACE_REALLOC='0'
REPLACE_REALPATH='0'
REPLACE_REMOVE='0'
REPLACE_RENAME='0'
REPLACE_RENAMEAT='0'
REPLACE_RMDIR='0'
REPLACE_SETENV='0'
REPLACE_SLEEP='0'
REPLACE_SNPRINTF='0'
REPLACE_SPRINTF='0'
REPLACE_STDIO_READ_FUNCS='0'
REPLACE_STDIO_WRITE_FUNCS='0'
REPLACE_STPNCPY='0'
REPLACE_STRCASESTR='0'
REPLACE_STRCHRNUL='0'
REPLACE_STRDUP='0'
REPLACE_STRERROR='0'
REPLACE_STRERROR_R='0'
REPLACE_STRFTIME='GNULIB_PORTCHECK'
REPLACE_STRNCAT='0'
REPLACE_STRNDUP='0'
REPLACE_STRNLEN='0'
REPLACE_STRSIGNAL='0'
REPLACE_STRSTR='0'
REPLACE_STRTOD='0'
REPLACE_STRTOIMAX='0'
REPLACE_STRTOK_R='0'
REPLACE_STRTOUMAX='0'
REPLACE_STRUCT_TIMEVAL='0'
REPLACE_SYMLINK='0'
REPLACE_SYMLINKAT='0'
REPLACE_TIMEGM='GNULIB_PORTCHECK'
REPLACE_TMPFILE='0'
REPLACE_TRUNCATE='0'
REPLACE_TTYNAME_R='0'
REPLACE_TZSET='GNULIB_PORTCHECK'
REPLACE_UNLINK='0'
REPLACE_UNLINKAT='0'
REPLACE_UNSETENV='0'
REPLACE_USLEEP='0'
REPLACE_VASPRINTF='0'
REPLACE_VDPRINTF='0'
REPLACE_VFPRINTF='0'
REPLACE_VPRINTF='0'
REPLACE_VSNPRINTF='0'
REPLACE_VSPRINTF='0'
REPLACE_WCTOMB='0'
REPLACE_WRITE='0'
SED='/usr/bin/sed'
SET_MAKE=''
SHELL='/bin/bash'
SIG_ATOMIC_T_SUFFIX=''
SIZE_T_SUFFIX=''
STDARG_H=''
STDBOOL_H=''
STDDEF_H=''
STDINT_H=''
STDNORETURN_H=''
STRIP=''
SYS_TIME_H_DEFINES_STRUCT_TIMESPEC='0'
TIME_H_DEFINES_STRUCT_TIMESPEC='1'
UINT32_MAX_LT_UINTMAX_MAX='1'
UINT64_MAX_EQ_ULONG_MAX='1'
UNDEFINE_STRTOK_R='0'
UNISTD_H_DEFINES_STRUCT_TIMESPEC='0'
UNISTD_H_HAVE_WINSOCK2_H='0'
UNISTD_H_HAVE_WINSOCK2_H_AND_USE_SOCKETS='0'
VERSION='1.9'
WARN_CFLAGS=' -Wall -Wextra -Wformat-security -Wswitch-enum -Wswitch-default -Wformat-nonliteral -Wunused-parameter -Wfloat-equal -fdiagnostics-show-option -funit-at-a-time -Wmissing-format-attribute -Wstrict-overflow -Wsuggest-attribute=const -Wsuggest-attribute=pure'
WCHAR_T_SUFFIX=''
WINDOWS_64_BIT_OFF_T='0'
WINDOWS_STAT_INODES='0'
WINT_T_SUFFIX=''
ac_ct_CC='gcc'
am__EXEEXT_FALSE=''
am__EXEEXT_TRUE='#'
am__fastdepCC_FALSE='#'
am__fastdepCC_TRUE=''
am__include='include'
am__isrc=''
am__leading_dot='.'
am__nodep='_no'
am__quote=''
am__tar='$${TAR-tar} chof - "$$tardir"'
am__untar='$${TAR-tar} xf -'
bindir='${exec_prefix}/bin'
build='aarch64-unknown-linux-gnu'
build_alias=''
build_cpu='aarch64'
build_os='linux-gnu'
build_vendor='unknown'
datadir='${datarootdir}'
datarootdir='${prefix}/share'
docdir='${datarootdir}/doc/${PACKAGE_TARNAME}'
dvidir='${docdir}'
exec_prefix='${prefix}'
gl_LIBOBJS=' lib/localtime-buffer.o'
gl_LTLIBOBJS=' lib/localtime-buffer.lo'
gltests_LIBOBJS=''
gltests_LTLIBOBJS=''
gltests_WITNESS='IN_TIME_GNULIB_TESTS'
host='aarch64-unknown-linux-gnu'
host_alias=''
host_cpu='aarch64'
host_os='linux-gnu'
host_vendor='unknown'
htmldir='${docdir}'
includedir='${prefix}/include'
infodir='${datarootdir}/info'
install_sh='${SHELL} /root/SmartC2Rust/macro/trans_re_0000/time-1.9/build-aux/install-sh'
libdir='${exec_prefix}/lib'
libexecdir='${exec_prefix}/libexec'
localedir='${datarootdir}/locale'
localstatedir='${prefix}/var'
mandir='${datarootdir}/man'
mkdir_p='$(MKDIR_P)'
oldincludedir='/usr/include'
pdfdir='${docdir}'
prefix='/usr/local'
program_transform_name='s,x,x,'
psdir='${docdir}'
runstatedir='${localstatedir}/run'
sbindir='${exec_prefix}/sbin'
sharedstatedir='${prefix}/com'
sysconfdir='${prefix}/etc'
target_alias=''

## ----------- ##
## confdefs.h. ##
## ----------- ##

/* confdefs.h */
#define PACKAGE_NAME "GNU Time"
#define PACKAGE_NAME "GNU Time"
#define PACKAGE_TARNAME "time"
#define PACKAGE_TARNAME "time"
#define PACKAGE_VERSION "1.9"
#define PACKAGE_VERSION "1.9"
#define PACKAGE_STRING "GNU Time 1.9"
#define PACKAGE_STRING "GNU Time 1.9"
#define PACKAGE_BUGREPORT "bug-time@gnu.org"
#define PACKAGE_BUGREPORT "bug-time@gnu.org"
#define PACKAGE_URL "https://www.gnu.org/software/time/"
#define PACKAGE_URL "https://www.gnu.org/software/time/"
#define PACKAGE "time"
#define VERSION "1.9"
#define PACKAGE "time"
#define VERSION "1.9"
#define STDC_HEADERS 1
#define HAVE_SYS_TYPES_H 1
#define HAVE_SYS_STAT_H 1
#define HAVE_STDLIB_H 1
#define HAVE_STRING_H 1
#define HAVE_MEMORY_H 1
#define HAVE_STRINGS_H 1
#define HAVE_INTTYPES_H 1
#define HAVE_STDINT_H 1
#define HAVE_UNISTD_H 1
#define __EXTENSIONS__ 1
#define _ALL_SOURCE 1
#define _DARWIN_C_SOURCE 1
#define _GNU_SOURCE 1
#define _NETBSD_SOURCE 1
#define _OPENBSD_SOURCE 1
#define _POSIX_PTHREAD_SEMANTICS 1
#define __STDC_WANT_IEC_60559_ATTRIBS_EXT__ 1
#define __STDC_WANT_IEC_60559_BFP_EXT__ 1
#define __STDC_WANT_IEC_60559_DFP_EXT__ 1
#define __STDC_WANT_IEC_60559_FUNCS_EXT__ 1
#define __STDC_WANT_IEC_60559_TYPES_EXT__ 1
#define __STDC_WANT_LIB_EXT2__ 1
#define __STDC_WANT_MATH_SPEC_FUNCS__ 1
#define _TANDEM_SOURCE 1
#define _HPUX_ALT_XOPEN_SOCKET_API 1
#define HAVE_DECL_STRERROR_R 1
#define HAVE_STRERROR_R 1
#define STRERROR_R_CHAR_P 1
#define HAVE_GETOPT_H 1
#define HAVE_SYS_CDEFS_H 1
#define HAVE_SYS_TIME_H 1
#define HAVE_SYS_SOCKET_H 1
#define HAVE_LIMITS_H 1
#define HAVE_WCHAR_H 1
#define HAVE_STDINT_H 1
#define HAVE_INTTYPES_H 1
#define HAVE_SYS_RESOURCE_H 1
#define HAVE_SYS_WAIT_H 1
#define HAVE_UNISTD_H 1
#define HAVE_GETOPT_H 1
#define HAVE_GETOPT_LONG_ONLY 1
#define HAVE_GETRUSAGE 1
#define HAVE_GETTIMEOFDAY 1
#define restrict __restrict
#define HAVE_RAW_DECL_GETTIMEOFDAY 1
#ifndef __arm64__
#define __arm64__ 1
#endif
#ifndef __arm64__
#define __arm64__ 1
#endif
#define HAVE_WINT_T 1
#define HAVE_UNSIGNED_LONG_LONG_INT 1
#define HAVE_LONG_LONG_INT 1
#define HAVE_RAW_DECL_IMAXABS 1
#define HAVE_RAW_DECL_IMAXDIV 1
#define HAVE_RAW_DECL_STRTOIMAX 1
#define HAVE_RAW_DECL_STRTOUMAX 1
#define HAVE_INTTYPES_H 1
#define HAVE_SIGSET_T 1
#define HAVE__BOOL 1
#define HAVE_WCHAR_T 1
#define HAVE_RAW_DECL_FFSL 1
#define HAVE_RAW_DECL_FFSLL 1
#define HAVE_RAW_DECL_MEMMEM 1
#define HAVE_RAW_DECL_MEMPCPY 1
#define HAVE_RAW_DECL_MEMRCHR 1
#define HAVE_RAW_DECL_RAWMEMCHR 1
#define HAVE_RAW_DECL_STPCPY 1
#define HAVE_RAW_DECL_STPNCPY 1
#define HAVE_RAW_DECL_STRCHRNUL 1
#define HAVE_RAW_DECL_STRDUP 1
#define HAVE_RAW_DECL_STRNCAT 1
#define HAVE_RAW_DECL_STRNDUP 1
#define HAVE_RAW_DECL_STRNLEN 1
#define HAVE_RAW_DECL_STRPBRK 1
#define HAVE_RAW_DECL_STRSEP 1
#define HAVE_RAW_DECL_STRCASESTR 1
#define HAVE_RAW_DECL_STRTOK_R 1
#define HAVE_RAW_DECL_STRERROR_R 1
#define HAVE_RAW_DECL_STRSIGNAL 1
#define HAVE_RAW_DECL_STRVERSCMP 1
#define _USE_STD_STAT 1
#define HAVE_GETPAGESIZE 1
#define GNULIB_TEST_GETPAGESIZE 1
#define HAVE_DECL_PROGRAM_INVOCATION_NAME 1
#define HAVE_DECL_PROGRAM_INVOCATION_SHORT_NAME 1
#define HAVE_DECL___ARGV 0
#define GNULIB_TEST_GETRUSAGE 1
#define GETTIMEOFDAY_TIMEZONE void
#define GNULIB_TEST_GETTIMEOFDAY 1
#define HAVE_MALLOC_POSIX 1
#define GNULIB_TEST_MALLOC_POSIX 1
#define GNULIB_MSVC_NOTHROW 1
#define HAVE_DECL_PROGRAM_INVOCATION_NAME 1
#define HAVE_DECL_PROGRAM_INVOCATION_SHORT_NAME 1
#define HAVE_RAW_DECL_PTHREAD_SIGMASK 1
#define HAVE_RAW_DECL_SIGACTION 1
#define HAVE_RAW_DECL_SIGADDSET 1
#define HAVE_RAW_DECL_SIGDELSET 1
#define HAVE_RAW_DECL_SIGEMPTYSET 1
#define HAVE_RAW_DECL_SIGFILLSET 1
#define HAVE_RAW_DECL_SIGISMEMBER 1
#define HAVE_RAW_DECL_SIGPENDING 1
#define HAVE_RAW_DECL_SIGPROCMASK 1
#define __USE_MINGW_ANSI_STDIO 1
#define GNULIB_FSCANF 1
#define GNULIB_SCANF 1
#define HAVE_RAW_DECL_DPRINTF 1
#define HAVE_RAW_DECL_FSEEKO 1
#define HAVE_RAW_DECL_FTELLO 1
#define HAVE_RAW_DECL_GETDELIM 1
#define HAVE_RAW_DECL_GETLINE 1
#define HAVE_RAW_DECL_PCLOSE 1
#define HAVE_RAW_DECL_POPEN 1
#define HAVE_RAW_DECL_RENAMEAT 1
#define HAVE_RAW_DECL_SNPRINTF 1
#define HAVE_RAW_DECL_TMPFILE 1
#define HAVE_RAW_DECL_VDPRINTF 1
#define HAVE_RAW_DECL_VSNPRINTF 1
#define HAVE_RAW_DECL__EXIT 1
#define HAVE_RAW_DECL_ATOLL 1
#define HAVE_RAW_DECL_CANONICALIZE_FILE_NAME 1
#define HAVE_RAW_DECL_GETLOADAVG 1
#define HAVE_RAW_DECL_GETSUBOPT 1
#define HAVE_RAW_DECL_GRANTPT 1
#define HAVE_RAW_DECL_INITSTATE 1
#define HAVE_RAW_DECL_INITSTATE_R 1
#define HAVE_RAW_DECL_MKDTEMP 1
#define HAVE_RAW_DECL_MKOSTEMP 1
#define HAVE_RAW_DECL_MKOSTEMPS 1
#define HAVE_RAW_DECL_MKSTEMP 1
#define HAVE_RAW_DECL_MKSTEMPS 1
#define HAVE_RAW_DECL_POSIX_OPENPT 1
#define HAVE_RAW_DECL_PTSNAME 1
#define HAVE_RAW_DECL_PTSNAME_R 1
#define HAVE_RAW_DECL_QSORT_R 1
#define HAVE_RAW_DECL_RANDOM 1
#define HAVE_RAW_DECL_RANDOM_R 1
#define HAVE_RAW_DECL_REALLOCARRAY 1
#define HAVE_RAW_DECL_REALPATH 1
#define HAVE_RAW_DECL_RPMATCH 1
#define HAVE_RAW_DECL_SECURE_GETENV 1
#define HAVE_RAW_DECL_SETENV 1
#define HAVE_RAW_DECL_SETSTATE 1
#define HAVE_RAW_DECL_SETSTATE_R 1
#define HAVE_RAW_DECL_SRANDOM 1
#define HAVE_RAW_DECL_SRANDOM_R 1
#define HAVE_RAW_DECL_STRTOD 1
#define HAVE_RAW_DECL_STRTOLL 1
#define HAVE_RAW_DECL_STRTOULL 1
#define HAVE_RAW_DECL_UNLOCKPT 1
#define HAVE_RAW_DECL_UNSETENV 1
#define GNULIB_STRERROR 1
#define GNULIB_TEST_STRERROR 1
#define HAVE_RAW_DECL_GETRUSAGE 1
#define HAVE_RAW_DECL_WAITPID 1
#define HAVE_RAW_DECL_CHDIR 1
#define HAVE_RAW_DECL_CHOWN 1
#define HAVE_RAW_DECL_DUP 1
#define HAVE_RAW_DECL_DUP2 1
#define HAVE_RAW_DECL_DUP3 1
#define HAVE_RAW_DECL_ENVIRON 1
#define HAVE_RAW_DECL_EUIDACCESS 1
#define HAVE_RAW_DECL_FACCESSAT 1
#define HAVE_RAW_DECL_FCHDIR 1
#define HAVE_RAW_DECL_FCHOWNAT 1
#define HAVE_RAW_DECL_FDATASYNC 1
#define HAVE_RAW_DECL_FSYNC 1
#define HAVE_RAW_DECL_FTRUNCATE 1
#define HAVE_RAW_DECL_GETCWD 1
#define HAVE_RAW_DECL_GETDOMAINNAME 1
#define HAVE_RAW_DECL_GETDTABLESIZE 1
#define HAVE_RAW_DECL_GETGROUPS 1
#define HAVE_RAW_DECL_GETHOSTNAME 1
#define HAVE_RAW_DECL_GETLOGIN 1
#define HAVE_RAW_DECL_GETLOGIN_R 1
#define HAVE_RAW_DECL_GETPAGESIZE 1
#define HAVE_RAW_DECL_GETUSERSHELL 1
#define HAVE_RAW_DECL_SETUSERSHELL 1
#define HAVE_RAW_DECL_ENDUSERSHELL 1
#define HAVE_RAW_DECL_GROUP_MEMBER 1
#define HAVE_RAW_DECL_ISATTY 1
#define HAVE_RAW_DECL_LCHOWN 1
#define HAVE_RAW_DECL_LINK 1
#define HAVE_RAW_DECL_LINKAT 1
#define HAVE_RAW_DECL_LSEEK 1
#define HAVE_RAW_DECL_PIPE 1
#define HAVE_RAW_DECL_PIPE2 1
#define HAVE_RAW_DECL_PREAD 1
#define HAVE_RAW_DECL_PWRITE 1
#define HAVE_RAW_DECL_READLINK 1
#define HAVE_RAW_DECL_READLINKAT 1
#define HAVE_RAW_DECL_RMDIR 1
#define HAVE_RAW_DECL_SETHOSTNAME 1
#define HAVE_RAW_DECL_SLEEP 1
#define HAVE_RAW_DECL_SYMLINK 1
#define HAVE_RAW_DECL_SYMLINKAT 1
#define HAVE_RAW_DECL_TRUNCATE 1
#define HAVE_RAW_DECL_TTYNAME_R 1
#define HAVE_RAW_DECL_UNLINK 1
#define HAVE_RAW_DECL_UNLINKAT 1
#define HAVE_RAW_DECL_USLEEP 1
#define STDC_HEADERS 1
#define HAVE_SYS_WAIT_H 1
#define RETSIGTYPE void
#define HAVE_VPRINTF 1
#define HAVE_WAIT3 1
#define HAVE_STRERROR 1
#define GETRUSAGE_RETURNS_KB 1

configure: exit 0
