This file contains any messages produced by compilers while
running configure, to aid debugging if configure makes a mistake.

It was created by GNU cflow configure 1.8, which was
generated by GNU Autoconf 2.71.  Invocation command line was

  $ ./configure --no-create --no-recursion

## --------- ##
## Platform. ##
## --------- ##

hostname = 507814d1595f
uname -m = aarch64
uname -r = 6.12.76-linuxkit
uname -s = Linux
uname -v = #1 SMP Sun Mar  8 14:41:59 UTC 2026

/usr/bin/uname -p = aarch64
/bin/uname -X     = unknown

/bin/arch              = aarch64
/usr/bin/arch -k       = unknown
/usr/convex/getsysinfo = unknown
/usr/bin/hostinfo      = unknown
/bin/machine           = unknown
/usr/bin/oslevel       = unknown
/bin/universe          = unknown

PATH: /root/.vscode-server/bin/034f571df509819cc10b0c8129f66ef77a542f0e/bin/remote-cli/
PATH: /root/.cargo/bin/
PATH: /usr/local/sbin/
PATH: /usr/local/bin/
PATH: /usr/sbin/
PATH: /usr/bin/
PATH: /sbin/
PATH: /bin/


## ----------- ##
## Core tests. ##
## ----------- ##

configure:3763: looking for aux files: config.rpath config.guess config.sub compile missing install-sh
configure:3776:  trying ./build-aux/
configure:3805:   ./build-aux/config.rpath found
configure:3805:   ./build-aux/config.guess found
configure:3805:   ./build-aux/config.sub found
configure:3805:   ./build-aux/compile found
configure:3805:   ./build-aux/missing found
configure:3787:   ./build-aux/install-sh found
configure:3937: checking for a BSD-compatible install
configure:4010: result: /usr/bin/install -c
configure:4021: checking whether build environment is sane
configure:4076: result: yes
configure:4235: checking for a race-free mkdir -p
configure:4279: result: /usr/bin/mkdir -p
configure:4286: checking for gawk
configure:4307: found /usr/bin/gawk
configure:4318: result: gawk
configure:4329: checking whether make sets $(MAKE)
configure:4352: result: yes
configure:4382: checking whether make supports nested variables
configure:4400: result: yes
configure:4485: checking whether UID '0' is supported by ustar format
configure:4488: result: yes
configure:4495: checking whether GID '0' is supported by ustar format
configure:4498: result: yes
configure:4506: checking how to create a ustar tar archive
configure:4517: tar --version
tar (GNU tar) 1.34
Copyright (C) 2021 Free Software Foundation, Inc.
License GPLv3+: GNU GPL version 3 or later <https://gnu.org/licenses/gpl.html>.
This is free software: you are free to change and redistribute it.
There is NO WARRANTY, to the extent permitted by law.

Written by John Gilmore and Jay Fenlason.
configure:4520: $? = 0
configure:4560: tardir=conftest.dir && eval tar --format=ustar -chf - "$tardir" >conftest.tar
configure:4563: $? = 0
configure:4567: tar -xf - <conftest.tar
configure:4570: $? = 0
configure:4572: cat conftest.dir/file
GrepMe
configure:4575: $? = 0
configure:4589: result: gnutar
configure:4669: checking whether make supports nested variables
configure:4687: result: yes
configure:4762: checking for gcc
configure:4783: found /usr/bin/gcc
configure:4794: result: gcc
configure:5147: checking for C compiler version
configure:5156: gcc --version >&5
gcc (Ubuntu 11.4.0-1ubuntu1~22.04.3) 11.4.0
Copyright (C) 2021 Free Software Foundation, Inc.
This is free software; see the source for copying conditions.  There is NO
warranty; not even for MERCHANTABILITY or FITNESS FOR A PARTICULAR PURPOSE.

configure:5167: $? = 0
configure:5156: gcc -v >&5
Using built-in specs.
COLLECT_GCC=gcc
COLLECT_LTO_WRAPPER=/usr/lib/gcc/aarch64-linux-gnu/11/lto-wrapper
Target: aarch64-linux-gnu
Configured with: ../src/configure -v --with-pkgversion='Ubuntu 11.4.0-1ubuntu1~22.04.3' --with-bugurl=file:///usr/share/doc/gcc-11/README.Bugs --enable-languages=c,ada,c++,go,d,fortran,objc,obj-c++,m2 --prefix=/usr --with-gcc-major-version-only --program-suffix=-11 --program-prefix=aarch64-linux-gnu- --enable-shared --enable-linker-build-id --libexecdir=/usr/lib --without-included-gettext --enable-threads=posix --libdir=/usr/lib --enable-nls --enable-bootstrap --enable-clocale=gnu --enable-libstdcxx-debug --enable-libstdcxx-time=yes --with-default-libstdcxx-abi=new --enable-gnu-unique-object --disable-libquadmath --disable-libquadmath-support --enable-plugin --enable-default-pie --with-system-zlib --enable-libphobos-checking=release --with-target-system-zlib=auto --enable-objc-gc=auto --enable-multiarch --enable-fix-cortex-a53-843419 --disable-werror --enable-checking=release --build=aarch64-linux-gnu --host=aarch64-linux-gnu --target=aarch64-linux-gnu --with-build-config=bootstrap-lto-lean --enable-link-serialization=4
Thread model: posix
Supported LTO compression algorithms: zlib zstd
gcc version 11.4.0 (Ubuntu 11.4.0-1ubuntu1~22.04.3) 
configure:5167: $? = 0
configure:5156: gcc -V >&5
gcc: error: unrecognized command-line option '-V'
gcc: fatal error: no input files
compilation terminated.
configure:5167: $? = 1
configure:5156: gcc -qversion >&5
gcc: error: unrecognized command-line option '-qversion'; did you mean '--version'?
gcc: fatal error: no input files
compilation terminated.
configure:5167: $? = 1
configure:5156: gcc -version >&5
gcc: error: unrecognized command-line option '-version'
gcc: fatal error: no input files
compilation terminated.
configure:5167: $? = 1
configure:5187: checking whether the C compiler works
configure:5209: gcc    conftest.c  >&5
configure:5213: $? = 0
configure:5263: result: yes
configure:5266: checking for C compiler default output file name
configure:5268: result: a.out
configure:5274: checking for suffix of executables
configure:5281: gcc -o conftest    conftest.c  >&5
configure:5285: $? = 0
configure:5308: result: 
configure:5330: checking whether we are cross compiling
configure:5338: gcc -o conftest    conftest.c  >&5
configure:5342: $? = 0
configure:5349: ./conftest
configure:5353: $? = 0
configure:5368: result: no
configure:5373: checking for suffix of object files
configure:5396: gcc -c   conftest.c >&5
configure:5400: $? = 0
configure:5422: result: o
configure:5426: checking whether the compiler supports GNU C
configure:5446: gcc -c   conftest.c >&5
configure:5446: $? = 0
configure:5456: result: yes
configure:5467: checking whether gcc accepts -g
configure:5488: gcc -c -g  conftest.c >&5
configure:5488: $? = 0
configure:5532: result: yes
configure:5552: checking for gcc option to enable C11 features
configure:5567: gcc  -c -g -O2  conftest.c >&5
configure:5567: $? = 0
configure:5585: result: none needed
configure:5701: checking whether gcc understands -c and -o together
configure:5724: gcc -c conftest.c -o conftest2.o
configure:5727: $? = 0
configure:5724: gcc -c conftest.c -o conftest2.o
configure:5727: $? = 0
configure:5739: result: yes
configure:5757: checking whether the compiler is clang
configure:5779: gcc -c -g -O2  conftest.c >&5
configure:5779: $? = 0
configure:5788: result: no
configure:5792: checking for compiler option needed when checking for declarations
configure:5825: result: none
configure:5837: checking whether make supports the include directive
configure:5852: make -f confmf.GNU && cat confinc.out
make[1]: Entering directory '/root/SmartC2Rust/program/cflow-1.8'
make[1]: Leaving directory '/root/SmartC2Rust/program/cflow-1.8'
this is the am__doit target
configure:5855: $? = 0
configure:5874: result: yes (GNU style)
configure:5900: checking dependency style of gcc
configure:6012: result: gcc3
configure:6032: checking for stdio.h
configure:6032: gcc -c -g -O2  conftest.c >&5
configure:6032: $? = 0
configure:6032: result: yes
configure:6032: checking for stdlib.h
configure:6032: gcc -c -g -O2  conftest.c >&5
configure:6032: $? = 0
configure:6032: result: yes
configure:6032: checking for string.h
configure:6032: gcc -c -g -O2  conftest.c >&5
configure:6032: $? = 0
configure:6032: result: yes
configure:6032: checking for inttypes.h
configure:6032: gcc -c -g -O2  conftest.c >&5
configure:6032: $? = 0
configure:6032: result: yes
configure:6032: checking for stdint.h
configure:6032: gcc -c -g -O2  conftest.c >&5
configure:6032: $? = 0
configure:6032: result: yes
configure:6032: checking for strings.h
configure:6032: gcc -c -g -O2  conftest.c >&5
configure:6032: $? = 0
configure:6032: result: yes
configure:6032: checking for sys/stat.h
configure:6032: gcc -c -g -O2  conftest.c >&5
configure:6032: $? = 0
configure:6032: result: yes
configure:6032: checking for sys/types.h
configure:6032: gcc -c -g -O2  conftest.c >&5
configure:6032: $? = 0
configure:6032: result: yes
configure:6032: checking for unistd.h
configure:6032: gcc -c -g -O2  conftest.c >&5
configure:6032: $? = 0
configure:6032: result: yes
configure:6032: checking for wchar.h
configure:6032: gcc -c -g -O2  conftest.c >&5
configure:6032: $? = 0
configure:6032: result: yes
configure:6032: checking for minix/config.h
configure:6032: gcc -c -g -O2  conftest.c >&5
conftest.c:49:10: fatal error: minix/config.h: No such file or directory
   49 | #include <minix/config.h>
      |          ^~~~~~~~~~~~~~~~
compilation terminated.
configure:6032: $? = 1
configure: failed program was:
| /* confdefs.h */
| #define PACKAGE_NAME "GNU cflow"
| #define PACKAGE_TARNAME "cflow"
| #define PACKAGE_VERSION "1.8"
| #define PACKAGE_STRING "GNU cflow 1.8"
| #define PACKAGE_BUGREPORT "bug-cflow@gnu.org"
| #define PACKAGE_URL "http://www.gnu.org/software/cflow"
| #define PACKAGE "cflow"
| #define VERSION "1.8"
| #define HAVE_STDIO_H 1
| #define HAVE_STDLIB_H 1
| #define HAVE_STRING_H 1
| #define HAVE_INTTYPES_H 1
| #define HAVE_STDINT_H 1
| #define HAVE_STRINGS_H 1
| #define HAVE_SYS_STAT_H 1
| #define HAVE_SYS_TYPES_H 1
| #define HAVE_UNISTD_H 1
| #define HAVE_WCHAR_H 1
| /* end confdefs.h.  */
| #include <stddef.h>
| #ifdef HAVE_STDIO_H
| # include <stdio.h>
| #endif
| #ifdef HAVE_STDLIB_H
| # include <stdlib.h>
| #endif
| #ifdef HAVE_STRING_H
| # include <string.h>
| #endif
| #ifdef HAVE_INTTYPES_H
| # include <inttypes.h>
| #endif
| #ifdef HAVE_STDINT_H
| # include <stdint.h>
| #endif
| #ifdef HAVE_STRINGS_H
| # include <strings.h>
| #endif
| #ifdef HAVE_SYS_TYPES_H
| # include <sys/types.h>
| #endif
| #ifdef HAVE_SYS_STAT_H
| # include <sys/stat.h>
| #endif
| #ifdef HAVE_UNISTD_H
| # include <unistd.h>
| #endif
| #include <minix/config.h>
configure:6032: result: no
configure:6032: checking for sys/socket.h
configure:6032: gcc -c -g -O2  conftest.c >&5
configure:6032: $? = 0
configure:6032: result: yes
configure:6032: checking for error.h
configure:6032: gcc -c -g -O2  conftest.c >&5
configure:6032: $? = 0
configure:6032: result: yes
configure:6032: checking for limits.h
configure:6032: gcc -c -g -O2  conftest.c >&5
configure:6032: $? = 0
configure:6032: result: yes
configure:6032: checking for sys/mman.h
configure:6032: gcc -c -g -O2  conftest.c >&5
configure:6032: $? = 0
configure:6032: result: yes
configure:6032: checking for obstack.h
configure:6032: gcc -c -g -O2  conftest.c >&5
configure:6032: $? = 0
configure:6032: result: yes
configure:6032: checking for sys/param.h
configure:6032: gcc -c -g -O2  conftest.c >&5
configure:6032: $? = 0
configure:6032: result: yes
configure:6032: checking for sys/time.h
configure:6032: gcc -c -g -O2  conftest.c >&5
configure:6032: $? = 0
configure:6032: result: yes
configure:6032: checking for stdbool.h
configure:6032: gcc -c -g -O2  conftest.c >&5
configure:6032: $? = 0
configure:6032: result: yes
configure:6032: checking for stdckdint.h
configure:6032: gcc -c -g -O2  conftest.c >&5
conftest.c:57:10: fatal error: stdckdint.h: No such file or directory
   57 | #include <stdckdint.h>
      |          ^~~~~~~~~~~~~
compilation terminated.
configure:6032: $? = 1
configure: failed program was:
| /* confdefs.h */
| #define PACKAGE_NAME "GNU cflow"
| #define PACKAGE_TARNAME "cflow"
| #define PACKAGE_VERSION "1.8"
| #define PACKAGE_STRING "GNU cflow 1.8"
| #define PACKAGE_BUGREPORT "bug-cflow@gnu.org"
| #define PACKAGE_URL "http://www.gnu.org/software/cflow"
| #define PACKAGE "cflow"
| #define VERSION "1.8"
| #define HAVE_STDIO_H 1
| #define HAVE_STDLIB_H 1
| #define HAVE_STRING_H 1
| #define HAVE_INTTYPES_H 1
| #define HAVE_STDINT_H 1
| #define HAVE_STRINGS_H 1
| #define HAVE_SYS_STAT_H 1
| #define HAVE_SYS_TYPES_H 1
| #define HAVE_UNISTD_H 1
| #define HAVE_WCHAR_H 1
| #define HAVE_SYS_SOCKET_H 1
| #define HAVE_ERROR_H 1
| #define HAVE_LIMITS_H 1
| #define HAVE_SYS_MMAN_H 1
| #define HAVE_OBSTACK_H 1
| #define HAVE_SYS_PARAM_H 1
| #define HAVE_SYS_TIME_H 1
| #define HAVE_STDBOOL_H 1
| /* end confdefs.h.  */
| #include <stddef.h>
| #ifdef HAVE_STDIO_H
| # include <stdio.h>
| #endif
| #ifdef HAVE_STDLIB_H
| # include <stdlib.h>
| #endif
| #ifdef HAVE_STRING_H
| # include <string.h>
| #endif
| #ifdef HAVE_INTTYPES_H
| # include <inttypes.h>
| #endif
| #ifdef HAVE_STDINT_H
| # include <stdint.h>
| #endif
| #ifdef HAVE_STRINGS_H
| # include <strings.h>
| #endif
| #ifdef HAVE_SYS_TYPES_H
| # include <sys/types.h>
| #endif
| #ifdef HAVE_SYS_STAT_H
| # include <sys/stat.h>
| #endif
| #ifdef HAVE_UNISTD_H
| # include <unistd.h>
| #endif
| #include <stdckdint.h>
configure:6032: result: no
configure:6032: checking for features.h
configure:6032: gcc -c -g -O2  conftest.c >&5
configure:6032: $? = 0
configure:6032: result: yes
configure:6032: checking for crtdefs.h
configure:6032: gcc -c -g -O2  conftest.c >&5
conftest.c:58:10: fatal error: crtdefs.h: No such file or directory
   58 | #include <crtdefs.h>
      |          ^~~~~~~~~~~
compilation terminated.
configure:6032: $? = 1
configure: failed program was:
| /* confdefs.h */
| #define PACKAGE_NAME "GNU cflow"
| #define PACKAGE_TARNAME "cflow"
| #define PACKAGE_VERSION "1.8"
| #define PACKAGE_STRING "GNU cflow 1.8"
| #define PACKAGE_BUGREPORT "bug-cflow@gnu.org"
| #define PACKAGE_URL "http://www.gnu.org/software/cflow"
| #define PACKAGE "cflow"
| #define VERSION "1.8"
| #define HAVE_STDIO_H 1
| #define HAVE_STDLIB_H 1
| #define HAVE_STRING_H 1
| #define HAVE_INTTYPES_H 1
| #define HAVE_STDINT_H 1
| #define HAVE_STRINGS_H 1
| #define HAVE_SYS_STAT_H 1
| #define HAVE_SYS_TYPES_H 1
| #define HAVE_UNISTD_H 1
| #define HAVE_WCHAR_H 1
| #define HAVE_SYS_SOCKET_H 1
| #define HAVE_ERROR_H 1
| #define HAVE_LIMITS_H 1
| #define HAVE_SYS_MMAN_H 1
| #define HAVE_OBSTACK_H 1
| #define HAVE_SYS_PARAM_H 1
| #define HAVE_SYS_TIME_H 1
| #define HAVE_STDBOOL_H 1
| #define HAVE_FEATURES_H 1
| /* end confdefs.h.  */
| #include <stddef.h>
| #ifdef HAVE_STDIO_H
| # include <stdio.h>
| #endif
| #ifdef HAVE_STDLIB_H
| # include <stdlib.h>
| #endif
| #ifdef HAVE_STRING_H
| # include <string.h>
| #endif
| #ifdef HAVE_INTTYPES_H
| # include <inttypes.h>
| #endif
| #ifdef HAVE_STDINT_H
| # include <stdint.h>
| #endif
| #ifdef HAVE_STRINGS_H
| # include <strings.h>
| #endif
| #ifdef HAVE_SYS_TYPES_H
| # include <sys/types.h>
| #endif
| #ifdef HAVE_SYS_STAT_H
| # include <sys/stat.h>
| #endif
| #ifdef HAVE_UNISTD_H
| # include <unistd.h>
| #endif
| #include <crtdefs.h>
configure:6032: result: no
configure:6063: checking whether it is safe to define __EXTENSIONS__
configure:6082: gcc -c -g -O2  conftest.c >&5
configure:6082: $? = 0
configure:6090: result: yes
configure:6093: checking whether _XOPEN_SOURCE should be defined
configure:6115: gcc -c -g -O2  conftest.c >&5
configure:6115: $? = 0
configure:6142: result: no
configure:6206: checking build system type
configure:6221: result: aarch64-unknown-linux-gnu
configure:6241: checking host system type
configure:6255: result: aarch64-unknown-linux-gnu
configure:6292: checking how to run the C preprocessor
configure:6318: gcc -E  conftest.c
configure:6318: $? = 0
configure:6333: gcc -E  conftest.c
conftest.c:48:10: fatal error: ac_nonexistent.h: No such file or directory
   48 | #include <ac_nonexistent.h>
      |          ^~~~~~~~~~~~~~~~~~
compilation terminated.
configure:6333: $? = 1
configure: failed program was:
| /* confdefs.h */
| #define PACKAGE_NAME "GNU cflow"
| #define PACKAGE_TARNAME "cflow"
| #define PACKAGE_VERSION "1.8"
| #define PACKAGE_STRING "GNU cflow 1.8"
| #define PACKAGE_BUGREPORT "bug-cflow@gnu.org"
| #define PACKAGE_URL "http://www.gnu.org/software/cflow"
| #define PACKAGE "cflow"
| #define VERSION "1.8"
| #define HAVE_STDIO_H 1
| #define HAVE_STDLIB_H 1
| #define HAVE_STRING_H 1
| #define HAVE_INTTYPES_H 1
| #define HAVE_STDINT_H 1
| #define HAVE_STRINGS_H 1
| #define HAVE_SYS_STAT_H 1
| #define HAVE_SYS_TYPES_H 1
| #define HAVE_UNISTD_H 1
| #define HAVE_WCHAR_H 1
| #define HAVE_SYS_SOCKET_H 1
| #define HAVE_ERROR_H 1
| #define HAVE_LIMITS_H 1
| #define HAVE_SYS_MMAN_H 1
| #define HAVE_OBSTACK_H 1
| #define HAVE_SYS_PARAM_H 1
| #define HAVE_SYS_TIME_H 1
| #define HAVE_STDBOOL_H 1
| #define HAVE_FEATURES_H 1
| #define STDC_HEADERS 1
| #define _ALL_SOURCE 1
| #define _DARWIN_C_SOURCE 1
| #define _GNU_SOURCE 1
| #define _HPUX_ALT_XOPEN_SOCKET_API 1
| #define _NETBSD_SOURCE 1
| #define _OPENBSD_SOURCE 1
| #define _POSIX_PTHREAD_SEMANTICS 1
| #define __STDC_WANT_IEC_60559_ATTRIBS_EXT__ 1
| #define __STDC_WANT_IEC_60559_BFP_EXT__ 1
| #define __STDC_WANT_IEC_60559_DFP_EXT__ 1
| #define __STDC_WANT_IEC_60559_EXT__ 1
| #define __STDC_WANT_IEC_60559_FUNCS_EXT__ 1
| #define __STDC_WANT_IEC_60559_TYPES_EXT__ 1
| #define __STDC_WANT_LIB_EXT2__ 1
| #define __STDC_WANT_MATH_SPEC_FUNCS__ 1
| #define _TANDEM_SOURCE 1
| #define __EXTENSIONS__ 1
| /* end confdefs.h.  */
| #include <ac_nonexistent.h>
configure:6360: result: gcc -E
configure:6374: gcc -E  conftest.c
configure:6374: $? = 0
configure:6389: gcc -E  conftest.c
conftest.c:48:10: fatal error: ac_nonexistent.h: No such file or directory
   48 | #include <ac_nonexistent.h>
      |          ^~~~~~~~~~~~~~~~~~
compilation terminated.
configure:6389: $? = 1
configure: failed program was:
| /* confdefs.h */
| #define PACKAGE_NAME "GNU cflow"
| #define PACKAGE_TARNAME "cflow"
| #define PACKAGE_VERSION "1.8"
| #define PACKAGE_STRING "GNU cflow 1.8"
| #define PACKAGE_BUGREPORT "bug-cflow@gnu.org"
| #define PACKAGE_URL "http://www.gnu.org/software/cflow"
| #define PACKAGE "cflow"
| #define VERSION "1.8"
| #define HAVE_STDIO_H 1
| #define HAVE_STDLIB_H 1
| #define HAVE_STRING_H 1
| #define HAVE_INTTYPES_H 1
| #define HAVE_STDINT_H 1
| #define HAVE_STRINGS_H 1
| #define HAVE_SYS_STAT_H 1
| #define HAVE_SYS_TYPES_H 1
| #define HAVE_UNISTD_H 1
| #define HAVE_WCHAR_H 1
| #define HAVE_SYS_SOCKET_H 1
| #define HAVE_ERROR_H 1
| #define HAVE_LIMITS_H 1
| #define HAVE_SYS_MMAN_H 1
| #define HAVE_OBSTACK_H 1
| #define HAVE_SYS_PARAM_H 1
| #define HAVE_SYS_TIME_H 1
| #define HAVE_STDBOOL_H 1
| #define HAVE_FEATURES_H 1
| #define STDC_HEADERS 1
| #define _ALL_SOURCE 1
| #define _DARWIN_C_SOURCE 1
| #define _GNU_SOURCE 1
| #define _HPUX_ALT_XOPEN_SOCKET_API 1
| #define _NETBSD_SOURCE 1
| #define _OPENBSD_SOURCE 1
| #define _POSIX_PTHREAD_SEMANTICS 1
| #define __STDC_WANT_IEC_60559_ATTRIBS_EXT__ 1
| #define __STDC_WANT_IEC_60559_BFP_EXT__ 1
| #define __STDC_WANT_IEC_60559_DFP_EXT__ 1
| #define __STDC_WANT_IEC_60559_EXT__ 1
| #define __STDC_WANT_IEC_60559_FUNCS_EXT__ 1
| #define __STDC_WANT_IEC_60559_TYPES_EXT__ 1
| #define __STDC_WANT_LIB_EXT2__ 1
| #define __STDC_WANT_MATH_SPEC_FUNCS__ 1
| #define _TANDEM_SOURCE 1
| #define __EXTENSIONS__ 1
| /* end confdefs.h.  */
| #include <ac_nonexistent.h>
configure:6420: checking for grep that handles long lines and -e
configure:6484: result: /usr/bin/grep
configure:6489: checking for egrep
configure:6557: result: /usr/bin/grep -E
configure:6565: checking for Minix Amsterdam compiler
configure:6591: result: no
configure:6653: checking for ar
configure:6674: found /usr/bin/ar
configure:6685: result: ar
configure:6765: checking for ranlib
configure:6786: found /usr/bin/ranlib
configure:6797: result: ranlib
configure:6830: checking for gcc option to enable large file support
configure:6865: gcc -c -g -O2  conftest.c >&5
configure:6865: $? = 0
configure:6871: gcc -DFTYPE=ino_t -c -g -O2  conftest.c >&5
configure:6871: $? = 0
configure:6906: result: none needed
configure:7111: checking for flex
configure:7146: result: no
configure:7111: checking for lex
configure:7146: result: no
configure:7373: checking for ranlib
configure:7405: result: ranlib
configure:7429: checking for error_at_line
configure:7446: gcc -o conftest -g -O2   conftest.c  >&5
configure:7446: $? = 0
configure:7455: result: yes
configure:7501: checking for size_t
configure:7501: gcc -c -g -O2  conftest.c >&5
configure:7501: $? = 0
configure:7501: gcc -c -g -O2  conftest.c >&5
conftest.c: In function 'main':
conftest.c:80:21: error: expected expression before ')' token
   80 | if (sizeof ((size_t)))
      |                     ^
configure:7501: $? = 1
configure: failed program was:
| /* confdefs.h */
| #define PACKAGE_NAME "GNU cflow"
| #define PACKAGE_TARNAME "cflow"
| #define PACKAGE_VERSION "1.8"
| #define PACKAGE_STRING "GNU cflow 1.8"
| #define PACKAGE_BUGREPORT "bug-cflow@gnu.org"
| #define PACKAGE_URL "http://www.gnu.org/software/cflow"
| #define PACKAGE "cflow"
| #define VERSION "1.8"
| #define HAVE_STDIO_H 1
| #define HAVE_STDLIB_H 1
| #define HAVE_STRING_H 1
| #define HAVE_INTTYPES_H 1
| #define HAVE_STDINT_H 1
| #define HAVE_STRINGS_H 1
| #define HAVE_SYS_STAT_H 1
| #define HAVE_SYS_TYPES_H 1
| #define HAVE_UNISTD_H 1
| #define HAVE_WCHAR_H 1
| #define HAVE_SYS_SOCKET_H 1
| #define HAVE_ERROR_H 1
| #define HAVE_LIMITS_H 1
| #define HAVE_SYS_MMAN_H 1
| #define HAVE_OBSTACK_H 1
| #define HAVE_SYS_PARAM_H 1
| #define HAVE_SYS_TIME_H 1
| #define HAVE_STDBOOL_H 1
| #define HAVE_FEATURES_H 1
| #define STDC_HEADERS 1
| #define _ALL_SOURCE 1
| #define _DARWIN_C_SOURCE 1
| #define _GNU_SOURCE 1
| #define _HPUX_ALT_XOPEN_SOCKET_API 1
| #define _NETBSD_SOURCE 1
| #define _OPENBSD_SOURCE 1
| #define _POSIX_PTHREAD_SEMANTICS 1
| #define __STDC_WANT_IEC_60559_ATTRIBS_EXT__ 1
| #define __STDC_WANT_IEC_60559_BFP_EXT__ 1
| #define __STDC_WANT_IEC_60559_DFP_EXT__ 1
| #define __STDC_WANT_IEC_60559_EXT__ 1
| #define __STDC_WANT_IEC_60559_FUNCS_EXT__ 1
| #define __STDC_WANT_IEC_60559_TYPES_EXT__ 1
| #define __STDC_WANT_LIB_EXT2__ 1
| #define __STDC_WANT_MATH_SPEC_FUNCS__ 1
| #define _TANDEM_SOURCE 1
| #define __EXTENSIONS__ 1
| #define __USE_MINGW_ANSI_STDIO 1
| /* end confdefs.h.  */
| #include <stddef.h>
| #ifdef HAVE_STDIO_H
| # include <stdio.h>
| #endif
| #ifdef HAVE_STDLIB_H
| # include <stdlib.h>
| #endif
| #ifdef HAVE_STRING_H
| # include <string.h>
| #endif
| #ifdef HAVE_INTTYPES_H
| # include <inttypes.h>
| #endif
| #ifdef HAVE_STDINT_H
| # include <stdint.h>
| #endif
| #ifdef HAVE_STRINGS_H
| # include <strings.h>
| #endif
| #ifdef HAVE_SYS_TYPES_H
| # include <sys/types.h>
| #endif
| #ifdef HAVE_SYS_STAT_H
| # include <sys/stat.h>
| #endif
| #ifdef HAVE_UNISTD_H
| # include <unistd.h>
| #endif
| int
| main (void)
| {
| if (sizeof ((size_t)))
| 	    return 0;
|   ;
|   return 0;
| }
configure:7501: result: yes
configure:7513: checking for working alloca.h
configure:7531: gcc -o conftest -g -O2   conftest.c  >&5
configure:7531: $? = 0
configure:7540: result: yes
configure:7548: checking for alloca
configure:7593: result: yes
configure:7666: checking whether the preprocessor supports include_next
configure:7705: gcc -c -g -O2  -Iconftestd1b -Iconftestd2 conftest.c >&5
configure:7705: $? = 0
configure:7728: result: yes
configure:7750: checking whether source code line length is unlimited
configure:7775: result: yes
configure:7874: checking whether malloc is ptrdiff_t safe
configure:7911: gcc -c -g -O2  conftest.c >&5
configure:7911: $? = 0
configure:7920: result: yes
configure:7930: checking whether malloc, realloc, calloc set errno on failure
configure:7948: result: yes
configure:8284: checking for _set_invalid_parameter_handler
configure:8284: gcc -o conftest -g -O2   conftest.c  >&5
/usr/bin/ld: /tmp/ccrsOnY7.o: in function `main':
/root/SmartC2Rust/program/cflow-1.8/conftest.c:79: undefined reference to `_set_invalid_parameter_handler'
collect2: error: ld returned 1 exit status
configure:8284: $? = 1
configure: failed program was:
| /* confdefs.h */
| #define PACKAGE_NAME "GNU cflow"
| #define PACKAGE_TARNAME "cflow"
| #define PACKAGE_VERSION "1.8"
| #define PACKAGE_STRING "GNU cflow 1.8"
| #define PACKAGE_BUGREPORT "bug-cflow@gnu.org"
| #define PACKAGE_URL "http://www.gnu.org/software/cflow"
| #define PACKAGE "cflow"
| #define VERSION "1.8"
| #define HAVE_STDIO_H 1
| #define HAVE_STDLIB_H 1
| #define HAVE_STRING_H 1
| #define HAVE_INTTYPES_H 1
| #define HAVE_STDINT_H 1
| #define HAVE_STRINGS_H 1
| #define HAVE_SYS_STAT_H 1
| #define HAVE_SYS_TYPES_H 1
| #define HAVE_UNISTD_H 1
| #define HAVE_WCHAR_H 1
| #define HAVE_SYS_SOCKET_H 1
| #define HAVE_ERROR_H 1
| #define HAVE_LIMITS_H 1
| #define HAVE_SYS_MMAN_H 1
| #define HAVE_OBSTACK_H 1
| #define HAVE_SYS_PARAM_H 1
| #define HAVE_SYS_TIME_H 1
| #define HAVE_STDBOOL_H 1
| #define HAVE_FEATURES_H 1
| #define STDC_HEADERS 1
| #define _ALL_SOURCE 1
| #define _DARWIN_C_SOURCE 1
| #define _GNU_SOURCE 1
| #define _HPUX_ALT_XOPEN_SOCKET_API 1
| #define _NETBSD_SOURCE 1
| #define _OPENBSD_SOURCE 1
| #define _POSIX_PTHREAD_SEMANTICS 1
| #define __STDC_WANT_IEC_60559_ATTRIBS_EXT__ 1
| #define __STDC_WANT_IEC_60559_BFP_EXT__ 1
| #define __STDC_WANT_IEC_60559_DFP_EXT__ 1
| #define __STDC_WANT_IEC_60559_EXT__ 1
| #define __STDC_WANT_IEC_60559_FUNCS_EXT__ 1
| #define __STDC_WANT_IEC_60559_TYPES_EXT__ 1
| #define __STDC_WANT_LIB_EXT2__ 1
| #define __STDC_WANT_MATH_SPEC_FUNCS__ 1
| #define _TANDEM_SOURCE 1
| #define __EXTENSIONS__ 1
| #define __USE_MINGW_ANSI_STDIO 1
| #define HAVE_ALLOCA_H 1
| #define HAVE_ALLOCA 1
| #define HAVE_MALLOC_POSIX 1
| /* end confdefs.h.  */
| /* Define _set_invalid_parameter_handler to an innocuous variant, in case <limits.h> declares _set_invalid_parameter_handler.
|    For example, HP-UX 11i <limits.h> declares gettimeofday.  */
| #define _set_invalid_parameter_handler innocuous__set_invalid_parameter_handler
| 
| /* System header to define __stub macros and hopefully few prototypes,
|    which can conflict with char _set_invalid_parameter_handler (); below.  */
| 
| #include <limits.h>
| #undef _set_invalid_parameter_handler
| 
| /* Override any GCC internal prototype to avoid an error.
|    Use char because int might match the return type of a GCC
|    builtin and then its argument prototype would still apply.  */
| #ifdef __cplusplus
| extern "C"
| #endif
| char _set_invalid_parameter_handler ();
| /* The GNU C library defines this for functions which it implements
|     to always fail with ENOSYS.  Some functions are actually named
|     something starting with __ and the normal name is an alias.  */
| #if defined __stub__set_invalid_parameter_handler || defined __stub____set_invalid_parameter_handler
| choke me
| #endif
| 
| int
| main (void)
| {
| return _set_invalid_parameter_handler ();
|   ;
|   return 0;
| }
configure:8284: result: no
configure:8284: checking for fcntl
configure:8284: gcc -o conftest -g -O2   conftest.c  >&5
configure:8284: $? = 0
configure:8284: result: yes
configure:8284: checking for symlink
configure:8284: gcc -o conftest -g -O2   conftest.c  >&5
configure:8284: $? = 0
configure:8284: result: yes
configure:8284: checking for getdtablesize
configure:8284: gcc -o conftest -g -O2   conftest.c  >&5
configure:8284: $? = 0
configure:8284: result: yes
configure:8284: checking for getexecname
configure:8284: gcc -o conftest -g -O2   conftest.c  >&5
/usr/bin/ld: /tmp/cczwwffR.o: in function `main':
/root/SmartC2Rust/program/cflow-1.8/conftest.c:82: undefined reference to `getexecname'
collect2: error: ld returned 1 exit status
configure:8284: $? = 1
configure: failed program was:
| /* confdefs.h */
| #define PACKAGE_NAME "GNU cflow"
| #define PACKAGE_TARNAME "cflow"
| #define PACKAGE_VERSION "1.8"
| #define PACKAGE_STRING "GNU cflow 1.8"
| #define PACKAGE_BUGREPORT "bug-cflow@gnu.org"
| #define PACKAGE_URL "http://www.gnu.org/software/cflow"
| #define PACKAGE "cflow"
| #define VERSION "1.8"
| #define HAVE_STDIO_H 1
| #define HAVE_STDLIB_H 1
| #define HAVE_STRING_H 1
| #define HAVE_INTTYPES_H 1
| #define HAVE_STDINT_H 1
| #define HAVE_STRINGS_H 1
| #define HAVE_SYS_STAT_H 1
| #define HAVE_SYS_TYPES_H 1
| #define HAVE_UNISTD_H 1
| #define HAVE_WCHAR_H 1
| #define HAVE_SYS_SOCKET_H 1
| #define HAVE_ERROR_H 1
| #define HAVE_LIMITS_H 1
| #define HAVE_SYS_MMAN_H 1
| #define HAVE_OBSTACK_H 1
| #define HAVE_SYS_PARAM_H 1
| #define HAVE_SYS_TIME_H 1
| #define HAVE_STDBOOL_H 1
| #define HAVE_FEATURES_H 1
| #define STDC_HEADERS 1
| #define _ALL_SOURCE 1
| #define _DARWIN_C_SOURCE 1
| #define _GNU_SOURCE 1
| #define _HPUX_ALT_XOPEN_SOCKET_API 1
| #define _NETBSD_SOURCE 1
| #define _OPENBSD_SOURCE 1
| #define _POSIX_PTHREAD_SEMANTICS 1
| #define __STDC_WANT_IEC_60559_ATTRIBS_EXT__ 1
| #define __STDC_WANT_IEC_60559_BFP_EXT__ 1
| #define __STDC_WANT_IEC_60559_DFP_EXT__ 1
| #define __STDC_WANT_IEC_60559_EXT__ 1
| #define __STDC_WANT_IEC_60559_FUNCS_EXT__ 1
| #define __STDC_WANT_IEC_60559_TYPES_EXT__ 1
| #define __STDC_WANT_LIB_EXT2__ 1
| #define __STDC_WANT_MATH_SPEC_FUNCS__ 1
| #define _TANDEM_SOURCE 1
| #define __EXTENSIONS__ 1
| #define __USE_MINGW_ANSI_STDIO 1
| #define HAVE_ALLOCA_H 1
| #define HAVE_ALLOCA 1
| #define HAVE_MALLOC_POSIX 1
| #define HAVE_FCNTL 1
| #define HAVE_SYMLINK 1
| #define HAVE_GETDTABLESIZE 1
| /* end confdefs.h.  */
| /* Define getexecname to an innocuous variant, in case <limits.h> declares getexecname.
|    For example, HP-UX 11i <limits.h> declares gettimeofday.  */
| #define getexecname innocuous_getexecname
| 
| /* System header to define __stub macros and hopefully few prototypes,
|    which can conflict with char getexecname (); below.  */
| 
| #include <limits.h>
| #undef getexecname
| 
| /* Override any GCC internal prototype to avoid an error.
|    Use char because int might match the return type of a GCC
|    builtin and then its argument prototype would still apply.  */
| #ifdef __cplusplus
| extern "C"
| #endif
| char getexecname ();
| /* The GNU C library defines this for functions which it implements
|     to always fail with ENOSYS.  Some functions are actually named
|     something starting with __ and the normal name is an alias.  */
| #if defined __stub_getexecname || defined __stub___getexecname
| choke me
| #endif
| 
| int
| main (void)
| {
| return getexecname ();
|   ;
|   return 0;
| }
configure:8284: result: no
configure:8284: checking for mbsinit
configure:8284: gcc -o conftest -g -O2   conftest.c  >&5
configure:8284: $? = 0
configure:8284: result: yes
configure:8284: checking for mbrtowc
configure:8284: gcc -o conftest -g -O2   conftest.c  >&5
configure:8284: $? = 0
configure:8284: result: yes
configure:8284: checking for mprotect
configure:8284: gcc -o conftest -g -O2   conftest.c  >&5
configure:8284: $? = 0
configure:8284: result: yes
configure:8284: checking for lstat
configure:8284: gcc -o conftest -g -O2   conftest.c  >&5
configure:8284: $? = 0
configure:8284: result: yes
configure:8284: checking for snprintf
configure:8284: gcc -o conftest -g -O2   conftest.c  >&5
conftest.c:75:6: warning: conflicting types for built-in function 'snprintf'; expected 'int(char *, long unsigned int,  const char *, ...)' [-Wbuiltin-declaration-mismatch]
   75 | char snprintf ();
      |      ^~~~~~~~
conftest.c:67:1: note: 'snprintf' is declared in header '<stdio.h>'
   66 | #include <limits.h>
   67 | #undef snprintf
configure:8284: $? = 0
configure:8284: result: yes
configure:8284: checking for vasnprintf
configure:8284: gcc -o conftest -g -O2   conftest.c  >&5
/usr/bin/ld: /tmp/cczGmwiV.o: in function `main':
/root/SmartC2Rust/program/cflow-1.8/conftest.c:87: undefined reference to `vasnprintf'
collect2: error: ld returned 1 exit status
configure:8284: $? = 1
configure: failed program was:
| /* confdefs.h */
| #define PACKAGE_NAME "GNU cflow"
| #define PACKAGE_TARNAME "cflow"
| #define PACKAGE_VERSION "1.8"
| #define PACKAGE_STRING "GNU cflow 1.8"
| #define PACKAGE_BUGREPORT "bug-cflow@gnu.org"
| #define PACKAGE_URL "http://www.gnu.org/software/cflow"
| #define PACKAGE "cflow"
| #define VERSION "1.8"
| #define HAVE_STDIO_H 1
| #define HAVE_STDLIB_H 1
| #define HAVE_STRING_H 1
| #define HAVE_INTTYPES_H 1
| #define HAVE_STDINT_H 1
| #define HAVE_STRINGS_H 1
| #define HAVE_SYS_STAT_H 1
| #define HAVE_SYS_TYPES_H 1
| #define HAVE_UNISTD_H 1
| #define HAVE_WCHAR_H 1
| #define HAVE_SYS_SOCKET_H 1
| #define HAVE_ERROR_H 1
| #define HAVE_LIMITS_H 1
| #define HAVE_SYS_MMAN_H 1
| #define HAVE_OBSTACK_H 1
| #define HAVE_SYS_PARAM_H 1
| #define HAVE_SYS_TIME_H 1
| #define HAVE_STDBOOL_H 1
| #define HAVE_FEATURES_H 1
| #define STDC_HEADERS 1
| #define _ALL_SOURCE 1
| #define _DARWIN_C_SOURCE 1
| #define _GNU_SOURCE 1
| #define _HPUX_ALT_XOPEN_SOCKET_API 1
| #define _NETBSD_SOURCE 1
| #define _OPENBSD_SOURCE 1
| #define _POSIX_PTHREAD_SEMANTICS 1
| #define __STDC_WANT_IEC_60559_ATTRIBS_EXT__ 1
| #define __STDC_WANT_IEC_60559_BFP_EXT__ 1
| #define __STDC_WANT_IEC_60559_DFP_EXT__ 1
| #define __STDC_WANT_IEC_60559_EXT__ 1
| #define __STDC_WANT_IEC_60559_FUNCS_EXT__ 1
| #define __STDC_WANT_IEC_60559_TYPES_EXT__ 1
| #define __STDC_WANT_LIB_EXT2__ 1
| #define __STDC_WANT_MATH_SPEC_FUNCS__ 1
| #define _TANDEM_SOURCE 1
| #define __EXTENSIONS__ 1
| #define __USE_MINGW_ANSI_STDIO 1
| #define HAVE_ALLOCA_H 1
| #define HAVE_ALLOCA 1
| #define HAVE_MALLOC_POSIX 1
| #define HAVE_FCNTL 1
| #define HAVE_SYMLINK 1
| #define HAVE_GETDTABLESIZE 1
| #define HAVE_MBSINIT 1
| #define HAVE_MBRTOWC 1
| #define HAVE_MPROTECT 1
| #define HAVE_LSTAT 1
| #define HAVE_SNPRINTF 1
| /* end confdefs.h.  */
| /* Define vasnprintf to an innocuous variant, in case <limits.h> declares vasnprintf.
|    For example, HP-UX 11i <limits.h> declares gettimeofday.  */
| #define vasnprintf innocuous_vasnprintf
| 
| /* System header to define __stub macros and hopefully few prototypes,
|    which can conflict with char vasnprintf (); below.  */
| 
| #include <limits.h>
| #undef vasnprintf
| 
| /* Override any GCC internal prototype to avoid an error.
|    Use char because int might match the return type of a GCC
|    builtin and then its argument prototype would still apply.  */
| #ifdef __cplusplus
| extern "C"
| #endif
| char vasnprintf ();
| /* The GNU C library defines this for functions which it implements
|     to always fail with ENOSYS.  Some functions are actually named
|     something starting with __ and the normal name is an alias.  */
| #if defined __stub_vasnprintf || defined __stub___vasnprintf
| choke me
| #endif
| 
| int
| main (void)
| {
| return vasnprintf ();
|   ;
|   return 0;
| }
configure:8284: result: no
configure:8738: checking for complete errno.h
configure:8813: result: yes
configure:9119: checking for gcc options needed to detect all undeclared functions
configure:9141: gcc -c -g -O2   conftest.c >&5
conftest.c: In function 'main':
conftest.c:64:8: error: 'strchr' undeclared (first use in this function)
   64 | (void) strchr;
      |        ^~~~~~
conftest.c:1:1: note: 'strchr' is defined in header '<string.h>'; did you forget to '#include <string.h>'?
    1 | /* confdefs.h */
conftest.c:64:8: note: each undeclared identifier is reported only once for each function it appears in
   64 | (void) strchr;
      |        ^~~~~~
configure:9141: $? = 1
configure: failed program was:
| /* confdefs.h */
| #define PACKAGE_NAME "GNU cflow"
| #define PACKAGE_TARNAME "cflow"
| #define PACKAGE_VERSION "1.8"
| #define PACKAGE_STRING "GNU cflow 1.8"
| #define PACKAGE_BUGREPORT "bug-cflow@gnu.org"
| #define PACKAGE_URL "http://www.gnu.org/software/cflow"
| #define PACKAGE "cflow"
| #define VERSION "1.8"
| #define HAVE_STDIO_H 1
| #define HAVE_STDLIB_H 1
| #define HAVE_STRING_H 1
| #define HAVE_INTTYPES_H 1
| #define HAVE_STDINT_H 1
| #define HAVE_STRINGS_H 1
| #define HAVE_SYS_STAT_H 1
| #define HAVE_SYS_TYPES_H 1
| #define HAVE_UNISTD_H 1
| #define HAVE_WCHAR_H 1
| #define HAVE_SYS_SOCKET_H 1
| #define HAVE_ERROR_H 1
| #define HAVE_LIMITS_H 1
| #define HAVE_SYS_MMAN_H 1
| #define HAVE_OBSTACK_H 1
| #define HAVE_SYS_PARAM_H 1
| #define HAVE_SYS_TIME_H 1
| #define HAVE_STDBOOL_H 1
| #define HAVE_FEATURES_H 1
| #define STDC_HEADERS 1
| #define _ALL_SOURCE 1
| #define _DARWIN_C_SOURCE 1
| #define _GNU_SOURCE 1
| #define _HPUX_ALT_XOPEN_SOCKET_API 1
| #define _NETBSD_SOURCE 1
| #define _OPENBSD_SOURCE 1
| #define _POSIX_PTHREAD_SEMANTICS 1
| #define __STDC_WANT_IEC_60559_ATTRIBS_EXT__ 1
| #define __STDC_WANT_IEC_60559_BFP_EXT__ 1
| #define __STDC_WANT_IEC_60559_DFP_EXT__ 1
| #define __STDC_WANT_IEC_60559_EXT__ 1
| #define __STDC_WANT_IEC_60559_FUNCS_EXT__ 1
| #define __STDC_WANT_IEC_60559_TYPES_EXT__ 1
| #define __STDC_WANT_LIB_EXT2__ 1
| #define __STDC_WANT_MATH_SPEC_FUNCS__ 1
| #define _TANDEM_SOURCE 1
| #define __EXTENSIONS__ 1
| #define __USE_MINGW_ANSI_STDIO 1
| #define HAVE_ALLOCA_H 1
| #define HAVE_ALLOCA 1
| #define HAVE_MALLOC_POSIX 1
| #define HAVE_FCNTL 1
| #define HAVE_SYMLINK 1
| #define HAVE_GETDTABLESIZE 1
| #define HAVE_MBSINIT 1
| #define HAVE_MBRTOWC 1
| #define HAVE_MPROTECT 1
| #define HAVE_LSTAT 1
| #define HAVE_SNPRINTF 1
| /* end confdefs.h.  */
| 
| int
| main (void)
| {
| (void) strchr;
|   ;
|   return 0;
| }
configure:9168: gcc -c -g -O2   conftest.c >&5
configure:9168: $? = 0
configure:9185: result: none needed
configure:9291: checking for error
configure:9328: checking for error
configure:9328: gcc -o conftest -g -O2   conftest.c  >&5
configure:9328: $? = 0
configure:9328: result: yes
configure:9343: result: yes
configure:9366: checking whether error_at_line is declared
configure:9366: gcc -c -g -O2   conftest.c >&5
configure:9366: $? = 0
configure:9366: result: yes
configure:9373: checking for error_at_line
configure:9399: result: yes
configure:9412: checking for working error function
configure:9437: gcc -o conftest -g -O2   conftest.c  >&5
configure:9437: $? = 0
configure:9492: result: yes
configure:9514: checking whether strerror_r is declared
configure:9514: gcc -c -g -O2   conftest.c >&5
configure:9514: $? = 0
configure:9514: result: yes
configure:9533: checking whether strerror_r returns char *
configure:9558: gcc -c -g -O2  conftest.c >&5
configure:9558: $? = 0
configure:9567: result: yes
configure:9626: checking for working fcntl.h
configure:9740: gcc -o conftest -g -O2   conftest.c  >&5
configure:9740: $? = 0
configure:9740: ./conftest
configure:9740: $? = 0
configure:9757: result: yes
configure:9777: checking for pid_t
configure:9777: gcc -c -g -O2  conftest.c >&5
configure:9777: $? = 0
configure:9777: gcc -c -g -O2  conftest.c >&5
conftest.c: In function 'main':
conftest.c:98:20: error: expected expression before ')' token
   98 | if (sizeof ((pid_t)))
      |                    ^
configure:9777: $? = 1
configure: failed program was:
| /* confdefs.h */
| #define PACKAGE_NAME "GNU cflow"
| #define PACKAGE_TARNAME "cflow"
| #define PACKAGE_VERSION "1.8"
| #define PACKAGE_STRING "GNU cflow 1.8"
| #define PACKAGE_BUGREPORT "bug-cflow@gnu.org"
| #define PACKAGE_URL "http://www.gnu.org/software/cflow"
| #define PACKAGE "cflow"
| #define VERSION "1.8"
| #define HAVE_STDIO_H 1
| #define HAVE_STDLIB_H 1
| #define HAVE_STRING_H 1
| #define HAVE_INTTYPES_H 1
| #define HAVE_STDINT_H 1
| #define HAVE_STRINGS_H 1
| #define HAVE_SYS_STAT_H 1
| #define HAVE_SYS_TYPES_H 1
| #define HAVE_UNISTD_H 1
| #define HAVE_WCHAR_H 1
| #define HAVE_SYS_SOCKET_H 1
| #define HAVE_ERROR_H 1
| #define HAVE_LIMITS_H 1
| #define HAVE_SYS_MMAN_H 1
| #define HAVE_OBSTACK_H 1
| #define HAVE_SYS_PARAM_H 1
| #define HAVE_SYS_TIME_H 1
| #define HAVE_STDBOOL_H 1
| #define HAVE_FEATURES_H 1
| #define STDC_HEADERS 1
| #define _ALL_SOURCE 1
| #define _DARWIN_C_SOURCE 1
| #define _GNU_SOURCE 1
| #define _HPUX_ALT_XOPEN_SOCKET_API 1
| #define _NETBSD_SOURCE 1
| #define _OPENBSD_SOURCE 1
| #define _POSIX_PTHREAD_SEMANTICS 1
| #define __STDC_WANT_IEC_60559_ATTRIBS_EXT__ 1
| #define __STDC_WANT_IEC_60559_BFP_EXT__ 1
| #define __STDC_WANT_IEC_60559_DFP_EXT__ 1
| #define __STDC_WANT_IEC_60559_EXT__ 1
| #define __STDC_WANT_IEC_60559_FUNCS_EXT__ 1
| #define __STDC_WANT_IEC_60559_TYPES_EXT__ 1
| #define __STDC_WANT_LIB_EXT2__ 1
| #define __STDC_WANT_MATH_SPEC_FUNCS__ 1
| #define _TANDEM_SOURCE 1
| #define __EXTENSIONS__ 1
| #define __USE_MINGW_ANSI_STDIO 1
| #define HAVE_ALLOCA_H 1
| #define HAVE_ALLOCA 1
| #define HAVE_MALLOC_POSIX 1
| #define HAVE_FCNTL 1
| #define HAVE_SYMLINK 1
| #define HAVE_GETDTABLESIZE 1
| #define HAVE_MBSINIT 1
| #define HAVE_MBRTOWC 1
| #define HAVE_MPROTECT 1
| #define HAVE_LSTAT 1
| #define HAVE_SNPRINTF 1
| #define HAVE_ERROR 1
| #define HAVE_DECL_STRERROR_R 1
| #define HAVE_STRERROR_R 1
| #define STRERROR_R_CHAR_P 1
| #define HAVE_WORKING_O_NOATIME 1
| #define HAVE_WORKING_O_NOFOLLOW 1
| /* end confdefs.h.  */
| #include <stddef.h>
| #ifdef HAVE_STDIO_H
| # include <stdio.h>
| #endif
| #ifdef HAVE_STDLIB_H
| # include <stdlib.h>
| #endif
| #ifdef HAVE_STRING_H
| # include <string.h>
| #endif
| #ifdef HAVE_INTTYPES_H
| # include <inttypes.h>
| #endif
| #ifdef HAVE_STDINT_H
| # include <stdint.h>
| #endif
| #ifdef HAVE_STRINGS_H
| # include <strings.h>
| #endif
| #ifdef HAVE_SYS_TYPES_H
| # include <sys/types.h>
| #endif
| #ifdef HAVE_SYS_STAT_H
| # include <sys/stat.h>
| #endif
| #ifdef HAVE_UNISTD_H
| # include <unistd.h>
| #endif
| 
| int
| main (void)
| {
| if (sizeof ((pid_t)))
| 	    return 0;
|   ;
|   return 0;
| }
configure:9777: result: yes
configure:9813: checking for mode_t
configure:9813: gcc -c -g -O2  conftest.c >&5
configure:9813: $? = 0
configure:9813: gcc -c -g -O2  conftest.c >&5
conftest.c: In function 'main':
conftest.c:97:21: error: expected expression before ')' token
   97 | if (sizeof ((mode_t)))
      |                     ^
configure:9813: $? = 1
configure: failed program was:
| /* confdefs.h */
| #define PACKAGE_NAME "GNU cflow"
| #define PACKAGE_TARNAME "cflow"
| #define PACKAGE_VERSION "1.8"
| #define PACKAGE_STRING "GNU cflow 1.8"
| #define PACKAGE_BUGREPORT "bug-cflow@gnu.org"
| #define PACKAGE_URL "http://www.gnu.org/software/cflow"
| #define PACKAGE "cflow"
| #define VERSION "1.8"
| #define HAVE_STDIO_H 1
| #define HAVE_STDLIB_H 1
| #define HAVE_STRING_H 1
| #define HAVE_INTTYPES_H 1
| #define HAVE_STDINT_H 1
| #define HAVE_STRINGS_H 1
| #define HAVE_SYS_STAT_H 1
| #define HAVE_SYS_TYPES_H 1
| #define HAVE_UNISTD_H 1
| #define HAVE_WCHAR_H 1
| #define HAVE_SYS_SOCKET_H 1
| #define HAVE_ERROR_H 1
| #define HAVE_LIMITS_H 1
| #define HAVE_SYS_MMAN_H 1
| #define HAVE_OBSTACK_H 1
| #define HAVE_SYS_PARAM_H 1
| #define HAVE_SYS_TIME_H 1
| #define HAVE_STDBOOL_H 1
| #define HAVE_FEATURES_H 1
| #define STDC_HEADERS 1
| #define _ALL_SOURCE 1
| #define _DARWIN_C_SOURCE 1
| #define _GNU_SOURCE 1
| #define _HPUX_ALT_XOPEN_SOCKET_API 1
| #define _NETBSD_SOURCE 1
| #define _OPENBSD_SOURCE 1
| #define _POSIX_PTHREAD_SEMANTICS 1
| #define __STDC_WANT_IEC_60559_ATTRIBS_EXT__ 1
| #define __STDC_WANT_IEC_60559_BFP_EXT__ 1
| #define __STDC_WANT_IEC_60559_DFP_EXT__ 1
| #define __STDC_WANT_IEC_60559_EXT__ 1
| #define __STDC_WANT_IEC_60559_FUNCS_EXT__ 1
| #define __STDC_WANT_IEC_60559_TYPES_EXT__ 1
| #define __STDC_WANT_LIB_EXT2__ 1
| #define __STDC_WANT_MATH_SPEC_FUNCS__ 1
| #define _TANDEM_SOURCE 1
| #define __EXTENSIONS__ 1
| #define __USE_MINGW_ANSI_STDIO 1
| #define HAVE_ALLOCA_H 1
| #define HAVE_ALLOCA 1
| #define HAVE_MALLOC_POSIX 1
| #define HAVE_FCNTL 1
| #define HAVE_SYMLINK 1
| #define HAVE_GETDTABLESIZE 1
| #define HAVE_MBSINIT 1
| #define HAVE_MBRTOWC 1
| #define HAVE_MPROTECT 1
| #define HAVE_LSTAT 1
| #define HAVE_SNPRINTF 1
| #define HAVE_ERROR 1
| #define HAVE_DECL_STRERROR_R 1
| #define HAVE_STRERROR_R 1
| #define STRERROR_R_CHAR_P 1
| #define HAVE_WORKING_O_NOATIME 1
| #define HAVE_WORKING_O_NOFOLLOW 1
| /* end confdefs.h.  */
| #include <stddef.h>
| #ifdef HAVE_STDIO_H
| # include <stdio.h>
| #endif
| #ifdef HAVE_STDLIB_H
| # include <stdlib.h>
| #endif
| #ifdef HAVE_STRING_H
| # include <string.h>
| #endif
| #ifdef HAVE_INTTYPES_H
| # include <inttypes.h>
| #endif
| #ifdef HAVE_STDINT_H
| # include <stdint.h>
| #endif
| #ifdef HAVE_STRINGS_H
| # include <strings.h>
| #endif
| #ifdef HAVE_SYS_TYPES_H
| # include <sys/types.h>
| #endif
| #ifdef HAVE_SYS_STAT_H
| # include <sys/stat.h>
| #endif
| #ifdef HAVE_UNISTD_H
| # include <unistd.h>
| #endif
| int
| main (void)
| {
| if (sizeof ((mode_t)))
| 	    return 0;
|   ;
|   return 0;
| }
configure:9813: result: yes
configure:9934: checking whether stat file-mode macros are broken
configure:9962: gcc -c -g -O2  conftest.c >&5
configure:9962: $? = 0
configure:9970: result: no
configure:10060: checking for C/C++ restrict keyword
configure:10090: gcc -c -g -O2  conftest.c >&5
configure:10090: $? = 0
configure:10099: result: __restrict__
configure:10207: checking for nlink_t
configure:10207: gcc -c -g -O2  conftest.c >&5
configure:10207: $? = 0
configure:10207: gcc -c -g -O2  conftest.c >&5
conftest.c: In function 'main':
conftest.c:73:22: error: expected expression before ')' token
   73 | if (sizeof ((nlink_t)))
      |                      ^
configure:10207: $? = 1
configure: failed program was:
| /* confdefs.h */
| #define PACKAGE_NAME "GNU cflow"
| #define PACKAGE_TARNAME "cflow"
| #define PACKAGE_VERSION "1.8"
| #define PACKAGE_STRING "GNU cflow 1.8"
| #define PACKAGE_BUGREPORT "bug-cflow@gnu.org"
| #define PACKAGE_URL "http://www.gnu.org/software/cflow"
| #define PACKAGE "cflow"
| #define VERSION "1.8"
| #define HAVE_STDIO_H 1
| #define HAVE_STDLIB_H 1
| #define HAVE_STRING_H 1
| #define HAVE_INTTYPES_H 1
| #define HAVE_STDINT_H 1
| #define HAVE_STRINGS_H 1
| #define HAVE_SYS_STAT_H 1
| #define HAVE_SYS_TYPES_H 1
| #define HAVE_UNISTD_H 1
| #define HAVE_WCHAR_H 1
| #define HAVE_SYS_SOCKET_H 1
| #define HAVE_ERROR_H 1
| #define HAVE_LIMITS_H 1
| #define HAVE_SYS_MMAN_H 1
| #define HAVE_OBSTACK_H 1
| #define HAVE_SYS_PARAM_H 1
| #define HAVE_SYS_TIME_H 1
| #define HAVE_STDBOOL_H 1
| #define HAVE_FEATURES_H 1
| #define STDC_HEADERS 1
| #define _ALL_SOURCE 1
| #define _DARWIN_C_SOURCE 1
| #define _GNU_SOURCE 1
| #define _HPUX_ALT_XOPEN_SOCKET_API 1
| #define _NETBSD_SOURCE 1
| #define _OPENBSD_SOURCE 1
| #define _POSIX_PTHREAD_SEMANTICS 1
| #define __STDC_WANT_IEC_60559_ATTRIBS_EXT__ 1
| #define __STDC_WANT_IEC_60559_BFP_EXT__ 1
| #define __STDC_WANT_IEC_60559_DFP_EXT__ 1
| #define __STDC_WANT_IEC_60559_EXT__ 1
| #define __STDC_WANT_IEC_60559_FUNCS_EXT__ 1
| #define __STDC_WANT_IEC_60559_TYPES_EXT__ 1
| #define __STDC_WANT_LIB_EXT2__ 1
| #define __STDC_WANT_MATH_SPEC_FUNCS__ 1
| #define _TANDEM_SOURCE 1
| #define __EXTENSIONS__ 1
| #define __USE_MINGW_ANSI_STDIO 1
| #define HAVE_ALLOCA_H 1
| #define HAVE_ALLOCA 1
| #define HAVE_MALLOC_POSIX 1
| #define HAVE_FCNTL 1
| #define HAVE_SYMLINK 1
| #define HAVE_GETDTABLESIZE 1
| #define HAVE_MBSINIT 1
| #define HAVE_MBRTOWC 1
| #define HAVE_MPROTECT 1
| #define HAVE_LSTAT 1
| #define HAVE_SNPRINTF 1
| #define HAVE_ERROR 1
| #define HAVE_DECL_STRERROR_R 1
| #define HAVE_STRERROR_R 1
| #define STRERROR_R_CHAR_P 1
| #define HAVE_WORKING_O_NOATIME 1
| #define HAVE_WORKING_O_NOFOLLOW 1
| #define restrict __restrict__
| /* end confdefs.h.  */
| #include <sys/types.h>
|      #include <sys/stat.h>
| 
| int
| main (void)
| {
| if (sizeof ((nlink_t)))
| 	    return 0;
|   ;
|   return 0;
| }
configure:10207: result: yes
configure:10327: checking whether getdtablesize is declared
configure:10327: gcc -c -g -O2   conftest.c >&5
configure:10327: $? = 0
configure:10327: result: yes
configure:10419: checking whether limits.h has WORD_BIT, BOOL_WIDTH etc.
configure:10446: gcc -c -g -O2  conftest.c >&5
configure:10446: $? = 0
configure:10454: result: yes
configure:10459: checking whether limits.h has SSIZE_MAX
configure:10473: gcc -c -g -O2  conftest.c >&5
configure:10473: $? = 0
configure:10481: result: yes
configure:10489: checking for wint_t
configure:10507: gcc -c -g -O2  conftest.c >&5
configure:10507: $? = 0
configure:10515: result: yes
configure:10522: checking whether wint_t is large enough
configure:10541: gcc -c -g -O2  conftest.c >&5
configure:10541: $? = 0
configure:10549: result: yes
configure:10562: checking whether the compiler produces multi-arch binaries
configure:10577: gcc -c -g -O2  conftest.c >&5
conftest.c:70:13: error: unknown type name 'not'
   70 |             not a universal capable compiler
      |             ^~~
conftest.c:70:19: error: expected '=', ',', ';', 'asm' or '__attribute__' before 'universal'
   70 |             not a universal capable compiler
      |                   ^~~~~~~~~
conftest.c:70:19: error: unknown type name 'universal'
configure:10577: $? = 1
configure: failed program was:
| /* confdefs.h */
| #define PACKAGE_NAME "GNU cflow"
| #define PACKAGE_TARNAME "cflow"
| #define PACKAGE_VERSION "1.8"
| #define PACKAGE_STRING "GNU cflow 1.8"
| #define PACKAGE_BUGREPORT "bug-cflow@gnu.org"
| #define PACKAGE_URL "http://www.gnu.org/software/cflow"
| #define PACKAGE "cflow"
| #define VERSION "1.8"
| #define HAVE_STDIO_H 1
| #define HAVE_STDLIB_H 1
| #define HAVE_STRING_H 1
| #define HAVE_INTTYPES_H 1
| #define HAVE_STDINT_H 1
| #define HAVE_STRINGS_H 1
| #define HAVE_SYS_STAT_H 1
| #define HAVE_SYS_TYPES_H 1
| #define HAVE_UNISTD_H 1
| #define HAVE_WCHAR_H 1
| #define HAVE_SYS_SOCKET_H 1
| #define HAVE_ERROR_H 1
| #define HAVE_LIMITS_H 1
| #define HAVE_SYS_MMAN_H 1
| #define HAVE_OBSTACK_H 1
| #define HAVE_SYS_PARAM_H 1
| #define HAVE_SYS_TIME_H 1
| #define HAVE_STDBOOL_H 1
| #define HAVE_FEATURES_H 1
| #define STDC_HEADERS 1
| #define _ALL_SOURCE 1
| #define _DARWIN_C_SOURCE 1
| #define _GNU_SOURCE 1
| #define _HPUX_ALT_XOPEN_SOCKET_API 1
| #define _NETBSD_SOURCE 1
| #define _OPENBSD_SOURCE 1
| #define _POSIX_PTHREAD_SEMANTICS 1
| #define __STDC_WANT_IEC_60559_ATTRIBS_EXT__ 1
| #define __STDC_WANT_IEC_60559_BFP_EXT__ 1
| #define __STDC_WANT_IEC_60559_DFP_EXT__ 1
| #define __STDC_WANT_IEC_60559_EXT__ 1
| #define __STDC_WANT_IEC_60559_FUNCS_EXT__ 1
| #define __STDC_WANT_IEC_60559_TYPES_EXT__ 1
| #define __STDC_WANT_LIB_EXT2__ 1
| #define __STDC_WANT_MATH_SPEC_FUNCS__ 1
| #define _TANDEM_SOURCE 1
| #define __EXTENSIONS__ 1
| #define __USE_MINGW_ANSI_STDIO 1
| #define HAVE_ALLOCA_H 1
| #define HAVE_ALLOCA 1
| #define HAVE_MALLOC_POSIX 1
| #define HAVE_FCNTL 1
| #define HAVE_SYMLINK 1
| #define HAVE_GETDTABLESIZE 1
| #define HAVE_MBSINIT 1
| #define HAVE_MBRTOWC 1
| #define HAVE_MPROTECT 1
| #define HAVE_LSTAT 1
| #define HAVE_SNPRINTF 1
| #define HAVE_ERROR 1
| #define HAVE_DECL_STRERROR_R 1
| #define HAVE_STRERROR_R 1
| #define STRERROR_R_CHAR_P 1
| #define HAVE_WORKING_O_NOATIME 1
| #define HAVE_WORKING_O_NOFOLLOW 1
| #define restrict __restrict__
| #define HAVE_DECL_GETDTABLESIZE 1
| #define HAVE_WINT_T 1
| /* end confdefs.h.  */
| #ifndef __APPLE_CC__
|             not a universal capable compiler
|            #endif
|            typedef int dummy;
| 
configure:10605: result: no
configure:10737: checking whether stdint.h conforms to C99
configure:10917: gcc -c -g -O2  conftest.c >&5
configure:10917: $? = 0
configure:11002: gcc -o conftest -g -O2   conftest.c  >&5
configure:11002: $? = 0
configure:11002: ./conftest
configure:11002: $? = 0
configure:11015: result: yes
configure:11026: checking whether stdint.h works without ISO C predefines
configure:11059: gcc -c -g -O2  conftest.c >&5
configure:11059: $? = 0
configure:11066: result: yes
configure:11077: checking whether stdint.h has UINTMAX_WIDTH etc.
configure:11110: gcc -c -g -O2  conftest.c >&5
configure:11110: $? = 0
configure:11116: result: yes
configure:11564: checking whether malloc (0) returns nonnull
configure:11600: gcc -o conftest -g -O2   conftest.c  >&5
configure:11600: $? = 0
configure:11600: ./conftest
configure:11600: $? = 0
configure:11612: result: yes
configure:11627: checking for mbstate_t
configure:11645: gcc -c -g -O2  conftest.c >&5
configure:11645: $? = 0
configure:11653: result: yes
configure:11732: checking for nl_langinfo and CODESET
configure:11749: gcc -o conftest -g -O2   conftest.c  >&5
configure:11749: $? = 0
configure:11759: result: yes
configure:11770: checking for a traditional japanese locale
configure:11850: gcc -o conftest -g -O2   conftest.c  >&5
configure:11853: $? = 0
configure:11911: result: none
configure:11925: checking for a french Unicode locale
configure:12003: gcc -o conftest -g -O2   conftest.c  >&5
configure:12006: $? = 0
configure:12054: result: none
configure:12087: checking for a transitional chinese locale
configure:12168: gcc -o conftest -g -O2   conftest.c  >&5
configure:12171: $? = 0
configure:12222: result: none
configure:12249: checking whether mbrtowc handles incomplete characters
configure:12341: result: guessing yes
configure:12347: checking whether mbrtowc works as well as mbtowc
configure:12404: result: guessing yes
configure:12614: checking for mmap
configure:12614: gcc -o conftest -g -O2   conftest.c  >&5
configure:12614: $? = 0
configure:12614: result: yes
configure:12626: checking for MAP_ANONYMOUS
configure:12665: result: yes
configure:12738: checking whether memchr works
configure:12824: gcc -o conftest -g -O2   conftest.c  >&5
configure:12824: $? = 0
configure:12824: ./conftest
configure:12824: $? = 0
configure:12836: result: yes
configure:13025: checking whether <limits.h> defines MIN and MAX
configure:13043: gcc -c -g -O2  conftest.c >&5
conftest.c:76:21: warning: implicit declaration of function 'MIN' [-Wimplicit-function-declaration]
   76 |             int x = MIN (42, 17);
      |                     ^~~
conftest.c:76:21: error: initializer element is not constant
configure:13043: $? = 1
configure: failed program was:
| /* confdefs.h */
| #define PACKAGE_NAME "GNU cflow"
| #define PACKAGE_TARNAME "cflow"
| #define PACKAGE_VERSION "1.8"
| #define PACKAGE_STRING "GNU cflow 1.8"
| #define PACKAGE_BUGREPORT "bug-cflow@gnu.org"
| #define PACKAGE_URL "http://www.gnu.org/software/cflow"
| #define PACKAGE "cflow"
| #define VERSION "1.8"
| #define HAVE_STDIO_H 1
| #define HAVE_STDLIB_H 1
| #define HAVE_STRING_H 1
| #define HAVE_INTTYPES_H 1
| #define HAVE_STDINT_H 1
| #define HAVE_STRINGS_H 1
| #define HAVE_SYS_STAT_H 1
| #define HAVE_SYS_TYPES_H 1
| #define HAVE_UNISTD_H 1
| #define HAVE_WCHAR_H 1
| #define HAVE_SYS_SOCKET_H 1
| #define HAVE_ERROR_H 1
| #define HAVE_LIMITS_H 1
| #define HAVE_SYS_MMAN_H 1
| #define HAVE_OBSTACK_H 1
| #define HAVE_SYS_PARAM_H 1
| #define HAVE_SYS_TIME_H 1
| #define HAVE_STDBOOL_H 1
| #define HAVE_FEATURES_H 1
| #define STDC_HEADERS 1
| #define _ALL_SOURCE 1
| #define _DARWIN_C_SOURCE 1
| #define _GNU_SOURCE 1
| #define _HPUX_ALT_XOPEN_SOCKET_API 1
| #define _NETBSD_SOURCE 1
| #define _OPENBSD_SOURCE 1
| #define _POSIX_PTHREAD_SEMANTICS 1
| #define __STDC_WANT_IEC_60559_ATTRIBS_EXT__ 1
| #define __STDC_WANT_IEC_60559_BFP_EXT__ 1
| #define __STDC_WANT_IEC_60559_DFP_EXT__ 1
| #define __STDC_WANT_IEC_60559_EXT__ 1
| #define __STDC_WANT_IEC_60559_FUNCS_EXT__ 1
| #define __STDC_WANT_IEC_60559_TYPES_EXT__ 1
| #define __STDC_WANT_LIB_EXT2__ 1
| #define __STDC_WANT_MATH_SPEC_FUNCS__ 1
| #define _TANDEM_SOURCE 1
| #define __EXTENSIONS__ 1
| #define __USE_MINGW_ANSI_STDIO 1
| #define HAVE_ALLOCA_H 1
| #define HAVE_ALLOCA 1
| #define HAVE_MALLOC_POSIX 1
| #define HAVE_FCNTL 1
| #define HAVE_SYMLINK 1
| #define HAVE_GETDTABLESIZE 1
| #define HAVE_MBSINIT 1
| #define HAVE_MBRTOWC 1
| #define HAVE_MPROTECT 1
| #define HAVE_LSTAT 1
| #define HAVE_SNPRINTF 1
| #define HAVE_ERROR 1
| #define HAVE_DECL_STRERROR_R 1
| #define HAVE_STRERROR_R 1
| #define STRERROR_R_CHAR_P 1
| #define HAVE_WORKING_O_NOATIME 1
| #define HAVE_WORKING_O_NOFOLLOW 1
| #define restrict __restrict__
| #define HAVE_DECL_GETDTABLESIZE 1
| #define HAVE_WINT_T 1
| #define HAVE_LONG_LONG_INT 1
| #define HAVE_UNSIGNED_LONG_LONG_INT 1
| #define MALLOC_0_IS_NONNULL 1
| #define HAVE_MBSTATE_T 1
| #define HAVE_LANGINFO_CODESET 1
| #define HAVE_MAP_ANONYMOUS 1
| /* end confdefs.h.  */
| #include <limits.h>
|             int x = MIN (42, 17);
| int
| main (void)
| {
| 
|   ;
|   return 0;
| }
configure:13051: result: no
configure:13064: checking whether <sys/param.h> defines MIN and MAX
configure:13082: gcc -c -g -O2  conftest.c >&5
configure:13082: $? = 0
configure:13090: result: yes
configure:13106: checking for O_CLOEXEC
configure:13127: gcc -c -g -O2  conftest.c >&5
configure:13127: $? = 0
configure:13135: result: yes
configure:13141: checking for promoted mode_t type
configure:13159: gcc -c -g -O2  conftest.c >&5
conftest.c: In function 'main':
conftest.c:80:13: error: size of array 'array' is negative
   80 | typedef int array[2 * (sizeof (mode_t) < sizeof (int)) - 1];
      |             ^~~~~
configure:13159: $? = 1
configure: failed program was:
| /* confdefs.h */
| #define PACKAGE_NAME "GNU cflow"
| #define PACKAGE_TARNAME "cflow"
| #define PACKAGE_VERSION "1.8"
| #define PACKAGE_STRING "GNU cflow 1.8"
| #define PACKAGE_BUGREPORT "bug-cflow@gnu.org"
| #define PACKAGE_URL "http://www.gnu.org/software/cflow"
| #define PACKAGE "cflow"
| #define VERSION "1.8"
| #define HAVE_STDIO_H 1
| #define HAVE_STDLIB_H 1
| #define HAVE_STRING_H 1
| #define HAVE_INTTYPES_H 1
| #define HAVE_STDINT_H 1
| #define HAVE_STRINGS_H 1
| #define HAVE_SYS_STAT_H 1
| #define HAVE_SYS_TYPES_H 1
| #define HAVE_UNISTD_H 1
| #define HAVE_WCHAR_H 1
| #define HAVE_SYS_SOCKET_H 1
| #define HAVE_ERROR_H 1
| #define HAVE_LIMITS_H 1
| #define HAVE_SYS_MMAN_H 1
| #define HAVE_OBSTACK_H 1
| #define HAVE_SYS_PARAM_H 1
| #define HAVE_SYS_TIME_H 1
| #define HAVE_STDBOOL_H 1
| #define HAVE_FEATURES_H 1
| #define STDC_HEADERS 1
| #define _ALL_SOURCE 1
| #define _DARWIN_C_SOURCE 1
| #define _GNU_SOURCE 1
| #define _HPUX_ALT_XOPEN_SOCKET_API 1
| #define _NETBSD_SOURCE 1
| #define _OPENBSD_SOURCE 1
| #define _POSIX_PTHREAD_SEMANTICS 1
| #define __STDC_WANT_IEC_60559_ATTRIBS_EXT__ 1
| #define __STDC_WANT_IEC_60559_BFP_EXT__ 1
| #define __STDC_WANT_IEC_60559_DFP_EXT__ 1
| #define __STDC_WANT_IEC_60559_EXT__ 1
| #define __STDC_WANT_IEC_60559_FUNCS_EXT__ 1
| #define __STDC_WANT_IEC_60559_TYPES_EXT__ 1
| #define __STDC_WANT_LIB_EXT2__ 1
| #define __STDC_WANT_MATH_SPEC_FUNCS__ 1
| #define _TANDEM_SOURCE 1
| #define __EXTENSIONS__ 1
| #define __USE_MINGW_ANSI_STDIO 1
| #define HAVE_ALLOCA_H 1
| #define HAVE_ALLOCA 1
| #define HAVE_MALLOC_POSIX 1
| #define HAVE_FCNTL 1
| #define HAVE_SYMLINK 1
| #define HAVE_GETDTABLESIZE 1
| #define HAVE_MBSINIT 1
| #define HAVE_MBRTOWC 1
| #define HAVE_MPROTECT 1
| #define HAVE_LSTAT 1
| #define HAVE_SNPRINTF 1
| #define HAVE_ERROR 1
| #define HAVE_DECL_STRERROR_R 1
| #define HAVE_STRERROR_R 1
| #define STRERROR_R_CHAR_P 1
| #define HAVE_WORKING_O_NOATIME 1
| #define HAVE_WORKING_O_NOFOLLOW 1
| #define restrict __restrict__
| #define HAVE_DECL_GETDTABLESIZE 1
| #define HAVE_WINT_T 1
| #define HAVE_LONG_LONG_INT 1
| #define HAVE_UNSIGNED_LONG_LONG_INT 1
| #define MALLOC_0_IS_NONNULL 1
| #define HAVE_MBSTATE_T 1
| #define HAVE_LANGINFO_CODESET 1
| #define HAVE_MAP_ANONYMOUS 1
| #define HAVE_MINMAX_IN_SYS_PARAM_H 1
| /* end confdefs.h.  */
| #include <sys/types.h>
| int
| main (void)
| {
| typedef int array[2 * (sizeof (mode_t) < sizeof (int)) - 1];
|   ;
|   return 0;
| }
configure:13168: result: mode_t
configure:13243: checking whether snprintf returns a byte count as in C99
configure:13339: gcc -o conftest -g -O2   conftest.c  >&5
conftest.c: In function 'main':
conftest.c:81:22: warning: '%d' directive output truncated writing 4 bytes into a region of size 3 [-Wformat-truncation=]
   81 | # define my_snprintf snprintf
      |                      ^
conftest.c:98:7: note: in expansion of macro 'my_snprintf'
   98 |   if (my_snprintf (buf, 3, "%d %d", 4567, 89) != 7)
      |       ^~~~~~~~~~~
In file included from /usr/include/stdio.h:894,
                 from conftest.c:78:
/usr/include/aarch64-linux-gnu/bits/stdio2.h:71:10: note: '__builtin___snprintf_chk' output 8 bytes into a destination of size 3
   71 |   return __builtin___snprintf_chk (__s, __n, __USE_FORTIFY_LEVEL - 1,
      |          ^~~~~~~~~~~~~~~~~~~~~~~~~~~~~~~~~~~~~~~~~~~~~~~~~~~~~~~~~~~~
   72 |                                    __glibc_objsize (__s), __fmt,
      |                                    ~~~~~~~~~~~~~~~~~~~~~~~~~~~~~
   73 |                                    __va_arg_pack ());
      |                                    ~~~~~~~~~~~~~~~~~
configure:13339: $? = 0
configure:13339: ./conftest
configure:13339: $? = 0
configure:13351: result: yes
configure:13356: checking whether printf supports POSIX/XSI format strings with positions
configure:13397: gcc -o conftest -g -O2   conftest.c  >&5
configure:13397: $? = 0
configure:13397: ./conftest
configure:13397: $? = 0
configure:13409: result: yes
configure:13412: checking whether snprintf is declared
configure:13412: gcc -c -g -O2   conftest.c >&5
configure:13412: $? = 0
configure:13412: result: yes
configure:13672: checking for wchar_t
configure:13690: gcc -c -g -O2  conftest.c >&5
configure:13690: $? = 0
configure:13698: result: yes
configure:13714: checking for good max_align_t
configure:13751: gcc -c -g -O2  conftest.c >&5
configure:13751: $? = 0
configure:13760: result: yes
configure:13772: checking whether NULL can be used in arbitrary expressions
configure:13791: gcc -c -g -O2  conftest.c >&5
configure:13791: $? = 0
configure:13799: result: yes
configure:13806: checking for unreachable
configure:13825: gcc -o conftest -g -O2   conftest.c  >&5
conftest.c: In function 'main':
conftest.c:84:1: warning: implicit declaration of function 'unreachable' [-Wimplicit-function-declaration]
   84 | unreachable ();
      | ^~~~~~~~~~~
/usr/bin/ld: /tmp/cc8AglYP.o: in function `main':
/root/SmartC2Rust/program/cflow-1.8/conftest.c:84: undefined reference to `unreachable'
collect2: error: ld returned 1 exit status
configure:13825: $? = 1
configure: failed program was:
| /* confdefs.h */
| #define PACKAGE_NAME "GNU cflow"
| #define PACKAGE_TARNAME "cflow"
| #define PACKAGE_VERSION "1.8"
| #define PACKAGE_STRING "GNU cflow 1.8"
| #define PACKAGE_BUGREPORT "bug-cflow@gnu.org"
| #define PACKAGE_URL "http://www.gnu.org/software/cflow"
| #define PACKAGE "cflow"
| #define VERSION "1.8"
| #define HAVE_STDIO_H 1
| #define HAVE_STDLIB_H 1
| #define HAVE_STRING_H 1
| #define HAVE_INTTYPES_H 1
| #define HAVE_STDINT_H 1
| #define HAVE_STRINGS_H 1
| #define HAVE_SYS_STAT_H 1
| #define HAVE_SYS_TYPES_H 1
| #define HAVE_UNISTD_H 1
| #define HAVE_WCHAR_H 1
| #define HAVE_SYS_SOCKET_H 1
| #define HAVE_ERROR_H 1
| #define HAVE_LIMITS_H 1
| #define HAVE_SYS_MMAN_H 1
| #define HAVE_OBSTACK_H 1
| #define HAVE_SYS_PARAM_H 1
| #define HAVE_SYS_TIME_H 1
| #define HAVE_STDBOOL_H 1
| #define HAVE_FEATURES_H 1
| #define STDC_HEADERS 1
| #define _ALL_SOURCE 1
| #define _DARWIN_C_SOURCE 1
| #define _GNU_SOURCE 1
| #define _HPUX_ALT_XOPEN_SOCKET_API 1
| #define _NETBSD_SOURCE 1
| #define _OPENBSD_SOURCE 1
| #define _POSIX_PTHREAD_SEMANTICS 1
| #define __STDC_WANT_IEC_60559_ATTRIBS_EXT__ 1
| #define __STDC_WANT_IEC_60559_BFP_EXT__ 1
| #define __STDC_WANT_IEC_60559_DFP_EXT__ 1
| #define __STDC_WANT_IEC_60559_EXT__ 1
| #define __STDC_WANT_IEC_60559_FUNCS_EXT__ 1
| #define __STDC_WANT_IEC_60559_TYPES_EXT__ 1
| #define __STDC_WANT_LIB_EXT2__ 1
| #define __STDC_WANT_MATH_SPEC_FUNCS__ 1
| #define _TANDEM_SOURCE 1
| #define __EXTENSIONS__ 1
| #define __USE_MINGW_ANSI_STDIO 1
| #define HAVE_ALLOCA_H 1
| #define HAVE_ALLOCA 1
| #define HAVE_MALLOC_POSIX 1
| #define HAVE_FCNTL 1
| #define HAVE_SYMLINK 1
| #define HAVE_GETDTABLESIZE 1
| #define HAVE_MBSINIT 1
| #define HAVE_MBRTOWC 1
| #define HAVE_MPROTECT 1
| #define HAVE_LSTAT 1
| #define HAVE_SNPRINTF 1
| #define HAVE_ERROR 1
| #define HAVE_DECL_STRERROR_R 1
| #define HAVE_STRERROR_R 1
| #define STRERROR_R_CHAR_P 1
| #define HAVE_WORKING_O_NOATIME 1
| #define HAVE_WORKING_O_NOFOLLOW 1
| #define restrict __restrict__
| #define HAVE_DECL_GETDTABLESIZE 1
| #define HAVE_WINT_T 1
| #define HAVE_LONG_LONG_INT 1
| #define HAVE_UNSIGNED_LONG_LONG_INT 1
| #define MALLOC_0_IS_NONNULL 1
| #define HAVE_MBSTATE_T 1
| #define HAVE_LANGINFO_CODESET 1
| #define HAVE_MAP_ANONYMOUS 1
| #define HAVE_MINMAX_IN_SYS_PARAM_H 1
| #define PROMOTED_MODE_T mode_t
| #define HAVE_DECL_SNPRINTF 1
| #define HAVE_WCHAR_T 1
| /* end confdefs.h.  */
| #include <stddef.h>
| 
| int
| main (void)
| {
| unreachable ();
| 
|   ;
|   return 0;
| }
configure:13835: result: no
configure:13918: checking whether fcloseall is declared
configure:13918: gcc -c -g -O2   conftest.c >&5
configure:13918: $? = 0
configure:13918: result: yes
configure:13927: checking whether getw is declared
configure:13927: gcc -c -g -O2   conftest.c >&5
configure:13927: $? = 0
configure:13927: result: yes
configure:13936: checking whether putw is declared
configure:13936: gcc -c -g -O2   conftest.c >&5
configure:13936: $? = 0
configure:13936: result: yes
configure:14020: checking which flavor of printf attribute matches inttypes macros
configure:14048: gcc -c -g -O2  conftest.c >&5
configure:14048: $? = 0
configure:14056: result: system
configure:14092: checking whether ecvt is declared
configure:14092: gcc -c -g -O2   conftest.c >&5
configure:14092: $? = 0
configure:14092: result: yes
configure:14101: checking whether fcvt is declared
configure:14101: gcc -c -g -O2   conftest.c >&5
configure:14101: $? = 0
configure:14101: result: yes
configure:14110: checking whether gcvt is declared
configure:14110: gcc -c -g -O2   conftest.c >&5
configure:14110: $? = 0
configure:14110: result: yes
configure:14202: checking whether MB_CUR_MAX is correct
configure:14249: result: guessing yes
configure:14271: checking whether strerror(0) succeeds
configure:14312: gcc -o conftest -g -O2   conftest.c  >&5
configure:14312: $? = 0
configure:14312: ./conftest
configure:14312: $? = 0
configure:14324: result: yes
configure:14540: checking for struct timespec in <time.h>
configure:14558: gcc -c -g -O2  conftest.c >&5
configure:14558: $? = 0
configure:14566: result: yes
configure:14760: checking for TIME_UTC in <time.h>
configure:14778: gcc -c -g -O2  conftest.c >&5
configure:14778: $? = 0
configure:14786: result: yes
configure:14853: checking whether execvpe is declared
configure:14853: gcc -c -g -O2   conftest.c >&5
configure:14853: $? = 0
configure:14853: result: yes
configure:14978: checking for inttypes.h
configure:14998: gcc -c -g -O2  conftest.c >&5
configure:14998: $? = 0
configure:15006: result: yes
configure:15015: checking for stdint.h
configure:15033: gcc -c -g -O2  conftest.c >&5
configure:15033: $? = 0
configure:15041: result: yes
configure:15052: checking for intmax_t
configure:15078: gcc -c -g -O2  conftest.c >&5
configure:15078: $? = 0
configure:15086: result: yes
configure:15101: checking whether snprintf truncates the result as in C99
configure:15186: gcc -o conftest -g -O2   conftest.c  >&5
conftest.c: In function 'main':
conftest.c:111:25: warning: '%d' directive output truncated writing 4 bytes into a region of size 3 [-Wformat-truncation=]
  111 |   my_snprintf (buf, 3, "%d %d", 4567, 89);
      |                         ^~
In file included from /usr/include/stdio.h:894,
                 from conftest.c:91:
/usr/include/aarch64-linux-gnu/bits/stdio2.h:71:10: note: '__builtin___snprintf_chk' output 8 bytes into a destination of size 3
   71 |   return __builtin___snprintf_chk (__s, __n, __USE_FORTIFY_LEVEL - 1,
      |          ^~~~~~~~~~~~~~~~~~~~~~~~~~~~~~~~~~~~~~~~~~~~~~~~~~~~~~~~~~~~
   72 |                                    __glibc_objsize (__s), __fmt,
      |                                    ~~~~~~~~~~~~~~~~~~~~~~~~~~~~~
   73 |                                    __va_arg_pack ());
      |                                    ~~~~~~~~~~~~~~~~~
configure:15186: $? = 0
configure:15186: ./conftest
configure:15186: $? = 0
configure:15198: result: yes
configure:15202: checking where to find the exponent in a 'double'
configure:15528: gcc -o conftest -g -O2   conftest.c  >&5
configure:15528: $? = 0
configure:15528: ./conftest
configure:15528: $? = 0
configure:15541: result: word 1 bit 20
configure:15560: checking for wcslen
configure:15560: gcc -o conftest -g -O2   conftest.c  >&5
configure:15560: $? = 0
configure:15560: result: yes
configure:15570: checking for snprintf
configure:15570: result: yes
configure:15576: checking for strnlen
configure:15576: gcc -o conftest -g -O2   conftest.c  >&5
conftest.c:110:6: warning: conflicting types for built-in function 'strnlen'; expected 'long unsigned int(const char *, long unsigned int)' [-Wbuiltin-declaration-mismatch]
  110 | char strnlen ();
      |      ^~~~~~~
configure:15576: $? = 0
configure:15576: result: yes
configure:15582: checking for wcrtomb
configure:15582: gcc -o conftest -g -O2   conftest.c  >&5
configure:15582: $? = 0
configure:15582: result: yes
configure:15589: checking whether _snprintf is declared
configure:15589: gcc -c -g -O2   conftest.c >&5
conftest.c: In function 'main':
conftest.c:105:10: error: '_snprintf' undeclared (first use in this function); did you mean 'vsnprintf'?
  105 |   (void) _snprintf;
      |          ^~~~~~~~~
      |          vsnprintf
conftest.c:105:10: note: each undeclared identifier is reported only once for each function it appears in
configure:15589: $? = 1
configure: failed program was:
| /* confdefs.h */
| #define PACKAGE_NAME "GNU cflow"
| #define PACKAGE_TARNAME "cflow"
| #define PACKAGE_VERSION "1.8"
| #define PACKAGE_STRING "GNU cflow 1.8"
| #define PACKAGE_BUGREPORT "bug-cflow@gnu.org"
| #define PACKAGE_URL "http://www.gnu.org/software/cflow"
| #define PACKAGE "cflow"
| #define VERSION "1.8"
| #define HAVE_STDIO_H 1
| #define HAVE_STDLIB_H 1
| #define HAVE_STRING_H 1
| #define HAVE_INTTYPES_H 1
| #define HAVE_STDINT_H 1
| #define HAVE_STRINGS_H 1
| #define HAVE_SYS_STAT_H 1
| #define HAVE_SYS_TYPES_H 1
| #define HAVE_UNISTD_H 1
| #define HAVE_WCHAR_H 1
| #define HAVE_SYS_SOCKET_H 1
| #define HAVE_ERROR_H 1
| #define HAVE_LIMITS_H 1
| #define HAVE_SYS_MMAN_H 1
| #define HAVE_OBSTACK_H 1
| #define HAVE_SYS_PARAM_H 1
| #define HAVE_SYS_TIME_H 1
| #define HAVE_STDBOOL_H 1
| #define HAVE_FEATURES_H 1
| #define STDC_HEADERS 1
| #define _ALL_SOURCE 1
| #define _DARWIN_C_SOURCE 1
| #define _GNU_SOURCE 1
| #define _HPUX_ALT_XOPEN_SOCKET_API 1
| #define _NETBSD_SOURCE 1
| #define _OPENBSD_SOURCE 1
| #define _POSIX_PTHREAD_SEMANTICS 1
| #define __STDC_WANT_IEC_60559_ATTRIBS_EXT__ 1
| #define __STDC_WANT_IEC_60559_BFP_EXT__ 1
| #define __STDC_WANT_IEC_60559_DFP_EXT__ 1
| #define __STDC_WANT_IEC_60559_EXT__ 1
| #define __STDC_WANT_IEC_60559_FUNCS_EXT__ 1
| #define __STDC_WANT_IEC_60559_TYPES_EXT__ 1
| #define __STDC_WANT_LIB_EXT2__ 1
| #define __STDC_WANT_MATH_SPEC_FUNCS__ 1
| #define _TANDEM_SOURCE 1
| #define __EXTENSIONS__ 1
| #define __USE_MINGW_ANSI_STDIO 1
| #define HAVE_ALLOCA_H 1
| #define HAVE_ALLOCA 1
| #define HAVE_MALLOC_POSIX 1
| #define HAVE_FCNTL 1
| #define HAVE_SYMLINK 1
| #define HAVE_GETDTABLESIZE 1
| #define HAVE_MBSINIT 1
| #define HAVE_MBRTOWC 1
| #define HAVE_MPROTECT 1
| #define HAVE_LSTAT 1
| #define HAVE_SNPRINTF 1
| #define HAVE_ERROR 1
| #define HAVE_DECL_STRERROR_R 1
| #define HAVE_STRERROR_R 1
| #define STRERROR_R_CHAR_P 1
| #define HAVE_WORKING_O_NOATIME 1
| #define HAVE_WORKING_O_NOFOLLOW 1
| #define restrict __restrict__
| #define HAVE_DECL_GETDTABLESIZE 1
| #define HAVE_WINT_T 1
| #define HAVE_LONG_LONG_INT 1
| #define HAVE_UNSIGNED_LONG_LONG_INT 1
| #define MALLOC_0_IS_NONNULL 1
| #define HAVE_MBSTATE_T 1
| #define HAVE_LANGINFO_CODESET 1
| #define HAVE_MAP_ANONYMOUS 1
| #define HAVE_MINMAX_IN_SYS_PARAM_H 1
| #define PROMOTED_MODE_T mode_t
| #define HAVE_DECL_SNPRINTF 1
| #define HAVE_WCHAR_T 1
| #define HAVE_DECL_FCLOSEALL 1
| #define HAVE_DECL_GETW 1
| #define HAVE_DECL_PUTW 1
| #define HAVE_DECL_ECVT 1
| #define HAVE_DECL_FCVT 1
| #define HAVE_DECL_GCVT 1
| #define _USE_STD_STAT 1
| #define HAVE_DECL_EXECVPE 1
| #define HAVE_INTTYPES_H_WITH_UINTMAX 1
| #define HAVE_STDINT_H_WITH_UINTMAX 1
| #define HAVE_INTMAX_T 1
| #define DBL_EXPBIT0_WORD 1
| #define DBL_EXPBIT0_BIT 20
| #define HAVE_WCSLEN 1
| #define HAVE_SNPRINTF 1
| #define HAVE_STRNLEN 1
| #define HAVE_WCRTOMB 1
| /* end confdefs.h.  */
| #include <stdio.h>
| 
| int
| main (void)
| {
| #ifndef _snprintf
| #ifdef __cplusplus
|   (void) _snprintf;
| #else
|   (void) _snprintf;
| #endif
| #endif
| 
|   ;
|   return 0;
| }
configure:15589: result: no
configure:15619: checking whether <wchar.h> uses 'inline' correctly
configure:15641: gcc -c -g -O2  conftest1.c >&5
configure:15644: $? = 0
configure:15657: gcc -c -g -O2  conftest2.c >&5
configure:15660: $? = 0
configure:15675: result: yes
configure:15806: checking whether wcsdup is declared
configure:15806: gcc -c -g -O2   conftest.c >&5
configure:15806: $? = 0
configure:15806: result: yes
configure:15824: checking for C compiler option to allow warnings
configure:15833: gcc -g -O2  -c conftest.c 2>conftest1.err
configure:15836: $? = 0
configure:15839: gcc -g -O2  -Wno-error -c conftest.c 2>conftest2.err
configure:15842: $? = 0
configure:15852: result: -Wno-error
configure:15895: gcc -g -O2  -E conftest.c > conftest.out
configure:15898: $? = 0
configure:15937: checking for alignas and alignof
configure:15995: gcc -c -g -O2  conftest.c >&5
conftest.c:117:31: warning: implicit declaration of function 'alignof' [-Wimplicit-function-declaration]
  117 |             char test_alignof[alignof (double) == _Alignof (double) ? 1 : -1];
      |                               ^~~~~~~
conftest.c:117:40: error: expected expression before 'double'
  117 |             char test_alignof[alignof (double) == _Alignof (double) ? 1 : -1];
      |                                        ^~~~~~
conftest.c:121:59: error: expected declaration specifiers or '...' before numeric constant
  121 |               struct alignas_test { char c; char alignas (8) alignas_8; };
      |                                                           ^
conftest.c:121:73: warning: no semicolon at end of struct or union
  121 |               struct alignas_test { char c; char alignas (8) alignas_8; };
      |                                                                         ^
In file included from conftest.c:104:
conftest.c:122:33: error: 'struct alignas_test' has no member named 'alignas_8'
  122 |               char test_alignas[offsetof (struct alignas_test, alignas_8) == 8
      |                                 ^~~~~~~~
configure:15995: $? = 1
configure: failed program was:
| /* confdefs.h */
| #define PACKAGE_NAME "GNU cflow"
| #define PACKAGE_TARNAME "cflow"
| #define PACKAGE_VERSION "1.8"
| #define PACKAGE_STRING "GNU cflow 1.8"
| #define PACKAGE_BUGREPORT "bug-cflow@gnu.org"
| #define PACKAGE_URL "http://www.gnu.org/software/cflow"
| #define PACKAGE "cflow"
| #define VERSION "1.8"
| #define HAVE_STDIO_H 1
| #define HAVE_STDLIB_H 1
| #define HAVE_STRING_H 1
| #define HAVE_INTTYPES_H 1
| #define HAVE_STDINT_H 1
| #define HAVE_STRINGS_H 1
| #define HAVE_SYS_STAT_H 1
| #define HAVE_SYS_TYPES_H 1
| #define HAVE_UNISTD_H 1
| #define HAVE_WCHAR_H 1
| #define HAVE_SYS_SOCKET_H 1
| #define HAVE_ERROR_H 1
| #define HAVE_LIMITS_H 1
| #define HAVE_SYS_MMAN_H 1
| #define HAVE_OBSTACK_H 1
| #define HAVE_SYS_PARAM_H 1
| #define HAVE_SYS_TIME_H 1
| #define HAVE_STDBOOL_H 1
| #define HAVE_FEATURES_H 1
| #define STDC_HEADERS 1
| #define _ALL_SOURCE 1
| #define _DARWIN_C_SOURCE 1
| #define _GNU_SOURCE 1
| #define _HPUX_ALT_XOPEN_SOCKET_API 1
| #define _NETBSD_SOURCE 1
| #define _OPENBSD_SOURCE 1
| #define _POSIX_PTHREAD_SEMANTICS 1
| #define __STDC_WANT_IEC_60559_ATTRIBS_EXT__ 1
| #define __STDC_WANT_IEC_60559_BFP_EXT__ 1
| #define __STDC_WANT_IEC_60559_DFP_EXT__ 1
| #define __STDC_WANT_IEC_60559_EXT__ 1
| #define __STDC_WANT_IEC_60559_FUNCS_EXT__ 1
| #define __STDC_WANT_IEC_60559_TYPES_EXT__ 1
| #define __STDC_WANT_LIB_EXT2__ 1
| #define __STDC_WANT_MATH_SPEC_FUNCS__ 1
| #define _TANDEM_SOURCE 1
| #define __EXTENSIONS__ 1
| #define __USE_MINGW_ANSI_STDIO 1
| #define HAVE_ALLOCA_H 1
| #define HAVE_ALLOCA 1
| #define HAVE_MALLOC_POSIX 1
| #define HAVE_FCNTL 1
| #define HAVE_SYMLINK 1
| #define HAVE_GETDTABLESIZE 1
| #define HAVE_MBSINIT 1
| #define HAVE_MBRTOWC 1
| #define HAVE_MPROTECT 1
| #define HAVE_LSTAT 1
| #define HAVE_SNPRINTF 1
| #define HAVE_ERROR 1
| #define HAVE_DECL_STRERROR_R 1
| #define HAVE_STRERROR_R 1
| #define STRERROR_R_CHAR_P 1
| #define HAVE_WORKING_O_NOATIME 1
| #define HAVE_WORKING_O_NOFOLLOW 1
| #define restrict __restrict__
| #define HAVE_DECL_GETDTABLESIZE 1
| #define HAVE_WINT_T 1
| #define HAVE_LONG_LONG_INT 1
| #define HAVE_UNSIGNED_LONG_LONG_INT 1
| #define MALLOC_0_IS_NONNULL 1
| #define HAVE_MBSTATE_T 1
| #define HAVE_LANGINFO_CODESET 1
| #define HAVE_MAP_ANONYMOUS 1
| #define HAVE_MINMAX_IN_SYS_PARAM_H 1
| #define PROMOTED_MODE_T mode_t
| #define HAVE_DECL_SNPRINTF 1
| #define HAVE_WCHAR_T 1
| #define HAVE_DECL_FCLOSEALL 1
| #define HAVE_DECL_GETW 1
| #define HAVE_DECL_PUTW 1
| #define HAVE_DECL_ECVT 1
| #define HAVE_DECL_FCVT 1
| #define HAVE_DECL_GCVT 1
| #define _USE_STD_STAT 1
| #define HAVE_DECL_EXECVPE 1
| #define HAVE_INTTYPES_H_WITH_UINTMAX 1
| #define HAVE_STDINT_H_WITH_UINTMAX 1
| #define HAVE_INTMAX_T 1
| #define DBL_EXPBIT0_WORD 1
| #define DBL_EXPBIT0_BIT 20
| #define HAVE_WCSLEN 1
| #define HAVE_SNPRINTF 1
| #define HAVE_STRNLEN 1
| #define HAVE_WCRTOMB 1
| #define HAVE_DECL__SNPRINTF 0
| #define HAVE_SNPRINTF_RETVAL_C99 1
| #define HAVE_SNPRINTF_TRUNCATION_C99 1
| #define HAVE_DECL_WCSDUP 1
| /* end confdefs.h.  */
| #include <stdint.h>
|             #ifdef INCLUDE_STDALIGN_H
|              #include <stdalign.h>
|             #endif
|             #include <stddef.h>
| 
|             /* Test that alignof yields a result consistent with offsetof.
|                This catches GCC bug 52023
|                <https://gcc.gnu.org/bugzilla/show_bug.cgi?id=52023>.  */
|             #ifdef __cplusplus
|                template <class t> struct alignof_helper { char a; t b; };
|             # define ao(type) offsetof (alignof_helper<type>, b)
|             #else
|             # define ao(type) offsetof (struct { char a; type b; }, b)
|             #endif
|             char test_double[ao (double) % _Alignof (double) == 0 ? 1 : -1];
|             char test_long[ao (long int) % _Alignof (long int) == 0 ? 1 : -1];
|             char test_alignof[alignof (double) == _Alignof (double) ? 1 : -1];
| 
|             /* Test alignas only on platforms where gnulib can help.  */
|             #if                 ((defined __cplusplus && 201103 <= __cplusplus)                  || (__TINYC__ && defined __attribute__)                  || (defined __APPLE__ && defined __MACH__                      ? 4 < __GNUC__ + (1 <= __GNUC_MINOR__)                      : __GNUC__)                  || (__ia64 && (61200 <= __HP_cc || 61200 <= __HP_aCC))                  || __ICC || 0x590 <= __SUNPRO_C || 0x0600 <= __xlC__                  || 1300 <= _MSC_VER)
|               struct alignas_test { char c; char alignas (8) alignas_8; };
|               char test_alignas[offsetof (struct alignas_test, alignas_8) == 8
|                                 ? 1 : -1];
|             #endif
| 
| int
| main (void)
| {
| 
|   ;
|   return 0;
| }
configure:15995: gcc -c -g -O2 -DINCLUDE_STDALIGN_H  conftest.c >&5
configure:15995: $? = 0
configure:16007: result: yes, <stdalign.h> macros
configure:16029: checking for alloca as a compiler built-in
configure:16055: result: yes
configure:16110: checking for static_assert
configure:16148: gcc -c -g -O2  conftest.c >&5
conftest.c:108:28: error: expected declaration specifiers or '...' before numeric constant
  108 |             static_assert (2 + 2 == 4, "arithmetic does not work");
      |                            ^
conftest.c:108:40: error: expected declaration specifiers or '...' before string constant
  108 |             static_assert (2 + 2 == 4, "arithmetic does not work");
      |                                        ^~~~~~~~~~~~~~~~~~~~~~~~~~
conftest.c:109:28: error: expected declaration specifiers or '...' before numeric constant
  109 |             static_assert (2 + 2 == 4);
      |                            ^
conftest.c: In function 'main':
conftest.c:115:13: warning: implicit declaration of function 'static_assert' [-Wimplicit-function-declaration]
  115 |             static_assert (sizeof (char) == 1, "sizeof does not work");
      |             ^~~~~~~~~~~~~
configure:16148: $? = 1
configure: failed program was:
| /* confdefs.h */
| #define PACKAGE_NAME "GNU cflow"
| #define PACKAGE_TARNAME "cflow"
| #define PACKAGE_VERSION "1.8"
| #define PACKAGE_STRING "GNU cflow 1.8"
| #define PACKAGE_BUGREPORT "bug-cflow@gnu.org"
| #define PACKAGE_URL "http://www.gnu.org/software/cflow"
| #define PACKAGE "cflow"
| #define VERSION "1.8"
| #define HAVE_STDIO_H 1
| #define HAVE_STDLIB_H 1
| #define HAVE_STRING_H 1
| #define HAVE_INTTYPES_H 1
| #define HAVE_STDINT_H 1
| #define HAVE_STRINGS_H 1
| #define HAVE_SYS_STAT_H 1
| #define HAVE_SYS_TYPES_H 1
| #define HAVE_UNISTD_H 1
| #define HAVE_WCHAR_H 1
| #define HAVE_SYS_SOCKET_H 1
| #define HAVE_ERROR_H 1
| #define HAVE_LIMITS_H 1
| #define HAVE_SYS_MMAN_H 1
| #define HAVE_OBSTACK_H 1
| #define HAVE_SYS_PARAM_H 1
| #define HAVE_SYS_TIME_H 1
| #define HAVE_STDBOOL_H 1
| #define HAVE_FEATURES_H 1
| #define STDC_HEADERS 1
| #define _ALL_SOURCE 1
| #define _DARWIN_C_SOURCE 1
| #define _GNU_SOURCE 1
| #define _HPUX_ALT_XOPEN_SOCKET_API 1
| #define _NETBSD_SOURCE 1
| #define _OPENBSD_SOURCE 1
| #define _POSIX_PTHREAD_SEMANTICS 1
| #define __STDC_WANT_IEC_60559_ATTRIBS_EXT__ 1
| #define __STDC_WANT_IEC_60559_BFP_EXT__ 1
| #define __STDC_WANT_IEC_60559_DFP_EXT__ 1
| #define __STDC_WANT_IEC_60559_EXT__ 1
| #define __STDC_WANT_IEC_60559_FUNCS_EXT__ 1
| #define __STDC_WANT_IEC_60559_TYPES_EXT__ 1
| #define __STDC_WANT_LIB_EXT2__ 1
| #define __STDC_WANT_MATH_SPEC_FUNCS__ 1
| #define _TANDEM_SOURCE 1
| #define __EXTENSIONS__ 1
| #define __USE_MINGW_ANSI_STDIO 1
| #define HAVE_ALLOCA_H 1
| #define HAVE_ALLOCA 1
| #define HAVE_MALLOC_POSIX 1
| #define HAVE_FCNTL 1
| #define HAVE_SYMLINK 1
| #define HAVE_GETDTABLESIZE 1
| #define HAVE_MBSINIT 1
| #define HAVE_MBRTOWC 1
| #define HAVE_MPROTECT 1
| #define HAVE_LSTAT 1
| #define HAVE_SNPRINTF 1
| #define HAVE_ERROR 1
| #define HAVE_DECL_STRERROR_R 1
| #define HAVE_STRERROR_R 1
| #define STRERROR_R_CHAR_P 1
| #define HAVE_WORKING_O_NOATIME 1
| #define HAVE_WORKING_O_NOFOLLOW 1
| #define restrict __restrict__
| #define HAVE_DECL_GETDTABLESIZE 1
| #define HAVE_WINT_T 1
| #define HAVE_LONG_LONG_INT 1
| #define HAVE_UNSIGNED_LONG_LONG_INT 1
| #define MALLOC_0_IS_NONNULL 1
| #define HAVE_MBSTATE_T 1
| #define HAVE_LANGINFO_CODESET 1
| #define HAVE_MAP_ANONYMOUS 1
| #define HAVE_MINMAX_IN_SYS_PARAM_H 1
| #define PROMOTED_MODE_T mode_t
| #define HAVE_DECL_SNPRINTF 1
| #define HAVE_WCHAR_T 1
| #define HAVE_DECL_FCLOSEALL 1
| #define HAVE_DECL_GETW 1
| #define HAVE_DECL_PUTW 1
| #define HAVE_DECL_ECVT 1
| #define HAVE_DECL_FCVT 1
| #define HAVE_DECL_GCVT 1
| #define _USE_STD_STAT 1
| #define HAVE_DECL_EXECVPE 1
| #define HAVE_INTTYPES_H_WITH_UINTMAX 1
| #define HAVE_STDINT_H_WITH_UINTMAX 1
| #define HAVE_INTMAX_T 1
| #define DBL_EXPBIT0_WORD 1
| #define DBL_EXPBIT0_BIT 20
| #define HAVE_WCSLEN 1
| #define HAVE_SNPRINTF 1
| #define HAVE_STRNLEN 1
| #define HAVE_WCRTOMB 1
| #define HAVE_DECL__SNPRINTF 0
| #define HAVE_SNPRINTF_RETVAL_C99 1
| #define HAVE_SNPRINTF_TRUNCATION_C99 1
| #define HAVE_DECL_WCSDUP 1
| #define HAVE_ALLOCA 1
| /* end confdefs.h.  */
| #if defined __clang__ && __STDC_VERSION__ < 202311
|              #pragma clang diagnostic error "-Wc2x-extensions"
|              #pragma clang diagnostic error "-Wc++1z-extensions"
|             #endif
|             #ifdef INCLUDE_ASSERT_H
|              #include <assert.h>
|             #endif
|             static_assert (2 + 2 == 4, "arithmetic does not work");
|             static_assert (2 + 2 == 4);
| 
| int
| main (void)
| {
| 
|             static_assert (sizeof (char) == 1, "sizeof does not work");
|             static_assert (sizeof (char) == 1);
| 
|   ;
|   return 0;
| }
configure:16148: gcc -c -g -O2 -DINCLUDE_ASSERT_H  conftest.c >&5
configure:16148: $? = 0
configure:16159: result: yes, an <assert.h> macro
configure:16287: checking whether calloc (0, n) and calloc (n, 0) return nonnull
configure:16319: gcc -o conftest -g -O2   conftest.c  >&5
configure:16319: $? = 0
configure:16319: ./conftest
configure:16319: $? = 0
configure:16343: result: yes
configure:16464: checking whether // is distinct from /
configure:16494: result: no
configure:16505: checking whether dup2 works
configure:16598: gcc -o conftest -g -O2   conftest.c  >&5
configure:16598: $? = 0
configure:16598: ./conftest
configure:16598: $? = 0
configure:16610: result: yes
configure:16753: checking whether fcntl handles F_DUPFD correctly
configure:16817: gcc -o conftest -g -O2   conftest.c  >&5
configure:16817: $? = 0
configure:16817: ./conftest
configure:16817: $? = 0
configure:16828: result: yes
configure:16846: checking whether fcntl understands F_DUPFD_CLOEXEC
configure:16881: gcc -o conftest -g -O2   conftest.c  >&5
configure:16881: $? = 0
configure:16881: ./conftest
configure:16881: $? = 0
configure:16900: gcc -c -g -O2  conftest.c >&5
conftest.c:110:1: error: unknown type name 'choke'
  110 | choke me
      | ^~~~~
conftest.c:110:9: error: expected ';' before 'int'
  110 | choke me
      |         ^
      |         ;
......
  113 | int
      | ~~~      
configure:16900: $? = 1
configure: failed program was:
| /* confdefs.h */
| #define PACKAGE_NAME "GNU cflow"
| #define PACKAGE_TARNAME "cflow"
| #define PACKAGE_VERSION "1.8"
| #define PACKAGE_STRING "GNU cflow 1.8"
| #define PACKAGE_BUGREPORT "bug-cflow@gnu.org"
| #define PACKAGE_URL "http://www.gnu.org/software/cflow"
| #define PACKAGE "cflow"
| #define VERSION "1.8"
| #define HAVE_STDIO_H 1
| #define HAVE_STDLIB_H 1
| #define HAVE_STRING_H 1
| #define HAVE_INTTYPES_H 1
| #define HAVE_STDINT_H 1
| #define HAVE_STRINGS_H 1
| #define HAVE_SYS_STAT_H 1
| #define HAVE_SYS_TYPES_H 1
| #define HAVE_UNISTD_H 1
| #define HAVE_WCHAR_H 1
| #define HAVE_SYS_SOCKET_H 1
| #define HAVE_ERROR_H 1
| #define HAVE_LIMITS_H 1
| #define HAVE_SYS_MMAN_H 1
| #define HAVE_OBSTACK_H 1
| #define HAVE_SYS_PARAM_H 1
| #define HAVE_SYS_TIME_H 1
| #define HAVE_STDBOOL_H 1
| #define HAVE_FEATURES_H 1
| #define STDC_HEADERS 1
| #define _ALL_SOURCE 1
| #define _DARWIN_C_SOURCE 1
| #define _GNU_SOURCE 1
| #define _HPUX_ALT_XOPEN_SOCKET_API 1
| #define _NETBSD_SOURCE 1
| #define _OPENBSD_SOURCE 1
| #define _POSIX_PTHREAD_SEMANTICS 1
| #define __STDC_WANT_IEC_60559_ATTRIBS_EXT__ 1
| #define __STDC_WANT_IEC_60559_BFP_EXT__ 1
| #define __STDC_WANT_IEC_60559_DFP_EXT__ 1
| #define __STDC_WANT_IEC_60559_EXT__ 1
| #define __STDC_WANT_IEC_60559_FUNCS_EXT__ 1
| #define __STDC_WANT_IEC_60559_TYPES_EXT__ 1
| #define __STDC_WANT_LIB_EXT2__ 1
| #define __STDC_WANT_MATH_SPEC_FUNCS__ 1
| #define _TANDEM_SOURCE 1
| #define __EXTENSIONS__ 1
| #define __USE_MINGW_ANSI_STDIO 1
| #define HAVE_ALLOCA_H 1
| #define HAVE_ALLOCA 1
| #define HAVE_MALLOC_POSIX 1
| #define HAVE_FCNTL 1
| #define HAVE_SYMLINK 1
| #define HAVE_GETDTABLESIZE 1
| #define HAVE_MBSINIT 1
| #define HAVE_MBRTOWC 1
| #define HAVE_MPROTECT 1
| #define HAVE_LSTAT 1
| #define HAVE_SNPRINTF 1
| #define HAVE_ERROR 1
| #define HAVE_DECL_STRERROR_R 1
| #define HAVE_STRERROR_R 1
| #define STRERROR_R_CHAR_P 1
| #define HAVE_WORKING_O_NOATIME 1
| #define HAVE_WORKING_O_NOFOLLOW 1
| #define restrict __restrict__
| #define HAVE_DECL_GETDTABLESIZE 1
| #define HAVE_WINT_T 1
| #define HAVE_LONG_LONG_INT 1
| #define HAVE_UNSIGNED_LONG_LONG_INT 1
| #define MALLOC_0_IS_NONNULL 1
| #define HAVE_MBSTATE_T 1
| #define HAVE_LANGINFO_CODESET 1
| #define HAVE_MAP_ANONYMOUS 1
| #define HAVE_MINMAX_IN_SYS_PARAM_H 1
| #define PROMOTED_MODE_T mode_t
| #define HAVE_DECL_SNPRINTF 1
| #define HAVE_WCHAR_T 1
| #define HAVE_DECL_FCLOSEALL 1
| #define HAVE_DECL_GETW 1
| #define HAVE_DECL_PUTW 1
| #define HAVE_DECL_ECVT 1
| #define HAVE_DECL_FCVT 1
| #define HAVE_DECL_GCVT 1
| #define _USE_STD_STAT 1
| #define HAVE_DECL_EXECVPE 1
| #define HAVE_INTTYPES_H_WITH_UINTMAX 1
| #define HAVE_STDINT_H_WITH_UINTMAX 1
| #define HAVE_INTMAX_T 1
| #define DBL_EXPBIT0_WORD 1
| #define DBL_EXPBIT0_BIT 20
| #define HAVE_WCSLEN 1
| #define HAVE_SNPRINTF 1
| #define HAVE_STRNLEN 1
| #define HAVE_WCRTOMB 1
| #define HAVE_DECL__SNPRINTF 0
| #define HAVE_SNPRINTF_RETVAL_C99 1
| #define HAVE_SNPRINTF_TRUNCATION_C99 1
| #define HAVE_DECL_WCSDUP 1
| #define HAVE_ALLOCA 1
| #define GNULIB_TEST_CALLOC_GNU 1
| #define GNULIB_TEST_CALLOC_POSIX 1
| #define GNULIB_TEST_CLOEXEC 1
| #define GNULIB_TEST_CLOSE 1
| #define GNULIB_TEST_DUP2 1
| /* end confdefs.h.  */
| 
| #ifdef __linux__
| /* The Linux kernel only added F_DUPFD_CLOEXEC in 2.6.24, so we always replace
|    it to support the semantics on older kernels that failed with EINVAL.  */
| choke me
| #endif
| 
| int
| main (void)
| {
| 
|   ;
|   return 0;
| }
configure:16917: result: needs runtime check
configure:17028: checking whether conversion from 'int' to 'long double' works
configure:17077: gcc -o conftest -g -O2   conftest.c  >&5
configure:17077: $? = 0
configure:17077: ./conftest
configure:17077: $? = 0
configure:17089: result: yes
configure:17238: checking whether free is known to preserve errno
configure:17262: gcc -c -g -O2  conftest.c >&5
configure:17262: $? = 0
configure:17271: result: yes
configure:17396: checking whether getdtablesize works
configure:17436: gcc -o conftest -g -O2   conftest.c  >&5
configure:17436: $? = 0
configure:17436: ./conftest
configure:17436: $? = 0
configure:17450: result: yes
configure:17503: checking for getprogname
configure:17540: checking for getprogname
configure:17540: gcc -o conftest -g -O2   conftest.c  >&5
/usr/bin/ld: /tmp/ccuVUuo9.o: in function `main':
/root/SmartC2Rust/program/cflow-1.8/conftest.c:138: undefined reference to `getprogname'
collect2: error: ld returned 1 exit status
configure:17540: $? = 1
configure: failed program was:
| /* confdefs.h */
| #define PACKAGE_NAME "GNU cflow"
| #define PACKAGE_TARNAME "cflow"
| #define PACKAGE_VERSION "1.8"
| #define PACKAGE_STRING "GNU cflow 1.8"
| #define PACKAGE_BUGREPORT "bug-cflow@gnu.org"
| #define PACKAGE_URL "http://www.gnu.org/software/cflow"
| #define PACKAGE "cflow"
| #define VERSION "1.8"
| #define HAVE_STDIO_H 1
| #define HAVE_STDLIB_H 1
| #define HAVE_STRING_H 1
| #define HAVE_INTTYPES_H 1
| #define HAVE_STDINT_H 1
| #define HAVE_STRINGS_H 1
| #define HAVE_SYS_STAT_H 1
| #define HAVE_SYS_TYPES_H 1
| #define HAVE_UNISTD_H 1
| #define HAVE_WCHAR_H 1
| #define HAVE_SYS_SOCKET_H 1
| #define HAVE_ERROR_H 1
| #define HAVE_LIMITS_H 1
| #define HAVE_SYS_MMAN_H 1
| #define HAVE_OBSTACK_H 1
| #define HAVE_SYS_PARAM_H 1
| #define HAVE_SYS_TIME_H 1
| #define HAVE_STDBOOL_H 1
| #define HAVE_FEATURES_H 1
| #define STDC_HEADERS 1
| #define _ALL_SOURCE 1
| #define _DARWIN_C_SOURCE 1
| #define _GNU_SOURCE 1
| #define _HPUX_ALT_XOPEN_SOCKET_API 1
| #define _NETBSD_SOURCE 1
| #define _OPENBSD_SOURCE 1
| #define _POSIX_PTHREAD_SEMANTICS 1
| #define __STDC_WANT_IEC_60559_ATTRIBS_EXT__ 1
| #define __STDC_WANT_IEC_60559_BFP_EXT__ 1
| #define __STDC_WANT_IEC_60559_DFP_EXT__ 1
| #define __STDC_WANT_IEC_60559_EXT__ 1
| #define __STDC_WANT_IEC_60559_FUNCS_EXT__ 1
| #define __STDC_WANT_IEC_60559_TYPES_EXT__ 1
| #define __STDC_WANT_LIB_EXT2__ 1
| #define __STDC_WANT_MATH_SPEC_FUNCS__ 1
| #define _TANDEM_SOURCE 1
| #define __EXTENSIONS__ 1
| #define __USE_MINGW_ANSI_STDIO 1
| #define HAVE_ALLOCA_H 1
| #define HAVE_ALLOCA 1
| #define HAVE_MALLOC_POSIX 1
| #define HAVE_FCNTL 1
| #define HAVE_SYMLINK 1
| #define HAVE_GETDTABLESIZE 1
| #define HAVE_MBSINIT 1
| #define HAVE_MBRTOWC 1
| #define HAVE_MPROTECT 1
| #define HAVE_LSTAT 1
| #define HAVE_SNPRINTF 1
| #define HAVE_ERROR 1
| #define HAVE_DECL_STRERROR_R 1
| #define HAVE_STRERROR_R 1
| #define STRERROR_R_CHAR_P 1
| #define HAVE_WORKING_O_NOATIME 1
| #define HAVE_WORKING_O_NOFOLLOW 1
| #define restrict __restrict__
| #define HAVE_DECL_GETDTABLESIZE 1
| #define HAVE_WINT_T 1
| #define HAVE_LONG_LONG_INT 1
| #define HAVE_UNSIGNED_LONG_LONG_INT 1
| #define MALLOC_0_IS_NONNULL 1
| #define HAVE_MBSTATE_T 1
| #define HAVE_LANGINFO_CODESET 1
| #define HAVE_MAP_ANONYMOUS 1
| #define HAVE_MINMAX_IN_SYS_PARAM_H 1
| #define PROMOTED_MODE_T mode_t
| #define HAVE_DECL_SNPRINTF 1
| #define HAVE_WCHAR_T 1
| #define HAVE_DECL_FCLOSEALL 1
| #define HAVE_DECL_GETW 1
| #define HAVE_DECL_PUTW 1
| #define HAVE_DECL_ECVT 1
| #define HAVE_DECL_FCVT 1
| #define HAVE_DECL_GCVT 1
| #define _USE_STD_STAT 1
| #define HAVE_DECL_EXECVPE 1
| #define HAVE_INTTYPES_H_WITH_UINTMAX 1
| #define HAVE_STDINT_H_WITH_UINTMAX 1
| #define HAVE_INTMAX_T 1
| #define DBL_EXPBIT0_WORD 1
| #define DBL_EXPBIT0_BIT 20
| #define HAVE_WCSLEN 1
| #define HAVE_SNPRINTF 1
| #define HAVE_STRNLEN 1
| #define HAVE_WCRTOMB 1
| #define HAVE_DECL__SNPRINTF 0
| #define HAVE_SNPRINTF_RETVAL_C99 1
| #define HAVE_SNPRINTF_TRUNCATION_C99 1
| #define HAVE_DECL_WCSDUP 1
| #define HAVE_ALLOCA 1
| #define GNULIB_TEST_CALLOC_GNU 1
| #define GNULIB_TEST_CALLOC_POSIX 1
| #define GNULIB_TEST_CLOEXEC 1
| #define GNULIB_TEST_CLOSE 1
| #define GNULIB_TEST_DUP2 1
| #define GNULIB_TEST_FCNTL 1
| #define HAVE_FREE_POSIX 1
| #define GNULIB_TEST_FREE_POSIX 1
| #define GNULIB_TEST_FSTAT 1
| #define GNULIB_TEST_GETDTABLESIZE 1
| /* end confdefs.h.  */
| /* Define getprogname to an innocuous variant, in case <limits.h> declares getprogname.
|    For example, HP-UX 11i <limits.h> declares gettimeofday.  */
| #define getprogname innocuous_getprogname
| 
| /* System header to define __stub macros and hopefully few prototypes,
|    which can conflict with char getprogname (); below.  */
| 
| #include <limits.h>
| #undef getprogname
| 
| /* Override any GCC internal prototype to avoid an error.
|    Use char because int might match the return type of a GCC
|    builtin and then its argument prototype would still apply.  */
| #ifdef __cplusplus
| extern "C"
| #endif
| char getprogname ();
| /* The GNU C library defines this for functions which it implements
|     to always fail with ENOSYS.  Some functions are actually named
|     something starting with __ and the normal name is an alias.  */
| #if defined __stub_getprogname || defined __stub___getprogname
| choke me
| #endif
| 
| int
| main (void)
| {
| return getprogname ();
|   ;
|   return 0;
| }
configure:17540: result: no
configure:17555: result: no
configure:17575: checking whether program_invocation_name is declared
configure:17575: gcc -c -g -O2   conftest.c >&5
configure:17575: $? = 0
configure:17575: result: yes
configure:17612: checking whether program_invocation_name is declared
configure:17612: result: yes
configure:17626: checking whether program_invocation_short_name is declared
configure:17626: gcc -c -g -O2   conftest.c >&5
configure:17626: $? = 0
configure:17626: result: yes
configure:17640: checking whether __argv is declared
configure:17640: gcc -c -g -O2   conftest.c >&5
conftest.c: In function 'main':
conftest.c:123:10: error: '__argv' undeclared (first use in this function)
  123 |   (void) __argv;
      |          ^~~~~~
conftest.c:123:10: note: each undeclared identifier is reported only once for each function it appears in
configure:17640: $? = 1
configure: failed program was:
| /* confdefs.h */
| #define PACKAGE_NAME "GNU cflow"
| #define PACKAGE_TARNAME "cflow"
| #define PACKAGE_VERSION "1.8"
| #define PACKAGE_STRING "GNU cflow 1.8"
| #define PACKAGE_BUGREPORT "bug-cflow@gnu.org"
| #define PACKAGE_URL "http://www.gnu.org/software/cflow"
| #define PACKAGE "cflow"
| #define VERSION "1.8"
| #define HAVE_STDIO_H 1
| #define HAVE_STDLIB_H 1
| #define HAVE_STRING_H 1
| #define HAVE_INTTYPES_H 1
| #define HAVE_STDINT_H 1
| #define HAVE_STRINGS_H 1
| #define HAVE_SYS_STAT_H 1
| #define HAVE_SYS_TYPES_H 1
| #define HAVE_UNISTD_H 1
| #define HAVE_WCHAR_H 1
| #define HAVE_SYS_SOCKET_H 1
| #define HAVE_ERROR_H 1
| #define HAVE_LIMITS_H 1
| #define HAVE_SYS_MMAN_H 1
| #define HAVE_OBSTACK_H 1
| #define HAVE_SYS_PARAM_H 1
| #define HAVE_SYS_TIME_H 1
| #define HAVE_STDBOOL_H 1
| #define HAVE_FEATURES_H 1
| #define STDC_HEADERS 1
| #define _ALL_SOURCE 1
| #define _DARWIN_C_SOURCE 1
| #define _GNU_SOURCE 1
| #define _HPUX_ALT_XOPEN_SOCKET_API 1
| #define _NETBSD_SOURCE 1
| #define _OPENBSD_SOURCE 1
| #define _POSIX_PTHREAD_SEMANTICS 1
| #define __STDC_WANT_IEC_60559_ATTRIBS_EXT__ 1
| #define __STDC_WANT_IEC_60559_BFP_EXT__ 1
| #define __STDC_WANT_IEC_60559_DFP_EXT__ 1
| #define __STDC_WANT_IEC_60559_EXT__ 1
| #define __STDC_WANT_IEC_60559_FUNCS_EXT__ 1
| #define __STDC_WANT_IEC_60559_TYPES_EXT__ 1
| #define __STDC_WANT_LIB_EXT2__ 1
| #define __STDC_WANT_MATH_SPEC_FUNCS__ 1
| #define _TANDEM_SOURCE 1
| #define __EXTENSIONS__ 1
| #define __USE_MINGW_ANSI_STDIO 1
| #define HAVE_ALLOCA_H 1
| #define HAVE_ALLOCA 1
| #define HAVE_MALLOC_POSIX 1
| #define HAVE_FCNTL 1
| #define HAVE_SYMLINK 1
| #define HAVE_GETDTABLESIZE 1
| #define HAVE_MBSINIT 1
| #define HAVE_MBRTOWC 1
| #define HAVE_MPROTECT 1
| #define HAVE_LSTAT 1
| #define HAVE_SNPRINTF 1
| #define HAVE_ERROR 1
| #define HAVE_DECL_STRERROR_R 1
| #define HAVE_STRERROR_R 1
| #define STRERROR_R_CHAR_P 1
| #define HAVE_WORKING_O_NOATIME 1
| #define HAVE_WORKING_O_NOFOLLOW 1
| #define restrict __restrict__
| #define HAVE_DECL_GETDTABLESIZE 1
| #define HAVE_WINT_T 1
| #define HAVE_LONG_LONG_INT 1
| #define HAVE_UNSIGNED_LONG_LONG_INT 1
| #define MALLOC_0_IS_NONNULL 1
| #define HAVE_MBSTATE_T 1
| #define HAVE_LANGINFO_CODESET 1
| #define HAVE_MAP_ANONYMOUS 1
| #define HAVE_MINMAX_IN_SYS_PARAM_H 1
| #define PROMOTED_MODE_T mode_t
| #define HAVE_DECL_SNPRINTF 1
| #define HAVE_WCHAR_T 1
| #define HAVE_DECL_FCLOSEALL 1
| #define HAVE_DECL_GETW 1
| #define HAVE_DECL_PUTW 1
| #define HAVE_DECL_ECVT 1
| #define HAVE_DECL_FCVT 1
| #define HAVE_DECL_GCVT 1
| #define _USE_STD_STAT 1
| #define HAVE_DECL_EXECVPE 1
| #define HAVE_INTTYPES_H_WITH_UINTMAX 1
| #define HAVE_STDINT_H_WITH_UINTMAX 1
| #define HAVE_INTMAX_T 1
| #define DBL_EXPBIT0_WORD 1
| #define DBL_EXPBIT0_BIT 20
| #define HAVE_WCSLEN 1
| #define HAVE_SNPRINTF 1
| #define HAVE_STRNLEN 1
| #define HAVE_WCRTOMB 1
| #define HAVE_DECL__SNPRINTF 0
| #define HAVE_SNPRINTF_RETVAL_C99 1
| #define HAVE_SNPRINTF_TRUNCATION_C99 1
| #define HAVE_DECL_WCSDUP 1
| #define HAVE_ALLOCA 1
| #define GNULIB_TEST_CALLOC_GNU 1
| #define GNULIB_TEST_CALLOC_POSIX 1
| #define GNULIB_TEST_CLOEXEC 1
| #define GNULIB_TEST_CLOSE 1
| #define GNULIB_TEST_DUP2 1
| #define GNULIB_TEST_FCNTL 1
| #define HAVE_FREE_POSIX 1
| #define GNULIB_TEST_FREE_POSIX 1
| #define GNULIB_TEST_FSTAT 1
| #define GNULIB_TEST_GETDTABLESIZE 1
| #define HAVE_DECL_PROGRAM_INVOCATION_NAME 1
| #define HAVE_DECL_PROGRAM_INVOCATION_NAME 1
| #define HAVE_DECL_PROGRAM_INVOCATION_SHORT_NAME 1
| /* end confdefs.h.  */
| #include <stdlib.h>
| 
| int
| main (void)
| {
| #ifndef __argv
| #ifdef __cplusplus
|   (void) __argv;
| #else
|   (void) __argv;
| #endif
| #endif
| 
|   ;
|   return 0;
| }
configure:17640: result: no
configure:17769: checking whether malloc (0) returns nonnull
configure:17817: result: yes
configure:18016: checking for obstacks that work with any size object
configure:18041: gcc -o conftest -g -O2   conftest.c  >&5
conftest.c:125:22: error: conflicting types for '_obstack_memory_used'; have 'size_t(struct obstack *)' {aka 'long unsigned int(struct obstack *)'}
  125 |               size_t _obstack_memory_used (struct obstack *);
      |                      ^~~~~~~~~~~~~~~~~~~~
In file included from conftest.c:121:
/usr/include/obstack.h:190:12: note: previous declaration of '_obstack_memory_used' with type 'int(struct obstack *)'
  190 | extern int _obstack_memory_used (struct obstack *) __attribute_pure__;
      |            ^~~~~~~~~~~~~~~~~~~~
configure:18041: $? = 1
configure: failed program was:
| /* confdefs.h */
| #define PACKAGE_NAME "GNU cflow"
| #define PACKAGE_TARNAME "cflow"
| #define PACKAGE_VERSION "1.8"
| #define PACKAGE_STRING "GNU cflow 1.8"
| #define PACKAGE_BUGREPORT "bug-cflow@gnu.org"
| #define PACKAGE_URL "http://www.gnu.org/software/cflow"
| #define PACKAGE "cflow"
| #define VERSION "1.8"
| #define HAVE_STDIO_H 1
| #define HAVE_STDLIB_H 1
| #define HAVE_STRING_H 1
| #define HAVE_INTTYPES_H 1
| #define HAVE_STDINT_H 1
| #define HAVE_STRINGS_H 1
| #define HAVE_SYS_STAT_H 1
| #define HAVE_SYS_TYPES_H 1
| #define HAVE_UNISTD_H 1
| #define HAVE_WCHAR_H 1
| #define HAVE_SYS_SOCKET_H 1
| #define HAVE_ERROR_H 1
| #define HAVE_LIMITS_H 1
| #define HAVE_SYS_MMAN_H 1
| #define HAVE_OBSTACK_H 1
| #define HAVE_SYS_PARAM_H 1
| #define HAVE_SYS_TIME_H 1
| #define HAVE_STDBOOL_H 1
| #define HAVE_FEATURES_H 1
| #define STDC_HEADERS 1
| #define _ALL_SOURCE 1
| #define _DARWIN_C_SOURCE 1
| #define _GNU_SOURCE 1
| #define _HPUX_ALT_XOPEN_SOCKET_API 1
| #define _NETBSD_SOURCE 1
| #define _OPENBSD_SOURCE 1
| #define _POSIX_PTHREAD_SEMANTICS 1
| #define __STDC_WANT_IEC_60559_ATTRIBS_EXT__ 1
| #define __STDC_WANT_IEC_60559_BFP_EXT__ 1
| #define __STDC_WANT_IEC_60559_DFP_EXT__ 1
| #define __STDC_WANT_IEC_60559_EXT__ 1
| #define __STDC_WANT_IEC_60559_FUNCS_EXT__ 1
| #define __STDC_WANT_IEC_60559_TYPES_EXT__ 1
| #define __STDC_WANT_LIB_EXT2__ 1
| #define __STDC_WANT_MATH_SPEC_FUNCS__ 1
| #define _TANDEM_SOURCE 1
| #define __EXTENSIONS__ 1
| #define __USE_MINGW_ANSI_STDIO 1
| #define HAVE_ALLOCA_H 1
| #define HAVE_ALLOCA 1
| #define HAVE_MALLOC_POSIX 1
| #define HAVE_FCNTL 1
| #define HAVE_SYMLINK 1
| #define HAVE_GETDTABLESIZE 1
| #define HAVE_MBSINIT 1
| #define HAVE_MBRTOWC 1
| #define HAVE_MPROTECT 1
| #define HAVE_LSTAT 1
| #define HAVE_SNPRINTF 1
| #define HAVE_ERROR 1
| #define HAVE_DECL_STRERROR_R 1
| #define HAVE_STRERROR_R 1
| #define STRERROR_R_CHAR_P 1
| #define HAVE_WORKING_O_NOATIME 1
| #define HAVE_WORKING_O_NOFOLLOW 1
| #define restrict __restrict__
| #define HAVE_DECL_GETDTABLESIZE 1
| #define HAVE_WINT_T 1
| #define HAVE_LONG_LONG_INT 1
| #define HAVE_UNSIGNED_LONG_LONG_INT 1
| #define MALLOC_0_IS_NONNULL 1
| #define HAVE_MBSTATE_T 1
| #define HAVE_LANGINFO_CODESET 1
| #define HAVE_MAP_ANONYMOUS 1
| #define HAVE_MINMAX_IN_SYS_PARAM_H 1
| #define PROMOTED_MODE_T mode_t
| #define HAVE_DECL_SNPRINTF 1
| #define HAVE_WCHAR_T 1
| #define HAVE_DECL_FCLOSEALL 1
| #define HAVE_DECL_GETW 1
| #define HAVE_DECL_PUTW 1
| #define HAVE_DECL_ECVT 1
| #define HAVE_DECL_FCVT 1
| #define HAVE_DECL_GCVT 1
| #define _USE_STD_STAT 1
| #define HAVE_DECL_EXECVPE 1
| #define HAVE_INTTYPES_H_WITH_UINTMAX 1
| #define HAVE_STDINT_H_WITH_UINTMAX 1
| #define HAVE_INTMAX_T 1
| #define DBL_EXPBIT0_WORD 1
| #define DBL_EXPBIT0_BIT 20
| #define HAVE_WCSLEN 1
| #define HAVE_SNPRINTF 1
| #define HAVE_STRNLEN 1
| #define HAVE_WCRTOMB 1
| #define HAVE_DECL__SNPRINTF 0
| #define HAVE_SNPRINTF_RETVAL_C99 1
| #define HAVE_SNPRINTF_TRUNCATION_C99 1
| #define HAVE_DECL_WCSDUP 1
| #define HAVE_ALLOCA 1
| #define GNULIB_TEST_CALLOC_GNU 1
| #define GNULIB_TEST_CALLOC_POSIX 1
| #define GNULIB_TEST_CLOEXEC 1
| #define GNULIB_TEST_CLOSE 1
| #define GNULIB_TEST_DUP2 1
| #define GNULIB_TEST_FCNTL 1
| #define HAVE_FREE_POSIX 1
| #define GNULIB_TEST_FREE_POSIX 1
| #define GNULIB_TEST_FSTAT 1
| #define GNULIB_TEST_GETDTABLESIZE 1
| #define HAVE_DECL_PROGRAM_INVOCATION_NAME 1
| #define HAVE_DECL_PROGRAM_INVOCATION_NAME 1
| #define HAVE_DECL_PROGRAM_INVOCATION_SHORT_NAME 1
| #define HAVE_DECL___ARGV 0
| #define GNULIB_TEST_GETPROGNAME 1
| #define GNULIB_TEST_MALLOC_GNU 1
| #define GNULIB_TEST_MALLOC_POSIX 1
| #define GNULIB_TEST_MBSZERO 1
| #define GNULIB_TEST_MEMCHR 1
| #define GNULIB_MSVC_NOTHROW 1
| /* end confdefs.h.  */
| #include "obstack.h"
|               void *obstack_chunk_alloc (size_t n) { return 0; }
|               void obstack_chunk_free (void *p) { }
|               /* Check that an internal function returns size_t, not int.  */
|               size_t _obstack_memory_used (struct obstack *);
| 
| int
| main (void)
| {
| struct obstack mem;
|               obstack_init (&mem);
|               obstack_free (&mem, 0);
| 
|   ;
|   return 0;
| }
configure:18051: result: no
configure:18130: checking whether open recognizes a trailing slash
configure:18175: gcc -o conftest -g -O2   conftest.c  >&5
configure:18175: $? = 0
configure:18175: ./conftest
configure:18175: $? = 0
configure:18188: result: yes
configure:18252: checking whether program_invocation_name is declared
configure:18252: result: yes
configure:18262: checking whether program_invocation_short_name is declared
configure:18262: result: yes
configure:18277: checking whether realloc (0, 0) returns nonnull
configure:18313: gcc -o conftest -g -O2   conftest.c  >&5
configure:18313: $? = 0
configure:18313: ./conftest
configure:18313: $? = 0
configure:18325: result: yes
configure:18412: checking for reallocarray
configure:18449: checking for reallocarray
configure:18449: gcc -o conftest -g -O2   conftest.c  >&5
configure:18449: $? = 0
configure:18449: result: yes
configure:18464: result: yes
configure:18531: checking for stdint.h
configure:18531: result: yes
configure:18538: checking for SIZE_MAX
configure:18614: result: yes
configure:18626: checking for snprintf
configure:18626: result: yes
configure:18637: checking whether snprintf respects a size of 1
configure:18680: gcc -o conftest -g -O2   conftest.c  >&5
conftest.c: In function 'main':
conftest.c:150:25: warning: '%d' directive output truncated writing 5 bytes into a region of size 1 [-Wformat-truncation=]
  150 |   my_snprintf (buf, 1, "%d", 12345);
      |                         ^~
In file included from /usr/include/stdio.h:894,
                 from conftest.c:132:
/usr/include/aarch64-linux-gnu/bits/stdio2.h:71:10: note: '__builtin___snprintf_chk' output 6 bytes into a destination of size 1
   71 |   return __builtin___snprintf_chk (__s, __n, __USE_FORTIFY_LEVEL - 1,
      |          ^~~~~~~~~~~~~~~~~~~~~~~~~~~~~~~~~~~~~~~~~~~~~~~~~~~~~~~~~~~~
   72 |                                    __glibc_objsize (__s), __fmt,
      |                                    ~~~~~~~~~~~~~~~~~~~~~~~~~~~~~
   73 |                                    __va_arg_pack ());
      |                                    ~~~~~~~~~~~~~~~~~
configure:18680: $? = 0
configure:18680: ./conftest
configure:18680: $? = 0
configure:18692: result: yes
configure:18765: checking for ssize_t
configure:18783: gcc -c -g -O2  conftest.c >&5
configure:18783: $? = 0
configure:18791: result: yes
configure:18842: checking whether stat handles trailing slashes on files
configure:18888: gcc -o conftest -g -O2   conftest.c  >&5
configure:18888: $? = 0
configure:18888: ./conftest
configure:18888: $? = 0
configure:18900: result: yes
configure:18976: checking for struct stat.st_atim.tv_nsec
configure:18976: gcc -c -g -O2  conftest.c >&5
configure:18976: $? = 0
configure:18976: result: yes
configure:18984: checking whether struct stat.st_atim is of type struct timespec
configure:19012: gcc -c -g -O2  conftest.c >&5
configure:19012: $? = 0
configure:19020: result: yes
configure:19069: checking for struct stat.st_birthtimespec.tv_nsec
configure:19069: gcc -c -g -O2  conftest.c >&5
conftest.c: In function 'main':
conftest.c:143:12: error: 'struct stat' has no member named 'st_birthtimespec'
  143 | if (ac_aggr.st_birthtimespec.tv_nsec)
      |            ^
configure:19069: $? = 1
configure: failed program was:
| /* confdefs.h */
| #define PACKAGE_NAME "GNU cflow"
| #define PACKAGE_TARNAME "cflow"
| #define PACKAGE_VERSION "1.8"
| #define PACKAGE_STRING "GNU cflow 1.8"
| #define PACKAGE_BUGREPORT "bug-cflow@gnu.org"
| #define PACKAGE_URL "http://www.gnu.org/software/cflow"
| #define PACKAGE "cflow"
| #define VERSION "1.8"
| #define HAVE_STDIO_H 1
| #define HAVE_STDLIB_H 1
| #define HAVE_STRING_H 1
| #define HAVE_INTTYPES_H 1
| #define HAVE_STDINT_H 1
| #define HAVE_STRINGS_H 1
| #define HAVE_SYS_STAT_H 1
| #define HAVE_SYS_TYPES_H 1
| #define HAVE_UNISTD_H 1
| #define HAVE_WCHAR_H 1
| #define HAVE_SYS_SOCKET_H 1
| #define HAVE_ERROR_H 1
| #define HAVE_LIMITS_H 1
| #define HAVE_SYS_MMAN_H 1
| #define HAVE_OBSTACK_H 1
| #define HAVE_SYS_PARAM_H 1
| #define HAVE_SYS_TIME_H 1
| #define HAVE_STDBOOL_H 1
| #define HAVE_FEATURES_H 1
| #define STDC_HEADERS 1
| #define _ALL_SOURCE 1
| #define _DARWIN_C_SOURCE 1
| #define _GNU_SOURCE 1
| #define _HPUX_ALT_XOPEN_SOCKET_API 1
| #define _NETBSD_SOURCE 1
| #define _OPENBSD_SOURCE 1
| #define _POSIX_PTHREAD_SEMANTICS 1
| #define __STDC_WANT_IEC_60559_ATTRIBS_EXT__ 1
| #define __STDC_WANT_IEC_60559_BFP_EXT__ 1
| #define __STDC_WANT_IEC_60559_DFP_EXT__ 1
| #define __STDC_WANT_IEC_60559_EXT__ 1
| #define __STDC_WANT_IEC_60559_FUNCS_EXT__ 1
| #define __STDC_WANT_IEC_60559_TYPES_EXT__ 1
| #define __STDC_WANT_LIB_EXT2__ 1
| #define __STDC_WANT_MATH_SPEC_FUNCS__ 1
| #define _TANDEM_SOURCE 1
| #define __EXTENSIONS__ 1
| #define __USE_MINGW_ANSI_STDIO 1
| #define HAVE_ALLOCA_H 1
| #define HAVE_ALLOCA 1
| #define HAVE_MALLOC_POSIX 1
| #define HAVE_FCNTL 1
| #define HAVE_SYMLINK 1
| #define HAVE_GETDTABLESIZE 1
| #define HAVE_MBSINIT 1
| #define HAVE_MBRTOWC 1
| #define HAVE_MPROTECT 1
| #define HAVE_LSTAT 1
| #define HAVE_SNPRINTF 1
| #define HAVE_ERROR 1
| #define HAVE_DECL_STRERROR_R 1
| #define HAVE_STRERROR_R 1
| #define STRERROR_R_CHAR_P 1
| #define HAVE_WORKING_O_NOATIME 1
| #define HAVE_WORKING_O_NOFOLLOW 1
| #define restrict __restrict__
| #define HAVE_DECL_GETDTABLESIZE 1
| #define HAVE_WINT_T 1
| #define HAVE_LONG_LONG_INT 1
| #define HAVE_UNSIGNED_LONG_LONG_INT 1
| #define MALLOC_0_IS_NONNULL 1
| #define HAVE_MBSTATE_T 1
| #define HAVE_LANGINFO_CODESET 1
| #define HAVE_MAP_ANONYMOUS 1
| #define HAVE_MINMAX_IN_SYS_PARAM_H 1
| #define PROMOTED_MODE_T mode_t
| #define HAVE_DECL_SNPRINTF 1
| #define HAVE_WCHAR_T 1
| #define HAVE_DECL_FCLOSEALL 1
| #define HAVE_DECL_GETW 1
| #define HAVE_DECL_PUTW 1
| #define HAVE_DECL_ECVT 1
| #define HAVE_DECL_FCVT 1
| #define HAVE_DECL_GCVT 1
| #define _USE_STD_STAT 1
| #define HAVE_DECL_EXECVPE 1
| #define HAVE_INTTYPES_H_WITH_UINTMAX 1
| #define HAVE_STDINT_H_WITH_UINTMAX 1
| #define HAVE_INTMAX_T 1
| #define DBL_EXPBIT0_WORD 1
| #define DBL_EXPBIT0_BIT 20
| #define HAVE_WCSLEN 1
| #define HAVE_SNPRINTF 1
| #define HAVE_STRNLEN 1
| #define HAVE_WCRTOMB 1
| #define HAVE_DECL__SNPRINTF 0
| #define HAVE_SNPRINTF_RETVAL_C99 1
| #define HAVE_SNPRINTF_TRUNCATION_C99 1
| #define HAVE_DECL_WCSDUP 1
| #define HAVE_ALLOCA 1
| #define GNULIB_TEST_CALLOC_GNU 1
| #define GNULIB_TEST_CALLOC_POSIX 1
| #define GNULIB_TEST_CLOEXEC 1
| #define GNULIB_TEST_CLOSE 1
| #define GNULIB_TEST_DUP2 1
| #define GNULIB_TEST_FCNTL 1
| #define HAVE_FREE_POSIX 1
| #define GNULIB_TEST_FREE_POSIX 1
| #define GNULIB_TEST_FSTAT 1
| #define GNULIB_TEST_GETDTABLESIZE 1
| #define HAVE_DECL_PROGRAM_INVOCATION_NAME 1
| #define HAVE_DECL_PROGRAM_INVOCATION_NAME 1
| #define HAVE_DECL_PROGRAM_INVOCATION_SHORT_NAME 1
| #define HAVE_DECL___ARGV 0
| #define GNULIB_TEST_GETPROGNAME 1
| #define GNULIB_TEST_MALLOC_GNU 1
| #define GNULIB_TEST_MALLOC_POSIX 1
| #define GNULIB_TEST_MBSZERO 1
| #define GNULIB_TEST_MEMCHR 1
| #define GNULIB_MSVC_NOTHROW 1
| #define GNULIB_TEST_OPEN 1
| #define HAVE_DECL_PROGRAM_INVOCATION_NAME 1
| #define HAVE_DECL_PROGRAM_INVOCATION_SHORT_NAME 1
| #define GNULIB_TEST_REALLOC_GNU 1
| #define GNULIB_TEST_REALLOC_POSIX 1
| #define HAVE_REALLOCARRAY 1
| #define GNULIB_REALLOCARRAY 1
| #define GNULIB_TEST_REALLOCARRAY 1
| #define HAVE_STDINT_H 1
| #define HAVE_SNPRINTF 1
| #define GNULIB_TEST_SNPRINTF 1
| #define GNULIB_SNPRINTF 1
| #define GNULIB_TEST_STAT 1
| #define HAVE_STRUCT_STAT_ST_ATIM_TV_NSEC 1
| #define TYPEOF_STRUCT_STAT_ST_ATIM_IS_STRUCT_TIMESPEC 1
| /* end confdefs.h.  */
| #include <sys/types.h>
|      #include <sys/stat.h>
| 
| int
| main (void)
| {
| static struct stat ac_aggr;
| if (ac_aggr.st_birthtimespec.tv_nsec)
| return 0;
|   ;
|   return 0;
| }
configure:19069: gcc -c -g -O2  conftest.c >&5
conftest.c: In function 'main':
conftest.c:143:19: error: 'struct stat' has no member named 'st_birthtimespec'
  143 | if (sizeof ac_aggr.st_birthtimespec.tv_nsec)
      |                   ^
configure:19069: $? = 1
configure: failed program was:
| /* confdefs.h */
| #define PACKAGE_NAME "GNU cflow"
| #define PACKAGE_TARNAME "cflow"
| #define PACKAGE_VERSION "1.8"
| #define PACKAGE_STRING "GNU cflow 1.8"
| #define PACKAGE_BUGREPORT "bug-cflow@gnu.org"
| #define PACKAGE_URL "http://www.gnu.org/software/cflow"
| #define PACKAGE "cflow"
| #define VERSION "1.8"
| #define HAVE_STDIO_H 1
| #define HAVE_STDLIB_H 1
| #define HAVE_STRING_H 1
| #define HAVE_INTTYPES_H 1
| #define HAVE_STDINT_H 1
| #define HAVE_STRINGS_H 1
| #define HAVE_SYS_STAT_H 1
| #define HAVE_SYS_TYPES_H 1
| #define HAVE_UNISTD_H 1
| #define HAVE_WCHAR_H 1
| #define HAVE_SYS_SOCKET_H 1
| #define HAVE_ERROR_H 1
| #define HAVE_LIMITS_H 1
| #define HAVE_SYS_MMAN_H 1
| #define HAVE_OBSTACK_H 1
| #define HAVE_SYS_PARAM_H 1
| #define HAVE_SYS_TIME_H 1
| #define HAVE_STDBOOL_H 1
| #define HAVE_FEATURES_H 1
| #define STDC_HEADERS 1
| #define _ALL_SOURCE 1
| #define _DARWIN_C_SOURCE 1
| #define _GNU_SOURCE 1
| #define _HPUX_ALT_XOPEN_SOCKET_API 1
| #define _NETBSD_SOURCE 1
| #define _OPENBSD_SOURCE 1
| #define _POSIX_PTHREAD_SEMANTICS 1
| #define __STDC_WANT_IEC_60559_ATTRIBS_EXT__ 1
| #define __STDC_WANT_IEC_60559_BFP_EXT__ 1
| #define __STDC_WANT_IEC_60559_DFP_EXT__ 1
| #define __STDC_WANT_IEC_60559_EXT__ 1
| #define __STDC_WANT_IEC_60559_FUNCS_EXT__ 1
| #define __STDC_WANT_IEC_60559_TYPES_EXT__ 1
| #define __STDC_WANT_LIB_EXT2__ 1
| #define __STDC_WANT_MATH_SPEC_FUNCS__ 1
| #define _TANDEM_SOURCE 1
| #define __EXTENSIONS__ 1
| #define __USE_MINGW_ANSI_STDIO 1
| #define HAVE_ALLOCA_H 1
| #define HAVE_ALLOCA 1
| #define HAVE_MALLOC_POSIX 1
| #define HAVE_FCNTL 1
| #define HAVE_SYMLINK 1
| #define HAVE_GETDTABLESIZE 1
| #define HAVE_MBSINIT 1
| #define HAVE_MBRTOWC 1
| #define HAVE_MPROTECT 1
| #define HAVE_LSTAT 1
| #define HAVE_SNPRINTF 1
| #define HAVE_ERROR 1
| #define HAVE_DECL_STRERROR_R 1
| #define HAVE_STRERROR_R 1
| #define STRERROR_R_CHAR_P 1
| #define HAVE_WORKING_O_NOATIME 1
| #define HAVE_WORKING_O_NOFOLLOW 1
| #define restrict __restrict__
| #define HAVE_DECL_GETDTABLESIZE 1
| #define HAVE_WINT_T 1
| #define HAVE_LONG_LONG_INT 1
| #define HAVE_UNSIGNED_LONG_LONG_INT 1
| #define MALLOC_0_IS_NONNULL 1
| #define HAVE_MBSTATE_T 1
| #define HAVE_LANGINFO_CODESET 1
| #define HAVE_MAP_ANONYMOUS 1
| #define HAVE_MINMAX_IN_SYS_PARAM_H 1
| #define PROMOTED_MODE_T mode_t
| #define HAVE_DECL_SNPRINTF 1
| #define HAVE_WCHAR_T 1
| #define HAVE_DECL_FCLOSEALL 1
| #define HAVE_DECL_GETW 1
| #define HAVE_DECL_PUTW 1
| #define HAVE_DECL_ECVT 1
| #define HAVE_DECL_FCVT 1
| #define HAVE_DECL_GCVT 1
| #define _USE_STD_STAT 1
| #define HAVE_DECL_EXECVPE 1
| #define HAVE_INTTYPES_H_WITH_UINTMAX 1
| #define HAVE_STDINT_H_WITH_UINTMAX 1
| #define HAVE_INTMAX_T 1
| #define DBL_EXPBIT0_WORD 1
| #define DBL_EXPBIT0_BIT 20
| #define HAVE_WCSLEN 1
| #define HAVE_SNPRINTF 1
| #define HAVE_STRNLEN 1
| #define HAVE_WCRTOMB 1
| #define HAVE_DECL__SNPRINTF 0
| #define HAVE_SNPRINTF_RETVAL_C99 1
| #define HAVE_SNPRINTF_TRUNCATION_C99 1
| #define HAVE_DECL_WCSDUP 1
| #define HAVE_ALLOCA 1
| #define GNULIB_TEST_CALLOC_GNU 1
| #define GNULIB_TEST_CALLOC_POSIX 1
| #define GNULIB_TEST_CLOEXEC 1
| #define GNULIB_TEST_CLOSE 1
| #define GNULIB_TEST_DUP2 1
| #define GNULIB_TEST_FCNTL 1
| #define HAVE_FREE_POSIX 1
| #define GNULIB_TEST_FREE_POSIX 1
| #define GNULIB_TEST_FSTAT 1
| #define GNULIB_TEST_GETDTABLESIZE 1
| #define HAVE_DECL_PROGRAM_INVOCATION_NAME 1
| #define HAVE_DECL_PROGRAM_INVOCATION_NAME 1
| #define HAVE_DECL_PROGRAM_INVOCATION_SHORT_NAME 1
| #define HAVE_DECL___ARGV 0
| #define GNULIB_TEST_GETPROGNAME 1
| #define GNULIB_TEST_MALLOC_GNU 1
| #define GNULIB_TEST_MALLOC_POSIX 1
| #define GNULIB_TEST_MBSZERO 1
| #define GNULIB_TEST_MEMCHR 1
| #define GNULIB_MSVC_NOTHROW 1
| #define GNULIB_TEST_OPEN 1
| #define HAVE_DECL_PROGRAM_INVOCATION_NAME 1
| #define HAVE_DECL_PROGRAM_INVOCATION_SHORT_NAME 1
| #define GNULIB_TEST_REALLOC_GNU 1
| #define GNULIB_TEST_REALLOC_POSIX 1
| #define HAVE_REALLOCARRAY 1
| #define GNULIB_REALLOCARRAY 1
| #define GNULIB_TEST_REALLOCARRAY 1
| #define HAVE_STDINT_H 1
| #define HAVE_SNPRINTF 1
| #define GNULIB_TEST_SNPRINTF 1
| #define GNULIB_SNPRINTF 1
| #define GNULIB_TEST_STAT 1
| #define HAVE_STRUCT_STAT_ST_ATIM_TV_NSEC 1
| #define TYPEOF_STRUCT_STAT_ST_ATIM_IS_STRUCT_TIMESPEC 1
| /* end confdefs.h.  */
| #include <sys/types.h>
|      #include <sys/stat.h>
| 
| int
| main (void)
| {
| static struct stat ac_aggr;
| if (sizeof ac_aggr.st_birthtimespec.tv_nsec)
| return 0;
|   ;
|   return 0;
| }
configure:19069: result: no
configure:19079: checking for struct stat.st_birthtimensec
configure:19079: gcc -c -g -O2  conftest.c >&5
conftest.c: In function 'main':
conftest.c:143:12: error: 'struct stat' has no member named 'st_birthtimensec'
  143 | if (ac_aggr.st_birthtimensec)
      |            ^
configure:19079: $? = 1
configure: failed program was:
| /* confdefs.h */
| #define PACKAGE_NAME "GNU cflow"
| #define PACKAGE_TARNAME "cflow"
| #define PACKAGE_VERSION "1.8"
| #define PACKAGE_STRING "GNU cflow 1.8"
| #define PACKAGE_BUGREPORT "bug-cflow@gnu.org"
| #define PACKAGE_URL "http://www.gnu.org/software/cflow"
| #define PACKAGE "cflow"
| #define VERSION "1.8"
| #define HAVE_STDIO_H 1
| #define HAVE_STDLIB_H 1
| #define HAVE_STRING_H 1
| #define HAVE_INTTYPES_H 1
| #define HAVE_STDINT_H 1
| #define HAVE_STRINGS_H 1
| #define HAVE_SYS_STAT_H 1
| #define HAVE_SYS_TYPES_H 1
| #define HAVE_UNISTD_H 1
| #define HAVE_WCHAR_H 1
| #define HAVE_SYS_SOCKET_H 1
| #define HAVE_ERROR_H 1
| #define HAVE_LIMITS_H 1
| #define HAVE_SYS_MMAN_H 1
| #define HAVE_OBSTACK_H 1
| #define HAVE_SYS_PARAM_H 1
| #define HAVE_SYS_TIME_H 1
| #define HAVE_STDBOOL_H 1
| #define HAVE_FEATURES_H 1
| #define STDC_HEADERS 1
| #define _ALL_SOURCE 1
| #define _DARWIN_C_SOURCE 1
| #define _GNU_SOURCE 1
| #define _HPUX_ALT_XOPEN_SOCKET_API 1
| #define _NETBSD_SOURCE 1
| #define _OPENBSD_SOURCE 1
| #define _POSIX_PTHREAD_SEMANTICS 1
| #define __STDC_WANT_IEC_60559_ATTRIBS_EXT__ 1
| #define __STDC_WANT_IEC_60559_BFP_EXT__ 1
| #define __STDC_WANT_IEC_60559_DFP_EXT__ 1
| #define __STDC_WANT_IEC_60559_EXT__ 1
| #define __STDC_WANT_IEC_60559_FUNCS_EXT__ 1
| #define __STDC_WANT_IEC_60559_TYPES_EXT__ 1
| #define __STDC_WANT_LIB_EXT2__ 1
| #define __STDC_WANT_MATH_SPEC_FUNCS__ 1
| #define _TANDEM_SOURCE 1
| #define __EXTENSIONS__ 1
| #define __USE_MINGW_ANSI_STDIO 1
| #define HAVE_ALLOCA_H 1
| #define HAVE_ALLOCA 1
| #define HAVE_MALLOC_POSIX 1
| #define HAVE_FCNTL 1
| #define HAVE_SYMLINK 1
| #define HAVE_GETDTABLESIZE 1
| #define HAVE_MBSINIT 1
| #define HAVE_MBRTOWC 1
| #define HAVE_MPROTECT 1
| #define HAVE_LSTAT 1
| #define HAVE_SNPRINTF 1
| #define HAVE_ERROR 1
| #define HAVE_DECL_STRERROR_R 1
| #define HAVE_STRERROR_R 1
| #define STRERROR_R_CHAR_P 1
| #define HAVE_WORKING_O_NOATIME 1
| #define HAVE_WORKING_O_NOFOLLOW 1
| #define restrict __restrict__
| #define HAVE_DECL_GETDTABLESIZE 1
| #define HAVE_WINT_T 1
| #define HAVE_LONG_LONG_INT 1
| #define HAVE_UNSIGNED_LONG_LONG_INT 1
| #define MALLOC_0_IS_NONNULL 1
| #define HAVE_MBSTATE_T 1
| #define HAVE_LANGINFO_CODESET 1
| #define HAVE_MAP_ANONYMOUS 1
| #define HAVE_MINMAX_IN_SYS_PARAM_H 1
| #define PROMOTED_MODE_T mode_t
| #define HAVE_DECL_SNPRINTF 1
| #define HAVE_WCHAR_T 1
| #define HAVE_DECL_FCLOSEALL 1
| #define HAVE_DECL_GETW 1
| #define HAVE_DECL_PUTW 1
| #define HAVE_DECL_ECVT 1
| #define HAVE_DECL_FCVT 1
| #define HAVE_DECL_GCVT 1
| #define _USE_STD_STAT 1
| #define HAVE_DECL_EXECVPE 1
| #define HAVE_INTTYPES_H_WITH_UINTMAX 1
| #define HAVE_STDINT_H_WITH_UINTMAX 1
| #define HAVE_INTMAX_T 1
| #define DBL_EXPBIT0_WORD 1
| #define DBL_EXPBIT0_BIT 20
| #define HAVE_WCSLEN 1
| #define HAVE_SNPRINTF 1
| #define HAVE_STRNLEN 1
| #define HAVE_WCRTOMB 1
| #define HAVE_DECL__SNPRINTF 0
| #define HAVE_SNPRINTF_RETVAL_C99 1
| #define HAVE_SNPRINTF_TRUNCATION_C99 1
| #define HAVE_DECL_WCSDUP 1
| #define HAVE_ALLOCA 1
| #define GNULIB_TEST_CALLOC_GNU 1
| #define GNULIB_TEST_CALLOC_POSIX 1
| #define GNULIB_TEST_CLOEXEC 1
| #define GNULIB_TEST_CLOSE 1
| #define GNULIB_TEST_DUP2 1
| #define GNULIB_TEST_FCNTL 1
| #define HAVE_FREE_POSIX 1
| #define GNULIB_TEST_FREE_POSIX 1
| #define GNULIB_TEST_FSTAT 1
| #define GNULIB_TEST_GETDTABLESIZE 1
| #define HAVE_DECL_PROGRAM_INVOCATION_NAME 1
| #define HAVE_DECL_PROGRAM_INVOCATION_NAME 1
| #define HAVE_DECL_PROGRAM_INVOCATION_SHORT_NAME 1
| #define HAVE_DECL___ARGV 0
| #define GNULIB_TEST_GETPROGNAME 1
| #define GNULIB_TEST_MALLOC_GNU 1
| #define GNULIB_TEST_MALLOC_POSIX 1
| #define GNULIB_TEST_MBSZERO 1
| #define GNULIB_TEST_MEMCHR 1
| #define GNULIB_MSVC_NOTHROW 1
| #define GNULIB_TEST_OPEN 1
| #define HAVE_DECL_PROGRAM_INVOCATION_NAME 1
| #define HAVE_DECL_PROGRAM_INVOCATION_SHORT_NAME 1
| #define GNULIB_TEST_REALLOC_GNU 1
| #define GNULIB_TEST_REALLOC_POSIX 1
| #define HAVE_REALLOCARRAY 1
| #define GNULIB_REALLOCARRAY 1
| #define GNULIB_TEST_REALLOCARRAY 1
| #define HAVE_STDINT_H 1
| #define HAVE_SNPRINTF 1
| #define GNULIB_TEST_SNPRINTF 1
| #define GNULIB_SNPRINTF 1
| #define GNULIB_TEST_STAT 1
| #define HAVE_STRUCT_STAT_ST_ATIM_TV_NSEC 1
| #define TYPEOF_STRUCT_STAT_ST_ATIM_IS_STRUCT_TIMESPEC 1
| /* end confdefs.h.  */
| #include <sys/types.h>
|         #include <sys/stat.h>
| 
| int
| main (void)
| {
| static struct stat ac_aggr;
| if (ac_aggr.st_birthtimensec)
| return 0;
|   ;
|   return 0;
| }
configure:19079: gcc -c -g -O2  conftest.c >&5
conftest.c: In function 'main':
conftest.c:143:19: error: 'struct stat' has no member named 'st_birthtimensec'
  143 | if (sizeof ac_aggr.st_birthtimensec)
      |                   ^
configure:19079: $? = 1
configure: failed program was:
| /* confdefs.h */
| #define PACKAGE_NAME "GNU cflow"
| #define PACKAGE_TARNAME "cflow"
| #define PACKAGE_VERSION "1.8"
| #define PACKAGE_STRING "GNU cflow 1.8"
| #define PACKAGE_BUGREPORT "bug-cflow@gnu.org"
| #define PACKAGE_URL "http://www.gnu.org/software/cflow"
| #define PACKAGE "cflow"
| #define VERSION "1.8"
| #define HAVE_STDIO_H 1
| #define HAVE_STDLIB_H 1
| #define HAVE_STRING_H 1
| #define HAVE_INTTYPES_H 1
| #define HAVE_STDINT_H 1
| #define HAVE_STRINGS_H 1
| #define HAVE_SYS_STAT_H 1
| #define HAVE_SYS_TYPES_H 1
| #define HAVE_UNISTD_H 1
| #define HAVE_WCHAR_H 1
| #define HAVE_SYS_SOCKET_H 1
| #define HAVE_ERROR_H 1
| #define HAVE_LIMITS_H 1
| #define HAVE_SYS_MMAN_H 1
| #define HAVE_OBSTACK_H 1
| #define HAVE_SYS_PARAM_H 1
| #define HAVE_SYS_TIME_H 1
| #define HAVE_STDBOOL_H 1
| #define HAVE_FEATURES_H 1
| #define STDC_HEADERS 1
| #define _ALL_SOURCE 1
| #define _DARWIN_C_SOURCE 1
| #define _GNU_SOURCE 1
| #define _HPUX_ALT_XOPEN_SOCKET_API 1
| #define _NETBSD_SOURCE 1
| #define _OPENBSD_SOURCE 1
| #define _POSIX_PTHREAD_SEMANTICS 1
| #define __STDC_WANT_IEC_60559_ATTRIBS_EXT__ 1
| #define __STDC_WANT_IEC_60559_BFP_EXT__ 1
| #define __STDC_WANT_IEC_60559_DFP_EXT__ 1
| #define __STDC_WANT_IEC_60559_EXT__ 1
| #define __STDC_WANT_IEC_60559_FUNCS_EXT__ 1
| #define __STDC_WANT_IEC_60559_TYPES_EXT__ 1
| #define __STDC_WANT_LIB_EXT2__ 1
| #define __STDC_WANT_MATH_SPEC_FUNCS__ 1
| #define _TANDEM_SOURCE 1
| #define __EXTENSIONS__ 1
| #define __USE_MINGW_ANSI_STDIO 1
| #define HAVE_ALLOCA_H 1
| #define HAVE_ALLOCA 1
| #define HAVE_MALLOC_POSIX 1
| #define HAVE_FCNTL 1
| #define HAVE_SYMLINK 1
| #define HAVE_GETDTABLESIZE 1
| #define HAVE_MBSINIT 1
| #define HAVE_MBRTOWC 1
| #define HAVE_MPROTECT 1
| #define HAVE_LSTAT 1
| #define HAVE_SNPRINTF 1
| #define HAVE_ERROR 1
| #define HAVE_DECL_STRERROR_R 1
| #define HAVE_STRERROR_R 1
| #define STRERROR_R_CHAR_P 1
| #define HAVE_WORKING_O_NOATIME 1
| #define HAVE_WORKING_O_NOFOLLOW 1
| #define restrict __restrict__
| #define HAVE_DECL_GETDTABLESIZE 1
| #define HAVE_WINT_T 1
| #define HAVE_LONG_LONG_INT 1
| #define HAVE_UNSIGNED_LONG_LONG_INT 1
| #define MALLOC_0_IS_NONNULL 1
| #define HAVE_MBSTATE_T 1
| #define HAVE_LANGINFO_CODESET 1
| #define HAVE_MAP_ANONYMOUS 1
| #define HAVE_MINMAX_IN_SYS_PARAM_H 1
| #define PROMOTED_MODE_T mode_t
| #define HAVE_DECL_SNPRINTF 1
| #define HAVE_WCHAR_T 1
| #define HAVE_DECL_FCLOSEALL 1
| #define HAVE_DECL_GETW 1
| #define HAVE_DECL_PUTW 1
| #define HAVE_DECL_ECVT 1
| #define HAVE_DECL_FCVT 1
| #define HAVE_DECL_GCVT 1
| #define _USE_STD_STAT 1
| #define HAVE_DECL_EXECVPE 1
| #define HAVE_INTTYPES_H_WITH_UINTMAX 1
| #define HAVE_STDINT_H_WITH_UINTMAX 1
| #define HAVE_INTMAX_T 1
| #define DBL_EXPBIT0_WORD 1
| #define DBL_EXPBIT0_BIT 20
| #define HAVE_WCSLEN 1
| #define HAVE_SNPRINTF 1
| #define HAVE_STRNLEN 1
| #define HAVE_WCRTOMB 1
| #define HAVE_DECL__SNPRINTF 0
| #define HAVE_SNPRINTF_RETVAL_C99 1
| #define HAVE_SNPRINTF_TRUNCATION_C99 1
| #define HAVE_DECL_WCSDUP 1
| #define HAVE_ALLOCA 1
| #define GNULIB_TEST_CALLOC_GNU 1
| #define GNULIB_TEST_CALLOC_POSIX 1
| #define GNULIB_TEST_CLOEXEC 1
| #define GNULIB_TEST_CLOSE 1
| #define GNULIB_TEST_DUP2 1
| #define GNULIB_TEST_FCNTL 1
| #define HAVE_FREE_POSIX 1
| #define GNULIB_TEST_FREE_POSIX 1
| #define GNULIB_TEST_FSTAT 1
| #define GNULIB_TEST_GETDTABLESIZE 1
| #define HAVE_DECL_PROGRAM_INVOCATION_NAME 1
| #define HAVE_DECL_PROGRAM_INVOCATION_NAME 1
| #define HAVE_DECL_PROGRAM_INVOCATION_SHORT_NAME 1
| #define HAVE_DECL___ARGV 0
| #define GNULIB_TEST_GETPROGNAME 1
| #define GNULIB_TEST_MALLOC_GNU 1
| #define GNULIB_TEST_MALLOC_POSIX 1
| #define GNULIB_TEST_MBSZERO 1
| #define GNULIB_TEST_MEMCHR 1
| #define GNULIB_MSVC_NOTHROW 1
| #define GNULIB_TEST_OPEN 1
| #define HAVE_DECL_PROGRAM_INVOCATION_NAME 1
| #define HAVE_DECL_PROGRAM_INVOCATION_SHORT_NAME 1
| #define GNULIB_TEST_REALLOC_GNU 1
| #define GNULIB_TEST_REALLOC_POSIX 1
| #define HAVE_REALLOCARRAY 1
| #define GNULIB_REALLOCARRAY 1
| #define GNULIB_TEST_REALLOCARRAY 1
| #define HAVE_STDINT_H 1
| #define HAVE_SNPRINTF 1
| #define GNULIB_TEST_SNPRINTF 1
| #define GNULIB_SNPRINTF 1
| #define GNULIB_TEST_STAT 1
| #define HAVE_STRUCT_STAT_ST_ATIM_TV_NSEC 1
| #define TYPEOF_STRUCT_STAT_ST_ATIM_IS_STRUCT_TIMESPEC 1
| /* end confdefs.h.  */
| #include <sys/types.h>
|         #include <sys/stat.h>
| 
| int
| main (void)
| {
| static struct stat ac_aggr;
| if (sizeof ac_aggr.st_birthtimensec)
| return 0;
|   ;
|   return 0;
| }
configure:19079: result: no
configure:19089: checking for struct stat.st_birthtim.tv_nsec
configure:19089: gcc -c -g -O2  conftest.c >&5
conftest.c: In function 'main':
conftest.c:143:12: error: 'struct stat' has no member named 'st_birthtim'
  143 | if (ac_aggr.st_birthtim.tv_nsec)
      |            ^
configure:19089: $? = 1
configure: failed program was:
| /* confdefs.h */
| #define PACKAGE_NAME "GNU cflow"
| #define PACKAGE_TARNAME "cflow"
| #define PACKAGE_VERSION "1.8"
| #define PACKAGE_STRING "GNU cflow 1.8"
| #define PACKAGE_BUGREPORT "bug-cflow@gnu.org"
| #define PACKAGE_URL "http://www.gnu.org/software/cflow"
| #define PACKAGE "cflow"
| #define VERSION "1.8"
| #define HAVE_STDIO_H 1
| #define HAVE_STDLIB_H 1
| #define HAVE_STRING_H 1
| #define HAVE_INTTYPES_H 1
| #define HAVE_STDINT_H 1
| #define HAVE_STRINGS_H 1
| #define HAVE_SYS_STAT_H 1
| #define HAVE_SYS_TYPES_H 1
| #define HAVE_UNISTD_H 1
| #define HAVE_WCHAR_H 1
| #define HAVE_SYS_SOCKET_H 1
| #define HAVE_ERROR_H 1
| #define HAVE_LIMITS_H 1
| #define HAVE_SYS_MMAN_H 1
| #define HAVE_OBSTACK_H 1
| #define HAVE_SYS_PARAM_H 1
| #define HAVE_SYS_TIME_H 1
| #define HAVE_STDBOOL_H 1
| #define HAVE_FEATURES_H 1
| #define STDC_HEADERS 1
| #define _ALL_SOURCE 1
| #define _DARWIN_C_SOURCE 1
| #define _GNU_SOURCE 1
| #define _HPUX_ALT_XOPEN_SOCKET_API 1
| #define _NETBSD_SOURCE 1
| #define _OPENBSD_SOURCE 1
| #define _POSIX_PTHREAD_SEMANTICS 1
| #define __STDC_WANT_IEC_60559_ATTRIBS_EXT__ 1
| #define __STDC_WANT_IEC_60559_BFP_EXT__ 1
| #define __STDC_WANT_IEC_60559_DFP_EXT__ 1
| #define __STDC_WANT_IEC_60559_EXT__ 1
| #define __STDC_WANT_IEC_60559_FUNCS_EXT__ 1
| #define __STDC_WANT_IEC_60559_TYPES_EXT__ 1
| #define __STDC_WANT_LIB_EXT2__ 1
| #define __STDC_WANT_MATH_SPEC_FUNCS__ 1
| #define _TANDEM_SOURCE 1
| #define __EXTENSIONS__ 1
| #define __USE_MINGW_ANSI_STDIO 1
| #define HAVE_ALLOCA_H 1
| #define HAVE_ALLOCA 1
| #define HAVE_MALLOC_POSIX 1
| #define HAVE_FCNTL 1
| #define HAVE_SYMLINK 1
| #define HAVE_GETDTABLESIZE 1
| #define HAVE_MBSINIT 1
| #define HAVE_MBRTOWC 1
| #define HAVE_MPROTECT 1
| #define HAVE_LSTAT 1
| #define HAVE_SNPRINTF 1
| #define HAVE_ERROR 1
| #define HAVE_DECL_STRERROR_R 1
| #define HAVE_STRERROR_R 1
| #define STRERROR_R_CHAR_P 1
| #define HAVE_WORKING_O_NOATIME 1
| #define HAVE_WORKING_O_NOFOLLOW 1
| #define restrict __restrict__
| #define HAVE_DECL_GETDTABLESIZE 1
| #define HAVE_WINT_T 1
| #define HAVE_LONG_LONG_INT 1
| #define HAVE_UNSIGNED_LONG_LONG_INT 1
| #define MALLOC_0_IS_NONNULL 1
| #define HAVE_MBSTATE_T 1
| #define HAVE_LANGINFO_CODESET 1
| #define HAVE_MAP_ANONYMOUS 1
| #define HAVE_MINMAX_IN_SYS_PARAM_H 1
| #define PROMOTED_MODE_T mode_t
| #define HAVE_DECL_SNPRINTF 1
| #define HAVE_WCHAR_T 1
| #define HAVE_DECL_FCLOSEALL 1
| #define HAVE_DECL_GETW 1
| #define HAVE_DECL_PUTW 1
| #define HAVE_DECL_ECVT 1
| #define HAVE_DECL_FCVT 1
| #define HAVE_DECL_GCVT 1
| #define _USE_STD_STAT 1
| #define HAVE_DECL_EXECVPE 1
| #define HAVE_INTTYPES_H_WITH_UINTMAX 1
| #define HAVE_STDINT_H_WITH_UINTMAX 1
| #define HAVE_INTMAX_T 1
| #define DBL_EXPBIT0_WORD 1
| #define DBL_EXPBIT0_BIT 20
| #define HAVE_WCSLEN 1
| #define HAVE_SNPRINTF 1
| #define HAVE_STRNLEN 1
| #define HAVE_WCRTOMB 1
| #define HAVE_DECL__SNPRINTF 0
| #define HAVE_SNPRINTF_RETVAL_C99 1
| #define HAVE_SNPRINTF_TRUNCATION_C99 1
| #define HAVE_DECL_WCSDUP 1
| #define HAVE_ALLOCA 1
| #define GNULIB_TEST_CALLOC_GNU 1
| #define GNULIB_TEST_CALLOC_POSIX 1
| #define GNULIB_TEST_CLOEXEC 1
| #define GNULIB_TEST_CLOSE 1
| #define GNULIB_TEST_DUP2 1
| #define GNULIB_TEST_FCNTL 1
| #define HAVE_FREE_POSIX 1
| #define GNULIB_TEST_FREE_POSIX 1
| #define GNULIB_TEST_FSTAT 1
| #define GNULIB_TEST_GETDTABLESIZE 1
| #define HAVE_DECL_PROGRAM_INVOCATION_NAME 1
| #define HAVE_DECL_PROGRAM_INVOCATION_NAME 1
| #define HAVE_DECL_PROGRAM_INVOCATION_SHORT_NAME 1
| #define HAVE_DECL___ARGV 0
| #define GNULIB_TEST_GETPROGNAME 1
| #define GNULIB_TEST_MALLOC_GNU 1
| #define GNULIB_TEST_MALLOC_POSIX 1
| #define GNULIB_TEST_MBSZERO 1
| #define GNULIB_TEST_MEMCHR 1
| #define GNULIB_MSVC_NOTHROW 1
| #define GNULIB_TEST_OPEN 1
| #define HAVE_DECL_PROGRAM_INVOCATION_NAME 1
| #define HAVE_DECL_PROGRAM_INVOCATION_SHORT_NAME 1
| #define GNULIB_TEST_REALLOC_GNU 1
| #define GNULIB_TEST_REALLOC_POSIX 1
| #define HAVE_REALLOCARRAY 1
| #define GNULIB_REALLOCARRAY 1
| #define GNULIB_TEST_REALLOCARRAY 1
| #define HAVE_STDINT_H 1
| #define HAVE_SNPRINTF 1
| #define GNULIB_TEST_SNPRINTF 1
| #define GNULIB_SNPRINTF 1
| #define GNULIB_TEST_STAT 1
| #define HAVE_STRUCT_STAT_ST_ATIM_TV_NSEC 1
| #define TYPEOF_STRUCT_STAT_ST_ATIM_IS_STRUCT_TIMESPEC 1
| /* end confdefs.h.  */
| #include <sys/types.h>
|           #include <sys/stat.h>
| 
| int
| main (void)
| {
| static struct stat ac_aggr;
| if (ac_aggr.st_birthtim.tv_nsec)
| return 0;
|   ;
|   return 0;
| }
configure:19089: gcc -c -g -O2  conftest.c >&5
conftest.c: In function 'main':
conftest.c:143:19: error: 'struct stat' has no member named 'st_birthtim'
  143 | if (sizeof ac_aggr.st_birthtim.tv_nsec)
      |                   ^
configure:19089: $? = 1
configure: failed program was:
| /* confdefs.h */
| #define PACKAGE_NAME "GNU cflow"
| #define PACKAGE_TARNAME "cflow"
| #define PACKAGE_VERSION "1.8"
| #define PACKAGE_STRING "GNU cflow 1.8"
| #define PACKAGE_BUGREPORT "bug-cflow@gnu.org"
| #define PACKAGE_URL "http://www.gnu.org/software/cflow"
| #define PACKAGE "cflow"
| #define VERSION "1.8"
| #define HAVE_STDIO_H 1
| #define HAVE_STDLIB_H 1
| #define HAVE_STRING_H 1
| #define HAVE_INTTYPES_H 1
| #define HAVE_STDINT_H 1
| #define HAVE_STRINGS_H 1
| #define HAVE_SYS_STAT_H 1
| #define HAVE_SYS_TYPES_H 1
| #define HAVE_UNISTD_H 1
| #define HAVE_WCHAR_H 1
| #define HAVE_SYS_SOCKET_H 1
| #define HAVE_ERROR_H 1
| #define HAVE_LIMITS_H 1
| #define HAVE_SYS_MMAN_H 1
| #define HAVE_OBSTACK_H 1
| #define HAVE_SYS_PARAM_H 1
| #define HAVE_SYS_TIME_H 1
| #define HAVE_STDBOOL_H 1
| #define HAVE_FEATURES_H 1
| #define STDC_HEADERS 1
| #define _ALL_SOURCE 1
| #define _DARWIN_C_SOURCE 1
| #define _GNU_SOURCE 1
| #define _HPUX_ALT_XOPEN_SOCKET_API 1
| #define _NETBSD_SOURCE 1
| #define _OPENBSD_SOURCE 1
| #define _POSIX_PTHREAD_SEMANTICS 1
| #define __STDC_WANT_IEC_60559_ATTRIBS_EXT__ 1
| #define __STDC_WANT_IEC_60559_BFP_EXT__ 1
| #define __STDC_WANT_IEC_60559_DFP_EXT__ 1
| #define __STDC_WANT_IEC_60559_EXT__ 1
| #define __STDC_WANT_IEC_60559_FUNCS_EXT__ 1
| #define __STDC_WANT_IEC_60559_TYPES_EXT__ 1
| #define __STDC_WANT_LIB_EXT2__ 1
| #define __STDC_WANT_MATH_SPEC_FUNCS__ 1
| #define _TANDEM_SOURCE 1
| #define __EXTENSIONS__ 1
| #define __USE_MINGW_ANSI_STDIO 1
| #define HAVE_ALLOCA_H 1
| #define HAVE_ALLOCA 1
| #define HAVE_MALLOC_POSIX 1
| #define HAVE_FCNTL 1
| #define HAVE_SYMLINK 1
| #define HAVE_GETDTABLESIZE 1
| #define HAVE_MBSINIT 1
| #define HAVE_MBRTOWC 1
| #define HAVE_MPROTECT 1
| #define HAVE_LSTAT 1
| #define HAVE_SNPRINTF 1
| #define HAVE_ERROR 1
| #define HAVE_DECL_STRERROR_R 1
| #define HAVE_STRERROR_R 1
| #define STRERROR_R_CHAR_P 1
| #define HAVE_WORKING_O_NOATIME 1
| #define HAVE_WORKING_O_NOFOLLOW 1
| #define restrict __restrict__
| #define HAVE_DECL_GETDTABLESIZE 1
| #define HAVE_WINT_T 1
| #define HAVE_LONG_LONG_INT 1
| #define HAVE_UNSIGNED_LONG_LONG_INT 1
| #define MALLOC_0_IS_NONNULL 1
| #define HAVE_MBSTATE_T 1
| #define HAVE_LANGINFO_CODESET 1
| #define HAVE_MAP_ANONYMOUS 1
| #define HAVE_MINMAX_IN_SYS_PARAM_H 1
| #define PROMOTED_MODE_T mode_t
| #define HAVE_DECL_SNPRINTF 1
| #define HAVE_WCHAR_T 1
| #define HAVE_DECL_FCLOSEALL 1
| #define HAVE_DECL_GETW 1
| #define HAVE_DECL_PUTW 1
| #define HAVE_DECL_ECVT 1
| #define HAVE_DECL_FCVT 1
| #define HAVE_DECL_GCVT 1
| #define _USE_STD_STAT 1
| #define HAVE_DECL_EXECVPE 1
| #define HAVE_INTTYPES_H_WITH_UINTMAX 1
| #define HAVE_STDINT_H_WITH_UINTMAX 1
| #define HAVE_INTMAX_T 1
| #define DBL_EXPBIT0_WORD 1
| #define DBL_EXPBIT0_BIT 20
| #define HAVE_WCSLEN 1
| #define HAVE_SNPRINTF 1
| #define HAVE_STRNLEN 1
| #define HAVE_WCRTOMB 1
| #define HAVE_DECL__SNPRINTF 0
| #define HAVE_SNPRINTF_RETVAL_C99 1
| #define HAVE_SNPRINTF_TRUNCATION_C99 1
| #define HAVE_DECL_WCSDUP 1
| #define HAVE_ALLOCA 1
| #define GNULIB_TEST_CALLOC_GNU 1
| #define GNULIB_TEST_CALLOC_POSIX 1
| #define GNULIB_TEST_CLOEXEC 1
| #define GNULIB_TEST_CLOSE 1
| #define GNULIB_TEST_DUP2 1
| #define GNULIB_TEST_FCNTL 1
| #define HAVE_FREE_POSIX 1
| #define GNULIB_TEST_FREE_POSIX 1
| #define GNULIB_TEST_FSTAT 1
| #define GNULIB_TEST_GETDTABLESIZE 1
| #define HAVE_DECL_PROGRAM_INVOCATION_NAME 1
| #define HAVE_DECL_PROGRAM_INVOCATION_NAME 1
| #define HAVE_DECL_PROGRAM_INVOCATION_SHORT_NAME 1
| #define HAVE_DECL___ARGV 0
| #define GNULIB_TEST_GETPROGNAME 1
| #define GNULIB_TEST_MALLOC_GNU 1
| #define GNULIB_TEST_MALLOC_POSIX 1
| #define GNULIB_TEST_MBSZERO 1
| #define GNULIB_TEST_MEMCHR 1
| #define GNULIB_MSVC_NOTHROW 1
| #define GNULIB_TEST_OPEN 1
| #define HAVE_DECL_PROGRAM_INVOCATION_NAME 1
| #define HAVE_DECL_PROGRAM_INVOCATION_SHORT_NAME 1
| #define GNULIB_TEST_REALLOC_GNU 1
| #define GNULIB_TEST_REALLOC_POSIX 1
| #define HAVE_REALLOCARRAY 1
| #define GNULIB_REALLOCARRAY 1
| #define GNULIB_TEST_REALLOCARRAY 1
| #define HAVE_STDINT_H 1
| #define HAVE_SNPRINTF 1
| #define GNULIB_TEST_SNPRINTF 1
| #define GNULIB_SNPRINTF 1
| #define GNULIB_TEST_STAT 1
| #define HAVE_STRUCT_STAT_ST_ATIM_TV_NSEC 1
| #define TYPEOF_STRUCT_STAT_ST_ATIM_IS_STRUCT_TIMESPEC 1
| /* end confdefs.h.  */
| #include <sys/types.h>
|           #include <sys/stat.h>
| 
| int
| main (void)
| {
| static struct stat ac_aggr;
| if (sizeof ac_aggr.st_birthtim.tv_nsec)
| return 0;
|   ;
|   return 0;
| }
configure:19089: result: no
configure:19106: checking for bool, true, false
configure:19121: gcc -c -g -O2  conftest.c >&5
conftest.c:138:13: error: #error "true == false"
  138 |            #error "true == false"
      |             ^~~~~
conftest.c:140:18: error: unknown type name 'bool'
  140 |           extern bool b;
      |                  ^~~~
conftest.c:141:11: error: unknown type name 'bool'
  141 |           bool b = true == false;
      |           ^~~~
conftest.c:1:1: note: 'bool' is defined in header '<stdbool.h>'; did you forget to '#include <stdbool.h>'?
    1 | /* confdefs.h */
conftest.c:141:20: error: 'true' undeclared here (not in a function)
  141 |           bool b = true == false;
      |                    ^~~~
conftest.c:141:20: note: 'true' is defined in header '<stdbool.h>'; did you forget to '#include <stdbool.h>'?
conftest.c:141:28: error: 'false' undeclared here (not in a function)
  141 |           bool b = true == false;
      |                            ^~~~~
conftest.c:141:28: note: 'false' is defined in header '<stdbool.h>'; did you forget to '#include <stdbool.h>'?
configure:19121: $? = 1
configure: failed program was:
| /* confdefs.h */
| #define PACKAGE_NAME "GNU cflow"
| #define PACKAGE_TARNAME "cflow"
| #define PACKAGE_VERSION "1.8"
| #define PACKAGE_STRING "GNU cflow 1.8"
| #define PACKAGE_BUGREPORT "bug-cflow@gnu.org"
| #define PACKAGE_URL "http://www.gnu.org/software/cflow"
| #define PACKAGE "cflow"
| #define VERSION "1.8"
| #define HAVE_STDIO_H 1
| #define HAVE_STDLIB_H 1
| #define HAVE_STRING_H 1
| #define HAVE_INTTYPES_H 1
| #define HAVE_STDINT_H 1
| #define HAVE_STRINGS_H 1
| #define HAVE_SYS_STAT_H 1
| #define HAVE_SYS_TYPES_H 1
| #define HAVE_UNISTD_H 1
| #define HAVE_WCHAR_H 1
| #define HAVE_SYS_SOCKET_H 1
| #define HAVE_ERROR_H 1
| #define HAVE_LIMITS_H 1
| #define HAVE_SYS_MMAN_H 1
| #define HAVE_OBSTACK_H 1
| #define HAVE_SYS_PARAM_H 1
| #define HAVE_SYS_TIME_H 1
| #define HAVE_STDBOOL_H 1
| #define HAVE_FEATURES_H 1
| #define STDC_HEADERS 1
| #define _ALL_SOURCE 1
| #define _DARWIN_C_SOURCE 1
| #define _GNU_SOURCE 1
| #define _HPUX_ALT_XOPEN_SOCKET_API 1
| #define _NETBSD_SOURCE 1
| #define _OPENBSD_SOURCE 1
| #define _POSIX_PTHREAD_SEMANTICS 1
| #define __STDC_WANT_IEC_60559_ATTRIBS_EXT__ 1
| #define __STDC_WANT_IEC_60559_BFP_EXT__ 1
| #define __STDC_WANT_IEC_60559_DFP_EXT__ 1
| #define __STDC_WANT_IEC_60559_EXT__ 1
| #define __STDC_WANT_IEC_60559_FUNCS_EXT__ 1
| #define __STDC_WANT_IEC_60559_TYPES_EXT__ 1
| #define __STDC_WANT_LIB_EXT2__ 1
| #define __STDC_WANT_MATH_SPEC_FUNCS__ 1
| #define _TANDEM_SOURCE 1
| #define __EXTENSIONS__ 1
| #define __USE_MINGW_ANSI_STDIO 1
| #define HAVE_ALLOCA_H 1
| #define HAVE_ALLOCA 1
| #define HAVE_MALLOC_POSIX 1
| #define HAVE_FCNTL 1
| #define HAVE_SYMLINK 1
| #define HAVE_GETDTABLESIZE 1
| #define HAVE_MBSINIT 1
| #define HAVE_MBRTOWC 1
| #define HAVE_MPROTECT 1
| #define HAVE_LSTAT 1
| #define HAVE_SNPRINTF 1
| #define HAVE_ERROR 1
| #define HAVE_DECL_STRERROR_R 1
| #define HAVE_STRERROR_R 1
| #define STRERROR_R_CHAR_P 1
| #define HAVE_WORKING_O_NOATIME 1
| #define HAVE_WORKING_O_NOFOLLOW 1
| #define restrict __restrict__
| #define HAVE_DECL_GETDTABLESIZE 1
| #define HAVE_WINT_T 1
| #define HAVE_LONG_LONG_INT 1
| #define HAVE_UNSIGNED_LONG_LONG_INT 1
| #define MALLOC_0_IS_NONNULL 1
| #define HAVE_MBSTATE_T 1
| #define HAVE_LANGINFO_CODESET 1
| #define HAVE_MAP_ANONYMOUS 1
| #define HAVE_MINMAX_IN_SYS_PARAM_H 1
| #define PROMOTED_MODE_T mode_t
| #define HAVE_DECL_SNPRINTF 1
| #define HAVE_WCHAR_T 1
| #define HAVE_DECL_FCLOSEALL 1
| #define HAVE_DECL_GETW 1
| #define HAVE_DECL_PUTW 1
| #define HAVE_DECL_ECVT 1
| #define HAVE_DECL_FCVT 1
| #define HAVE_DECL_GCVT 1
| #define _USE_STD_STAT 1
| #define HAVE_DECL_EXECVPE 1
| #define HAVE_INTTYPES_H_WITH_UINTMAX 1
| #define HAVE_STDINT_H_WITH_UINTMAX 1
| #define HAVE_INTMAX_T 1
| #define DBL_EXPBIT0_WORD 1
| #define DBL_EXPBIT0_BIT 20
| #define HAVE_WCSLEN 1
| #define HAVE_SNPRINTF 1
| #define HAVE_STRNLEN 1
| #define HAVE_WCRTOMB 1
| #define HAVE_DECL__SNPRINTF 0
| #define HAVE_SNPRINTF_RETVAL_C99 1
| #define HAVE_SNPRINTF_TRUNCATION_C99 1
| #define HAVE_DECL_WCSDUP 1
| #define HAVE_ALLOCA 1
| #define GNULIB_TEST_CALLOC_GNU 1
| #define GNULIB_TEST_CALLOC_POSIX 1
| #define GNULIB_TEST_CLOEXEC 1
| #define GNULIB_TEST_CLOSE 1
| #define GNULIB_TEST_DUP2 1
| #define GNULIB_TEST_FCNTL 1
| #define HAVE_FREE_POSIX 1
| #define GNULIB_TEST_FREE_POSIX 1
| #define GNULIB_TEST_FSTAT 1
| #define GNULIB_TEST_GETDTABLESIZE 1
| #define HAVE_DECL_PROGRAM_INVOCATION_NAME 1
| #define HAVE_DECL_PROGRAM_INVOCATION_NAME 1
| #define HAVE_DECL_PROGRAM_INVOCATION_SHORT_NAME 1
| #define HAVE_DECL___ARGV 0
| #define GNULIB_TEST_GETPROGNAME 1
| #define GNULIB_TEST_MALLOC_GNU 1
| #define GNULIB_TEST_MALLOC_POSIX 1
| #define GNULIB_TEST_MBSZERO 1
| #define GNULIB_TEST_MEMCHR 1
| #define GNULIB_MSVC_NOTHROW 1
| #define GNULIB_TEST_OPEN 1
| #define HAVE_DECL_PROGRAM_INVOCATION_NAME 1
| #define HAVE_DECL_PROGRAM_INVOCATION_SHORT_NAME 1
| #define GNULIB_TEST_REALLOC_GNU 1
| #define GNULIB_TEST_REALLOC_POSIX 1
| #define HAVE_REALLOCARRAY 1
| #define GNULIB_REALLOCARRAY 1
| #define GNULIB_TEST_REALLOCARRAY 1
| #define HAVE_STDINT_H 1
| #define HAVE_SNPRINTF 1
| #define GNULIB_TEST_SNPRINTF 1
| #define GNULIB_SNPRINTF 1
| #define GNULIB_TEST_STAT 1
| #define HAVE_STRUCT_STAT_ST_ATIM_TV_NSEC 1
| #define TYPEOF_STRUCT_STAT_ST_ATIM_IS_STRUCT_TIMESPEC 1
| /* end confdefs.h.  */
| 
|           #if true == false
|            #error "true == false"
|           #endif
|           extern bool b;
|           bool b = true == false;
configure:19129: result: no
configure:19666: checking for working strerror function
configure:19696: gcc -o conftest -g -O2   conftest.c  >&5
configure:19696: $? = 0
configure:19696: ./conftest
configure:19696: $? = 0
configure:19708: result: yes
configure:19847: checking for variable-length arrays
configure:19905: gcc -c -g -O2  conftest.c >&5
configure:19905: $? = 0
configure:19916: result: yes
configure:19988: checking for ptrdiff_t
configure:19988: gcc -c -g -O2  conftest.c >&5
configure:19988: $? = 0
configure:19988: gcc -c -g -O2  conftest.c >&5
conftest.c: In function 'main':
conftest.c:189:24: error: expected expression before ')' token
  189 | if (sizeof ((ptrdiff_t)))
      |                        ^
configure:19988: $? = 1
configure: failed program was:
| /* confdefs.h */
| #define PACKAGE_NAME "GNU cflow"
| #define PACKAGE_TARNAME "cflow"
| #define PACKAGE_VERSION "1.8"
| #define PACKAGE_STRING "GNU cflow 1.8"
| #define PACKAGE_BUGREPORT "bug-cflow@gnu.org"
| #define PACKAGE_URL "http://www.gnu.org/software/cflow"
| #define PACKAGE "cflow"
| #define VERSION "1.8"
| #define HAVE_STDIO_H 1
| #define HAVE_STDLIB_H 1
| #define HAVE_STRING_H 1
| #define HAVE_INTTYPES_H 1
| #define HAVE_STDINT_H 1
| #define HAVE_STRINGS_H 1
| #define HAVE_SYS_STAT_H 1
| #define HAVE_SYS_TYPES_H 1
| #define HAVE_UNISTD_H 1
| #define HAVE_WCHAR_H 1
| #define HAVE_SYS_SOCKET_H 1
| #define HAVE_ERROR_H 1
| #define HAVE_LIMITS_H 1
| #define HAVE_SYS_MMAN_H 1
| #define HAVE_OBSTACK_H 1
| #define HAVE_SYS_PARAM_H 1
| #define HAVE_SYS_TIME_H 1
| #define HAVE_STDBOOL_H 1
| #define HAVE_FEATURES_H 1
| #define STDC_HEADERS 1
| #define _ALL_SOURCE 1
| #define _DARWIN_C_SOURCE 1
| #define _GNU_SOURCE 1
| #define _HPUX_ALT_XOPEN_SOCKET_API 1
| #define _NETBSD_SOURCE 1
| #define _OPENBSD_SOURCE 1
| #define _POSIX_PTHREAD_SEMANTICS 1
| #define __STDC_WANT_IEC_60559_ATTRIBS_EXT__ 1
| #define __STDC_WANT_IEC_60559_BFP_EXT__ 1
| #define __STDC_WANT_IEC_60559_DFP_EXT__ 1
| #define __STDC_WANT_IEC_60559_EXT__ 1
| #define __STDC_WANT_IEC_60559_FUNCS_EXT__ 1
| #define __STDC_WANT_IEC_60559_TYPES_EXT__ 1
| #define __STDC_WANT_LIB_EXT2__ 1
| #define __STDC_WANT_MATH_SPEC_FUNCS__ 1
| #define _TANDEM_SOURCE 1
| #define __EXTENSIONS__ 1
| #define __USE_MINGW_ANSI_STDIO 1
| #define HAVE_ALLOCA_H 1
| #define HAVE_ALLOCA 1
| #define HAVE_MALLOC_POSIX 1
| #define HAVE_FCNTL 1
| #define HAVE_SYMLINK 1
| #define HAVE_GETDTABLESIZE 1
| #define HAVE_MBSINIT 1
| #define HAVE_MBRTOWC 1
| #define HAVE_MPROTECT 1
| #define HAVE_LSTAT 1
| #define HAVE_SNPRINTF 1
| #define HAVE_ERROR 1
| #define HAVE_DECL_STRERROR_R 1
| #define HAVE_STRERROR_R 1
| #define STRERROR_R_CHAR_P 1
| #define HAVE_WORKING_O_NOATIME 1
| #define HAVE_WORKING_O_NOFOLLOW 1
| #define restrict __restrict__
| #define HAVE_DECL_GETDTABLESIZE 1
| #define HAVE_WINT_T 1
| #define HAVE_LONG_LONG_INT 1
| #define HAVE_UNSIGNED_LONG_LONG_INT 1
| #define MALLOC_0_IS_NONNULL 1
| #define HAVE_MBSTATE_T 1
| #define HAVE_LANGINFO_CODESET 1
| #define HAVE_MAP_ANONYMOUS 1
| #define HAVE_MINMAX_IN_SYS_PARAM_H 1
| #define PROMOTED_MODE_T mode_t
| #define HAVE_DECL_SNPRINTF 1
| #define HAVE_WCHAR_T 1
| #define HAVE_DECL_FCLOSEALL 1
| #define HAVE_DECL_GETW 1
| #define HAVE_DECL_PUTW 1
| #define HAVE_DECL_ECVT 1
| #define HAVE_DECL_FCVT 1
| #define HAVE_DECL_GCVT 1
| #define _USE_STD_STAT 1
| #define HAVE_DECL_EXECVPE 1
| #define HAVE_INTTYPES_H_WITH_UINTMAX 1
| #define HAVE_STDINT_H_WITH_UINTMAX 1
| #define HAVE_INTMAX_T 1
| #define DBL_EXPBIT0_WORD 1
| #define DBL_EXPBIT0_BIT 20
| #define HAVE_WCSLEN 1
| #define HAVE_SNPRINTF 1
| #define HAVE_STRNLEN 1
| #define HAVE_WCRTOMB 1
| #define HAVE_DECL__SNPRINTF 0
| #define HAVE_SNPRINTF_RETVAL_C99 1
| #define HAVE_SNPRINTF_TRUNCATION_C99 1
| #define HAVE_DECL_WCSDUP 1
| #define HAVE_ALLOCA 1
| #define GNULIB_TEST_CALLOC_GNU 1
| #define GNULIB_TEST_CALLOC_POSIX 1
| #define GNULIB_TEST_CLOEXEC 1
| #define GNULIB_TEST_CLOSE 1
| #define GNULIB_TEST_DUP2 1
| #define GNULIB_TEST_FCNTL 1
| #define HAVE_FREE_POSIX 1
| #define GNULIB_TEST_FREE_POSIX 1
| #define GNULIB_TEST_FSTAT 1
| #define GNULIB_TEST_GETDTABLESIZE 1
| #define HAVE_DECL_PROGRAM_INVOCATION_NAME 1
| #define HAVE_DECL_PROGRAM_INVOCATION_NAME 1
| #define HAVE_DECL_PROGRAM_INVOCATION_SHORT_NAME 1
| #define HAVE_DECL___ARGV 0
| #define GNULIB_TEST_GETPROGNAME 1
| #define GNULIB_TEST_MALLOC_GNU 1
| #define GNULIB_TEST_MALLOC_POSIX 1
| #define GNULIB_TEST_MBSZERO 1
| #define GNULIB_TEST_MEMCHR 1
| #define GNULIB_MSVC_NOTHROW 1
| #define GNULIB_TEST_OPEN 1
| #define HAVE_DECL_PROGRAM_INVOCATION_NAME 1
| #define HAVE_DECL_PROGRAM_INVOCATION_SHORT_NAME 1
| #define GNULIB_TEST_REALLOC_GNU 1
| #define GNULIB_TEST_REALLOC_POSIX 1
| #define HAVE_REALLOCARRAY 1
| #define GNULIB_REALLOCARRAY 1
| #define GNULIB_TEST_REALLOCARRAY 1
| #define HAVE_STDINT_H 1
| #define HAVE_SNPRINTF 1
| #define GNULIB_TEST_SNPRINTF 1
| #define GNULIB_SNPRINTF 1
| #define GNULIB_TEST_STAT 1
| #define HAVE_STRUCT_STAT_ST_ATIM_TV_NSEC 1
| #define TYPEOF_STRUCT_STAT_ST_ATIM_IS_STRUCT_TIMESPEC 1
| #define GNULIB_TEST_FSCANF 1
| #define GNULIB_FSCANF 1
| #define GNULIB_TEST_SCANF 1
| #define GNULIB_SCANF 1
| #define GNULIB_TEST_FGETC 1
| #define GNULIB_TEST_GETC 1
| #define GNULIB_TEST_GETCHAR 1
| #define GNULIB_TEST_FGETS 1
| #define GNULIB_TEST_FREAD 1
| #define GNULIB_TEST_FPRINTF 1
| #define GNULIB_TEST_PRINTF 1
| #define GNULIB_TEST_VFPRINTF 1
| #define GNULIB_TEST_VPRINTF 1
| #define GNULIB_TEST_FPUTC 1
| #define GNULIB_TEST_PUTC 1
| #define GNULIB_TEST_PUTCHAR 1
| #define GNULIB_TEST_FPUTS 1
| #define GNULIB_TEST_PUTS 1
| #define GNULIB_TEST_FWRITE 1
| #define GNULIB_STRERROR 1
| #define GNULIB_TEST_STRERROR 1
| #define HAVE_C_VARARRAYS 1
| /* end confdefs.h.  */
| #include <stddef.h>
| #ifdef HAVE_STDIO_H
| # include <stdio.h>
| #endif
| #ifdef HAVE_STDLIB_H
| # include <stdlib.h>
| #endif
| #ifdef HAVE_STRING_H
| # include <string.h>
| #endif
| #ifdef HAVE_INTTYPES_H
| # include <inttypes.h>
| #endif
| #ifdef HAVE_STDINT_H
| # include <stdint.h>
| #endif
| #ifdef HAVE_STRINGS_H
| # include <strings.h>
| #endif
| #ifdef HAVE_SYS_TYPES_H
| # include <sys/types.h>
| #endif
| #ifdef HAVE_SYS_STAT_H
| # include <sys/stat.h>
| #endif
| #ifdef HAVE_UNISTD_H
| # include <unistd.h>
| #endif
| int
| main (void)
| {
| if (sizeof ((ptrdiff_t)))
| 	    return 0;
|   ;
|   return 0;
| }
configure:19988: result: yes
configure:20032: checking for stdint.h
configure:20032: result: yes
configure:20110: gcc -Wall -c -g -O2  conftest.c >&5
conftest.c: In function 'main':
conftest.c:165:6: warning: return type of 'main' is not 'int' [-Wmain]
  165 | void main(){}
      |      ^~~~
conftest.c:165:6: warning: 'main' is normally a non-static function [-Wmain]
At top level:
conftest.c:165:6: warning: 'main' defined but not used [-Wunused-function]
configure:20110: $? = 0
configure:20130: gcc -Wall -Wdeclaration-after-statement -c -g -O2  conftest.c >&5
conftest.c: In function 'main':
conftest.c:165:6: warning: return type of 'main' is not 'int' [-Wmain]
  165 | void main(){}
      |      ^~~~
conftest.c:165:6: warning: 'main' is normally a non-static function [-Wmain]
At top level:
conftest.c:165:6: warning: 'main' defined but not used [-Wunused-function]
configure:20130: $? = 0
configure:20140: checking whether cc accepts -ggdb
configure:20154: gcc -Wall -Wdeclaration-after-statement -ggdb -c -g   conftest.c >&5
conftest.c: In function 'main':
conftest.c:165:6: warning: return type of 'main' is not 'int' [-Wmain]
  165 | void main(){}
      |      ^~~~
conftest.c:165:6: warning: 'main' is normally a non-static function [-Wmain]
At top level:
conftest.c:165:6: warning: 'main' defined but not used [-Wunused-function]
configure:20154: $? = 0
configure:20156: result: yes
configure:20176: checking for emacs
configure:20211: result: no
configure:20176: checking for xemacs
configure:20211: result: no
configure:20233: checking where .elc files should go
configure:20263: result: ${datadir}/emacs/site-lisp
configure:20315: checking for ld used by gcc
configure:20383: result: /usr/bin/ld
configure:20390: checking if the linker (/usr/bin/ld) is GNU ld
configure:20406: result: yes
configure:20414: checking for shared library run path origin
configure:20428: result: done
configure:21010: checking for iconv
configure:21035: gcc -o conftest -g  -ggdb   conftest.c  >&5
configure:21035: $? = 0
configure:21071: result: yes
configure:21074: checking for working iconv
configure:21196: gcc -o conftest -g  -ggdb   conftest.c  >&5
configure:21196: $? = 0
configure:21196: ./conftest
configure:21196: $? = 0
configure:21209: result: yes
configure:21237: checking for iconv declaration
configure:21267: gcc -c -g  -ggdb  conftest.c >&5
configure:21267: $? = 0
configure:21278: result:
         extern size_t iconv (iconv_t cd, char * *inbuf, size_t *inbytesleft, char * *outbuf, size_t *outbytesleft);
configure:21288: checking for a sed that does not truncate output
configure:21358: result: /usr/bin/sed
configure:21364: checking whether NLS is requested
configure:21374: result: yes
configure:21414: checking for msgfmt
configure:21450: result: no
configure:21456: checking for gmsgfmt
configure:21492: result: :
configure:21542: checking for xgettext
configure:21578: result: no
configure:21620: checking for msgmerge
configure:21655: result: no
configure:21693: checking for CFPreferencesCopyAppValue
configure:21712: gcc -o conftest -g  -ggdb   conftest.c  -Wl,-framework -Wl,CoreFoundation >&5
conftest.c:163:10: fatal error: CoreFoundation/CFPreferences.h: No such file or directory
  163 | #include <CoreFoundation/CFPreferences.h>
      |          ^~~~~~~~~~~~~~~~~~~~~~~~~~~~~~~~
compilation terminated.
configure:21712: $? = 1
configure: failed program was:
| /* confdefs.h */
| #define PACKAGE_NAME "GNU cflow"
| #define PACKAGE_TARNAME "cflow"
| #define PACKAGE_VERSION "1.8"
| #define PACKAGE_STRING "GNU cflow 1.8"
| #define PACKAGE_BUGREPORT "bug-cflow@gnu.org"
| #define PACKAGE_URL "http://www.gnu.org/software/cflow"
| #define PACKAGE "cflow"
| #define VERSION "1.8"
| #define HAVE_STDIO_H 1
| #define HAVE_STDLIB_H 1
| #define HAVE_STRING_H 1
| #define HAVE_INTTYPES_H 1
| #define HAVE_STDINT_H 1
| #define HAVE_STRINGS_H 1
| #define HAVE_SYS_STAT_H 1
| #define HAVE_SYS_TYPES_H 1
| #define HAVE_UNISTD_H 1
| #define HAVE_WCHAR_H 1
| #define HAVE_SYS_SOCKET_H 1
| #define HAVE_ERROR_H 1
| #define HAVE_LIMITS_H 1
| #define HAVE_SYS_MMAN_H 1
| #define HAVE_OBSTACK_H 1
| #define HAVE_SYS_PARAM_H 1
| #define HAVE_SYS_TIME_H 1
| #define HAVE_STDBOOL_H 1
| #define HAVE_FEATURES_H 1
| #define STDC_HEADERS 1
| #define _ALL_SOURCE 1
| #define _DARWIN_C_SOURCE 1
| #define _GNU_SOURCE 1
| #define _HPUX_ALT_XOPEN_SOCKET_API 1
| #define _NETBSD_SOURCE 1
| #define _OPENBSD_SOURCE 1
| #define _POSIX_PTHREAD_SEMANTICS 1
| #define __STDC_WANT_IEC_60559_ATTRIBS_EXT__ 1
| #define __STDC_WANT_IEC_60559_BFP_EXT__ 1
| #define __STDC_WANT_IEC_60559_DFP_EXT__ 1
| #define __STDC_WANT_IEC_60559_EXT__ 1
| #define __STDC_WANT_IEC_60559_FUNCS_EXT__ 1
| #define __STDC_WANT_IEC_60559_TYPES_EXT__ 1
| #define __STDC_WANT_LIB_EXT2__ 1
| #define __STDC_WANT_MATH_SPEC_FUNCS__ 1
| #define _TANDEM_SOURCE 1
| #define __EXTENSIONS__ 1
| #define __USE_MINGW_ANSI_STDIO 1
| #define HAVE_ALLOCA_H 1
| #define HAVE_ALLOCA 1
| #define HAVE_MALLOC_POSIX 1
| #define HAVE_FCNTL 1
| #define HAVE_SYMLINK 1
| #define HAVE_GETDTABLESIZE 1
| #define HAVE_MBSINIT 1
| #define HAVE_MBRTOWC 1
| #define HAVE_MPROTECT 1
| #define HAVE_LSTAT 1
| #define HAVE_SNPRINTF 1
| #define HAVE_ERROR 1
| #define HAVE_DECL_STRERROR_R 1
| #define HAVE_STRERROR_R 1
| #define STRERROR_R_CHAR_P 1
| #define HAVE_WORKING_O_NOATIME 1
| #define HAVE_WORKING_O_NOFOLLOW 1
| #define restrict __restrict__
| #define HAVE_DECL_GETDTABLESIZE 1
| #define HAVE_WINT_T 1
| #define HAVE_LONG_LONG_INT 1
| #define HAVE_UNSIGNED_LONG_LONG_INT 1
| #define MALLOC_0_IS_NONNULL 1
| #define HAVE_MBSTATE_T 1
| #define HAVE_LANGINFO_CODESET 1
| #define HAVE_MAP_ANONYMOUS 1
| #define HAVE_MINMAX_IN_SYS_PARAM_H 1
| #define PROMOTED_MODE_T mode_t
| #define HAVE_DECL_SNPRINTF 1
| #define HAVE_WCHAR_T 1
| #define HAVE_DECL_FCLOSEALL 1
| #define HAVE_DECL_GETW 1
| #define HAVE_DECL_PUTW 1
| #define HAVE_DECL_ECVT 1
| #define HAVE_DECL_FCVT 1
| #define HAVE_DECL_GCVT 1
| #define _USE_STD_STAT 1
| #define HAVE_DECL_EXECVPE 1
| #define HAVE_INTTYPES_H_WITH_UINTMAX 1
| #define HAVE_STDINT_H_WITH_UINTMAX 1
| #define HAVE_INTMAX_T 1
| #define DBL_EXPBIT0_WORD 1
| #define DBL_EXPBIT0_BIT 20
| #define HAVE_WCSLEN 1
| #define HAVE_SNPRINTF 1
| #define HAVE_STRNLEN 1
| #define HAVE_WCRTOMB 1
| #define HAVE_DECL__SNPRINTF 0
| #define HAVE_SNPRINTF_RETVAL_C99 1
| #define HAVE_SNPRINTF_TRUNCATION_C99 1
| #define HAVE_DECL_WCSDUP 1
| #define HAVE_ALLOCA 1
| #define GNULIB_TEST_CALLOC_GNU 1
| #define GNULIB_TEST_CALLOC_POSIX 1
| #define GNULIB_TEST_CLOEXEC 1
| #define GNULIB_TEST_CLOSE 1
| #define GNULIB_TEST_DUP2 1
| #define GNULIB_TEST_FCNTL 1
| #define HAVE_FREE_POSIX 1
| #define GNULIB_TEST_FREE_POSIX 1
| #define GNULIB_TEST_FSTAT 1
| #define GNULIB_TEST_GETDTABLESIZE 1
| #define HAVE_DECL_PROGRAM_INVOCATION_NAME 1
| #define HAVE_DECL_PROGRAM_INVOCATION_NAME 1
| #define HAVE_DECL_PROGRAM_INVOCATION_SHORT_NAME 1
| #define HAVE_DECL___ARGV 0
| #define GNULIB_TEST_GETPROGNAME 1
| #define GNULIB_TEST_MALLOC_GNU 1
| #define GNULIB_TEST_MALLOC_POSIX 1
| #define GNULIB_TEST_MBSZERO 1
| #define GNULIB_TEST_MEMCHR 1
| #define GNULIB_MSVC_NOTHROW 1
| #define GNULIB_TEST_OPEN 1
| #define HAVE_DECL_PROGRAM_INVOCATION_NAME 1
| #define HAVE_DECL_PROGRAM_INVOCATION_SHORT_NAME 1
| #define GNULIB_TEST_REALLOC_GNU 1
| #define GNULIB_TEST_REALLOC_POSIX 1
| #define HAVE_REALLOCARRAY 1
| #define GNULIB_REALLOCARRAY 1
| #define GNULIB_TEST_REALLOCARRAY 1
| #define HAVE_STDINT_H 1
| #define HAVE_SNPRINTF 1
| #define GNULIB_TEST_SNPRINTF 1
| #define GNULIB_SNPRINTF 1
| #define GNULIB_TEST_STAT 1
| #define HAVE_STRUCT_STAT_ST_ATIM_TV_NSEC 1
| #define TYPEOF_STRUCT_STAT_ST_ATIM_IS_STRUCT_TIMESPEC 1
| #define GNULIB_TEST_FSCANF 1
| #define GNULIB_FSCANF 1
| #define GNULIB_TEST_SCANF 1
| #define GNULIB_SCANF 1
| #define GNULIB_TEST_FGETC 1
| #define GNULIB_TEST_GETC 1
| #define GNULIB_TEST_GETCHAR 1
| #define GNULIB_TEST_FGETS 1
| #define GNULIB_TEST_FREAD 1
| #define GNULIB_TEST_FPRINTF 1
| #define GNULIB_TEST_PRINTF 1
| #define GNULIB_TEST_VFPRINTF 1
| #define GNULIB_TEST_VPRINTF 1
| #define GNULIB_TEST_FPUTC 1
| #define GNULIB_TEST_PUTC 1
| #define GNULIB_TEST_PUTCHAR 1
| #define GNULIB_TEST_FPUTS 1
| #define GNULIB_TEST_PUTS 1
| #define GNULIB_TEST_FWRITE 1
| #define GNULIB_STRERROR 1
| #define GNULIB_TEST_STRERROR 1
| #define HAVE_C_VARARRAYS 1
| #define GNULIB_XALLOC 1
| #define GNULIB_XALLOC_DIE 1
| #define HAVE_STDINT_H 1
| #define HAVE_ICONV 1
| #define ICONV_CONST 
| /* end confdefs.h.  */
| #include <CoreFoundation/CFPreferences.h>
| int
| main (void)
| {
| CFPreferencesCopyAppValue(NULL, NULL)
|   ;
|   return 0;
| }
configure:21722: result: no
configure:21729: checking for CFLocaleCopyCurrent
configure:21748: gcc -o conftest -g  -ggdb   conftest.c  -Wl,-framework -Wl,CoreFoundation >&5
conftest.c:163:10: fatal error: CoreFoundation/CFLocale.h: No such file or directory
  163 | #include <CoreFoundation/CFLocale.h>
      |          ^~~~~~~~~~~~~~~~~~~~~~~~~~~
compilation terminated.
configure:21748: $? = 1
configure: failed program was:
| /* confdefs.h */
| #define PACKAGE_NAME "GNU cflow"
| #define PACKAGE_TARNAME "cflow"
| #define PACKAGE_VERSION "1.8"
| #define PACKAGE_STRING "GNU cflow 1.8"
| #define PACKAGE_BUGREPORT "bug-cflow@gnu.org"
| #define PACKAGE_URL "http://www.gnu.org/software/cflow"
| #define PACKAGE "cflow"
| #define VERSION "1.8"
| #define HAVE_STDIO_H 1
| #define HAVE_STDLIB_H 1
| #define HAVE_STRING_H 1
| #define HAVE_INTTYPES_H 1
| #define HAVE_STDINT_H 1
| #define HAVE_STRINGS_H 1
| #define HAVE_SYS_STAT_H 1
| #define HAVE_SYS_TYPES_H 1
| #define HAVE_UNISTD_H 1
| #define HAVE_WCHAR_H 1
| #define HAVE_SYS_SOCKET_H 1
| #define HAVE_ERROR_H 1
| #define HAVE_LIMITS_H 1
| #define HAVE_SYS_MMAN_H 1
| #define HAVE_OBSTACK_H 1
| #define HAVE_SYS_PARAM_H 1
| #define HAVE_SYS_TIME_H 1
| #define HAVE_STDBOOL_H 1
| #define HAVE_FEATURES_H 1
| #define STDC_HEADERS 1
| #define _ALL_SOURCE 1
| #define _DARWIN_C_SOURCE 1
| #define _GNU_SOURCE 1
| #define _HPUX_ALT_XOPEN_SOCKET_API 1
| #define _NETBSD_SOURCE 1
| #define _OPENBSD_SOURCE 1
| #define _POSIX_PTHREAD_SEMANTICS 1
| #define __STDC_WANT_IEC_60559_ATTRIBS_EXT__ 1
| #define __STDC_WANT_IEC_60559_BFP_EXT__ 1
| #define __STDC_WANT_IEC_60559_DFP_EXT__ 1
| #define __STDC_WANT_IEC_60559_EXT__ 1
| #define __STDC_WANT_IEC_60559_FUNCS_EXT__ 1
| #define __STDC_WANT_IEC_60559_TYPES_EXT__ 1
| #define __STDC_WANT_LIB_EXT2__ 1
| #define __STDC_WANT_MATH_SPEC_FUNCS__ 1
| #define _TANDEM_SOURCE 1
| #define __EXTENSIONS__ 1
| #define __USE_MINGW_ANSI_STDIO 1
| #define HAVE_ALLOCA_H 1
| #define HAVE_ALLOCA 1
| #define HAVE_MALLOC_POSIX 1
| #define HAVE_FCNTL 1
| #define HAVE_SYMLINK 1
| #define HAVE_GETDTABLESIZE 1
| #define HAVE_MBSINIT 1
| #define HAVE_MBRTOWC 1
| #define HAVE_MPROTECT 1
| #define HAVE_LSTAT 1
| #define HAVE_SNPRINTF 1
| #define HAVE_ERROR 1
| #define HAVE_DECL_STRERROR_R 1
| #define HAVE_STRERROR_R 1
| #define STRERROR_R_CHAR_P 1
| #define HAVE_WORKING_O_NOATIME 1
| #define HAVE_WORKING_O_NOFOLLOW 1
| #define restrict __restrict__
| #define HAVE_DECL_GETDTABLESIZE 1
| #define HAVE_WINT_T 1
| #define HAVE_LONG_LONG_INT 1
| #define HAVE_UNSIGNED_LONG_LONG_INT 1
| #define MALLOC_0_IS_NONNULL 1
| #define HAVE_MBSTATE_T 1
| #define HAVE_LANGINFO_CODESET 1
| #define HAVE_MAP_ANONYMOUS 1
| #define HAVE_MINMAX_IN_SYS_PARAM_H 1
| #define PROMOTED_MODE_T mode_t
| #define HAVE_DECL_SNPRINTF 1
| #define HAVE_WCHAR_T 1
| #define HAVE_DECL_FCLOSEALL 1
| #define HAVE_DECL_GETW 1
| #define HAVE_DECL_PUTW 1
| #define HAVE_DECL_ECVT 1
| #define HAVE_DECL_FCVT 1
| #define HAVE_DECL_GCVT 1
| #define _USE_STD_STAT 1
| #define HAVE_DECL_EXECVPE 1
| #define HAVE_INTTYPES_H_WITH_UINTMAX 1
| #define HAVE_STDINT_H_WITH_UINTMAX 1
| #define HAVE_INTMAX_T 1
| #define DBL_EXPBIT0_WORD 1
| #define DBL_EXPBIT0_BIT 20
| #define HAVE_WCSLEN 1
| #define HAVE_SNPRINTF 1
| #define HAVE_STRNLEN 1
| #define HAVE_WCRTOMB 1
| #define HAVE_DECL__SNPRINTF 0
| #define HAVE_SNPRINTF_RETVAL_C99 1
| #define HAVE_SNPRINTF_TRUNCATION_C99 1
| #define HAVE_DECL_WCSDUP 1
| #define HAVE_ALLOCA 1
| #define GNULIB_TEST_CALLOC_GNU 1
| #define GNULIB_TEST_CALLOC_POSIX 1
| #define GNULIB_TEST_CLOEXEC 1
| #define GNULIB_TEST_CLOSE 1
| #define GNULIB_TEST_DUP2 1
| #define GNULIB_TEST_FCNTL 1
| #define HAVE_FREE_POSIX 1
| #define GNULIB_TEST_FREE_POSIX 1
| #define GNULIB_TEST_FSTAT 1
| #define GNULIB_TEST_GETDTABLESIZE 1
| #define HAVE_DECL_PROGRAM_INVOCATION_NAME 1
| #define HAVE_DECL_PROGRAM_INVOCATION_NAME 1
| #define HAVE_DECL_PROGRAM_INVOCATION_SHORT_NAME 1
| #define HAVE_DECL___ARGV 0
| #define GNULIB_TEST_GETPROGNAME 1
| #define GNULIB_TEST_MALLOC_GNU 1
| #define GNULIB_TEST_MALLOC_POSIX 1
| #define GNULIB_TEST_MBSZERO 1
| #define GNULIB_TEST_MEMCHR 1
| #define GNULIB_MSVC_NOTHROW 1
| #define GNULIB_TEST_OPEN 1
| #define HAVE_DECL_PROGRAM_INVOCATION_NAME 1
| #define HAVE_DECL_PROGRAM_INVOCATION_SHORT_NAME 1
| #define GNULIB_TEST_REALLOC_GNU 1
| #define GNULIB_TEST_REALLOC_POSIX 1
| #define HAVE_REALLOCARRAY 1
| #define GNULIB_REALLOCARRAY 1
| #define GNULIB_TEST_REALLOCARRAY 1
| #define HAVE_STDINT_H 1
| #define HAVE_SNPRINTF 1
| #define GNULIB_TEST_SNPRINTF 1
| #define GNULIB_SNPRINTF 1
| #define GNULIB_TEST_STAT 1
| #define HAVE_STRUCT_STAT_ST_ATIM_TV_NSEC 1
| #define TYPEOF_STRUCT_STAT_ST_ATIM_IS_STRUCT_TIMESPEC 1
| #define GNULIB_TEST_FSCANF 1
| #define GNULIB_FSCANF 1
| #define GNULIB_TEST_SCANF 1
| #define GNULIB_SCANF 1
| #define GNULIB_TEST_FGETC 1
| #define GNULIB_TEST_GETC 1
| #define GNULIB_TEST_GETCHAR 1
| #define GNULIB_TEST_FGETS 1
| #define GNULIB_TEST_FREAD 1
| #define GNULIB_TEST_FPRINTF 1
| #define GNULIB_TEST_PRINTF 1
| #define GNULIB_TEST_VFPRINTF 1
| #define GNULIB_TEST_VPRINTF 1
| #define GNULIB_TEST_FPUTC 1
| #define GNULIB_TEST_PUTC 1
| #define GNULIB_TEST_PUTCHAR 1
| #define GNULIB_TEST_FPUTS 1
| #define GNULIB_TEST_PUTS 1
| #define GNULIB_TEST_FWRITE 1
| #define GNULIB_STRERROR 1
| #define GNULIB_TEST_STRERROR 1
| #define HAVE_C_VARARRAYS 1
| #define GNULIB_XALLOC 1
| #define GNULIB_XALLOC_DIE 1
| #define HAVE_STDINT_H 1
| #define HAVE_ICONV 1
| #define ICONV_CONST 
| /* end confdefs.h.  */
| #include <CoreFoundation/CFLocale.h>
| int
| main (void)
| {
| CFLocaleCopyCurrent();
|   ;
|   return 0;
| }
configure:21758: result: no
configure:21807: checking for GNU gettext in libc
configure:21832: gcc -o conftest -g  -ggdb   conftest.c  >&5
configure:21832: $? = 0
configure:21842: result: yes
configure:22680: checking whether to use NLS
configure:22682: result: yes
configure:22685: checking where the gettext function comes from
configure:22696: result: libc
configure:22926: checking that generated files are newer than configure
configure:22932: result: done
configure:23032: creating ./config.status

## ---------------- ##
## Cache variables. ##
## ---------------- ##

ac_cv_build=aarch64-unknown-linux-gnu
ac_cv_c_compiler_gnu=yes
ac_cv_c_restrict=__restrict__
ac_cv_c_undeclared_builtin_options='none needed'
ac_cv_c_vararrays=yes
ac_cv_env_CC_set=
ac_cv_env_CC_value=
ac_cv_env_CFLAGS_set=
ac_cv_env_CFLAGS_value=
ac_cv_env_CPPFLAGS_set=
ac_cv_env_CPPFLAGS_value=
ac_cv_env_CPP_set=
ac_cv_env_CPP_value=
ac_cv_env_EMACSLOADPATH_set=
ac_cv_env_EMACSLOADPATH_value=
ac_cv_env_EMACS_set=
ac_cv_env_EMACS_value=
ac_cv_env_LDFLAGS_set=
ac_cv_env_LDFLAGS_value=
ac_cv_env_LIBS_set=
ac_cv_env_LIBS_value=
ac_cv_env_build_alias_set=
ac_cv_env_build_alias_value=
ac_cv_env_host_alias_set=
ac_cv_env_host_alias_value=
ac_cv_env_target_alias_set=
ac_cv_env_target_alias_value=
ac_cv_func__set_invalid_parameter_handler=no
ac_cv_func_alloca_works=yes
ac_cv_func_calloc_0_nonnull=yes
ac_cv_func_error=yes
ac_cv_func_fcntl=yes
ac_cv_func_getdtablesize=yes
ac_cv_func_getexecname=no
ac_cv_func_getprogname=no
ac_cv_func_lstat=yes
ac_cv_func_malloc_0_nonnull=yes
ac_cv_func_mbrtowc=yes
ac_cv_func_mbsinit=yes
ac_cv_func_mmap=yes
ac_cv_func_mprotect=yes
ac_cv_func_realloc_0_nonnull=yes
ac_cv_func_reallocarray=yes
ac_cv_func_snprintf=yes
ac_cv_func_strerror_r_char_p=yes
ac_cv_func_strnlen=yes
ac_cv_func_symlink=yes
ac_cv_func_vasnprintf=no
ac_cv_func_wcrtomb=yes
ac_cv_func_wcslen=yes
ac_cv_have_decl___argv=no
ac_cv_have_decl__snprintf=no
ac_cv_have_decl_ecvt=yes
ac_cv_have_decl_error_at_line=yes
ac_cv_have_decl_execvpe=yes
ac_cv_have_decl_fcloseall=yes
ac_cv_have_decl_fcvt=yes
ac_cv_have_decl_gcvt=yes
ac_cv_have_decl_getdtablesize=yes
ac_cv_have_decl_getw=yes
ac_cv_have_decl_program_invocation_name=yes
ac_cv_have_decl_program_invocation_short_name=yes
ac_cv_have_decl_putw=yes
ac_cv_have_decl_snprintf=yes
ac_cv_have_decl_strerror_r=yes
ac_cv_have_decl_wcsdup=yes
ac_cv_header_crtdefs_h=no
ac_cv_header_error_h=yes
ac_cv_header_features_h=yes
ac_cv_header_inttypes_h=yes
ac_cv_header_limits_h=yes
ac_cv_header_minix_config_h=no
ac_cv_header_obstack_h=yes
ac_cv_header_stat_broken=no
ac_cv_header_stdbool_h=yes
ac_cv_header_stdckdint_h=no
ac_cv_header_stdint_h=yes
ac_cv_header_stdio_h=yes
ac_cv_header_stdlib_h=yes
ac_cv_header_string_h=yes
ac_cv_header_strings_h=yes
ac_cv_header_sys_mman_h=yes
ac_cv_header_sys_param_h=yes
ac_cv_header_sys_socket_h=yes
ac_cv_header_sys_stat_h=yes
ac_cv_header_sys_time_h=yes
ac_cv_header_sys_types_h=yes
ac_cv_header_unistd_h=yes
ac_cv_header_wchar_h=yes
ac_cv_host=aarch64-unknown-linux-gnu
ac_cv_lib_error_at_line=yes
ac_cv_member_struct_stat_st_atim_tv_nsec=yes
ac_cv_member_struct_stat_st_birthtim_tv_nsec=no
ac_cv_member_struct_stat_st_birthtimensec=no
ac_cv_member_struct_stat_st_birthtimespec_tv_nsec=no
ac_cv_objext=o
ac_cv_path_EGREP='/usr/bin/grep -E'
ac_cv_path_GMSGFMT=:
ac_cv_path_GREP=/usr/bin/grep
ac_cv_path_MSGFMT=:
ac_cv_path_MSGMERGE=:
ac_cv_path_SED=/usr/bin/sed
ac_cv_path_XGETTEXT=:
ac_cv_path_install='/usr/bin/install -c'
ac_cv_path_mkdir=/usr/bin/mkdir
ac_cv_prog_AWK=gawk
ac_cv_prog_CPP='gcc -E'
ac_cv_prog_ac_ct_AR=ar
ac_cv_prog_ac_ct_CC=gcc
ac_cv_prog_ac_ct_RANLIB=ranlib
ac_cv_prog_cc_c11=
ac_cv_prog_cc_g=yes
ac_cv_prog_cc_stdc=
ac_cv_prog_make_make_set=yes
ac_cv_safe_to_define___extensions__=yes
ac_cv_should_define__xopen_source=no
ac_cv_sys_largefile_opts='none needed'
ac_cv_type_mbstate_t=yes
ac_cv_type_mode_t=yes
ac_cv_type_nlink_t=yes
ac_cv_type_pid_t=yes
ac_cv_type_ptrdiff_t=yes
ac_cv_type_size_t=yes
ac_cv_typeof_struct_stat_st_atim_is_struct_timespec=yes
ac_cv_working_alloca_h=yes
acl_cv_hardcode_direct=no
acl_cv_hardcode_libdir_flag_spec='${wl}-rpath ${wl}$libdir'
acl_cv_hardcode_libdir_separator=
acl_cv_hardcode_minus_L=no
acl_cv_libext=a
acl_cv_libname_spec='lib$name'
acl_cv_library_names_spec='$libname$shrext'
acl_cv_path_LD=/usr/bin/ld
acl_cv_prog_gnu_ld=yes
acl_cv_rpath=done
acl_cv_shlibext=so
acl_cv_wl=-Wl,
am_cv_CC_dependencies_compiler_type=gcc3
am_cv_func_iconv=yes
am_cv_func_iconv_works=yes
am_cv_langinfo_codeset=yes
am_cv_lib_iconv=no
am_cv_lispdir='${datadir}/emacs/site-lisp'
am_cv_make_support_nested_variables=yes
am_cv_prog_cc_c_o=yes
am_cv_prog_tar_ustar=gnutar
am_cv_proto_iconv='extern size_t iconv (iconv_t cd, char * *inbuf, size_t *inbytesleft, char * *outbuf, size_t *outbytesleft);'
am_cv_proto_iconv_arg1=
gl_cv_c_amsterdam_compiler=no
gl_cv_c_bool=no
gl_cv_c_multiarch=no
gl_cv_cc_double_expbit0='word 1 bit 20'
gl_cv_cc_wallow=-Wno-error
gl_cv_compiler_check_decl_option=none
gl_cv_compiler_clang=no
gl_cv_decl_null_works=yes
gl_cv_double_slash_root=no
gl_cv_func_dup2_works=yes
gl_cv_func_fcntl_f_dupfd_cloexec='needs runtime check'
gl_cv_func_fcntl_f_dupfd_works=yes
gl_cv_func_free_preserves_errno=yes
gl_cv_func_getdtablesize_works=yes
gl_cv_func_itold_works=yes
gl_cv_func_malloc_0_nonnull=1
gl_cv_func_malloc_posix=yes
gl_cv_func_mbrtowc_incomplete_state='guessing yes'
gl_cv_func_mbrtowc_sanitycheck='guessing yes'
gl_cv_func_memchr_works=yes
gl_cv_func_obstack=no
gl_cv_func_open_slash=yes
gl_cv_func_printf_attribute_flavor=system
gl_cv_func_printf_positions=yes
gl_cv_func_snprintf_retval_c99=yes
gl_cv_func_snprintf_size1=yes
gl_cv_func_snprintf_truncation_c99=yes
gl_cv_func_snprintf_usable=yes
gl_cv_func_stat_file_slash=yes
gl_cv_func_strerror_0_works=yes
gl_cv_func_unreachable=no
gl_cv_func_working_error=yes
gl_cv_func_working_strerror=yes
gl_cv_have_include_next=yes
gl_cv_header_errno_h_complete=yes
gl_cv_header_inttypes_h=yes
gl_cv_header_limits_ssize_max=yes
gl_cv_header_limits_width=yes
gl_cv_header_stdint_h=yes
gl_cv_header_stdint_width=yes
gl_cv_header_stdint_without_STDC_macros=yes
gl_cv_header_wchar_h_correct_inline=yes
gl_cv_header_working_fcntl_h=yes
gl_cv_header_working_stdalign_h='yes, <stdalign.h> macros'
gl_cv_header_working_stdint_h=yes
gl_cv_macro_MB_CUR_MAX_good='guessing yes'
gl_cv_macro_O_CLOEXEC=yes
gl_cv_malloc_ptrdiff=yes
gl_cv_minmax_in_limits_h=no
gl_cv_minmax_in_sys_param_h=yes
gl_cv_next_error_h='<error.h>'
gl_cv_next_fcntl_h='<fcntl.h>'
gl_cv_next_inttypes_h='<inttypes.h>'
gl_cv_next_limits_h='<limits.h>'
gl_cv_next_stddef_h='<stddef.h>'
gl_cv_next_stdint_h='<stdint.h>'
gl_cv_next_stdio_h='<stdio.h>'
gl_cv_next_stdlib_h='<stdlib.h>'
gl_cv_next_string_h='<string.h>'
gl_cv_next_sys_stat_h='<sys/stat.h>'
gl_cv_next_sys_types_h='<sys/types.h>'
gl_cv_next_time_h='<time.h>'
gl_cv_next_unistd_h='<unistd.h>'
gl_cv_next_wchar_h='<wchar.h>'
gl_cv_onwards_func_error=yes
gl_cv_onwards_func_getprogname=no
gl_cv_onwards_func_reallocarray=yes
gl_cv_promoted_mode_t=mode_t
gl_cv_rpl_alloca=yes
gl_cv_size_max=yes
gl_cv_source_line_length_unlimited=yes
gl_cv_ssize_t=yes
gl_cv_static_assert='yes, an <assert.h> macro'
gl_cv_sys_struct_timespec_in_time_h=yes
gl_cv_time_h_has_TIME_UTC=yes
gl_cv_type_max_align_t=yes
gl_cv_type_wint_t_large_enough=yes
gt_cv_c_intmax_t=yes
gt_cv_c_wchar_t=yes
gt_cv_c_wint_t=yes
gt_cv_func_CFLocaleCopyCurrent=no
gt_cv_func_CFPreferencesCopyAppValue=no
gt_cv_func_gnugettext3_libc=yes
gt_cv_locale_fr_utf8=none
gt_cv_locale_ja=none
gt_cv_locale_zh_CN=none

## ----------------- ##
## Output variables. ##
## ----------------- ##

ACLOCAL='${SHELL} '\''/root/SmartC2Rust/program/cflow-1.8/build-aux/missing'\'' aclocal-1.16'
ALLOCA=''
ALLOCA_H='alloca.h'
AMDEPBACKSLASH='\'
AMDEP_FALSE='#'
AMDEP_TRUE=''
AMTAR='$${TAR-tar}'
AM_BACKSLASH='\'
AM_DEFAULT_V='$(AM_DEFAULT_VERBOSITY)'
AM_DEFAULT_VERBOSITY='0'
AM_V='$(V)'
APPLE_UNIVERSAL_BUILD='0'
AR='ar'
ARFLAGS='cr'
ASSERT_H=''
AUTOCONF='${SHELL} '\''/root/SmartC2Rust/program/cflow-1.8/build-aux/missing'\'' autoconf'
AUTOHEADER='${SHELL} '\''/root/SmartC2Rust/program/cflow-1.8/build-aux/missing'\'' autoheader'
AUTOM4TE='${SHELL} '\''/root/SmartC2Rust/program/cflow-1.8/build-aux/missing'\'' autom4te'
AUTOMAKE='${SHELL} '\''/root/SmartC2Rust/program/cflow-1.8/build-aux/missing'\'' automake-1.16'
AWK='gawk'
BITSIZEOF_PTRDIFF_T=''
BITSIZEOF_SIG_ATOMIC_T=''
BITSIZEOF_SIZE_T=''
BITSIZEOF_WCHAR_T=''
BITSIZEOF_WINT_T=''
CC='gcc'
CCDEPMODE='depmode=gcc3'
CFLAGS='-g  -ggdb'
CPP='gcc -E'
CPPFLAGS=''
CSCOPE='cscope'
CTAGS='ctags'
CYGPATH_W='echo'
DEFS='-DHAVE_CONFIG_H'
DEPDIR='.deps'
ECHO_C=''
ECHO_N='-n'
ECHO_T=''
EGREP='/usr/bin/grep -E'
EMACS='no'
EMACSLOADPATH=''
EMULTIHOP_HIDDEN=''
EMULTIHOP_VALUE=''
ENOLINK_HIDDEN=''
ENOLINK_VALUE=''
EOVERFLOW_HIDDEN=''
EOVERFLOW_VALUE=''
ERRNO_H=''
ETAGS='etags'
EXEEXT=''
FLOAT_H=''
GETTEXT_MACRO_VERSION='0.19'
GL_CFLAG_ALLOW_WARNINGS='-Wno-error'
GL_CFLAG_GNULIB_WARNINGS=' -Wno-cast-qual -Wno-conversion -Wno-float-equal -Wno-sign-compare -Wno-undef -Wno-unused-function -Wno-unused-parameter -Wno-float-conversion -Wimplicit-fallthrough -Wno-pedantic -Wno-sign-conversion -Wno-type-limits -Wno-unsuffixed-float-constants'
GL_COND_LIBTOOL_FALSE=''
GL_COND_LIBTOOL_TRUE='#'
GL_COND_OBJ_CLOSE_FALSE=''
GL_COND_OBJ_CLOSE_TRUE='#'
GL_COND_OBJ_DUP2_FALSE=''
GL_COND_OBJ_DUP2_TRUE='#'
GL_COND_OBJ_ERROR_FALSE=''
GL_COND_OBJ_ERROR_TRUE='#'
GL_COND_OBJ_FCNTL_FALSE='#'
GL_COND_OBJ_FCNTL_TRUE=''
GL_COND_OBJ_FLOAT_FALSE=''
GL_COND_OBJ_FLOAT_TRUE='#'
GL_COND_OBJ_FREE_FALSE=''
GL_COND_OBJ_FREE_TRUE='#'
GL_COND_OBJ_FSTAT_FALSE=''
GL_COND_OBJ_FSTAT_TRUE='#'
GL_COND_OBJ_GETDTABLESIZE_FALSE=''
GL_COND_OBJ_GETDTABLESIZE_TRUE='#'
GL_COND_OBJ_GETPROGNAME_FALSE='#'
GL_COND_OBJ_GETPROGNAME_TRUE=''
GL_COND_OBJ_ITOLD_FALSE=''
GL_COND_OBJ_ITOLD_TRUE='#'
GL_COND_OBJ_MEMCHR_FALSE=''
GL_COND_OBJ_MEMCHR_TRUE='#'
GL_COND_OBJ_MSVC_INVAL_FALSE=''
GL_COND_OBJ_MSVC_INVAL_TRUE='#'
GL_COND_OBJ_MSVC_NOTHROW_FALSE=''
GL_COND_OBJ_MSVC_NOTHROW_TRUE='#'
GL_COND_OBJ_OBSTACK_FALSE='#'
GL_COND_OBJ_OBSTACK_TRUE=''
GL_COND_OBJ_OPEN_FALSE=''
GL_COND_OBJ_OPEN_TRUE='#'
GL_COND_OBJ_REALLOCARRAY_FALSE=''
GL_COND_OBJ_REALLOCARRAY_TRUE='#'
GL_COND_OBJ_STAT_FALSE=''
GL_COND_OBJ_STAT_TRUE='#'
GL_COND_OBJ_STDIO_READ_FALSE=''
GL_COND_OBJ_STDIO_READ_TRUE='#'
GL_COND_OBJ_STDIO_WRITE_FALSE=''
GL_COND_OBJ_STDIO_WRITE_TRUE='#'
GL_COND_OBJ_STRERROR_FALSE=''
GL_COND_OBJ_STRERROR_OVERRIDE_FALSE=''
GL_COND_OBJ_STRERROR_OVERRIDE_TRUE='#'
GL_COND_OBJ_STRERROR_TRUE='#'
GL_GENERATE_ALLOCA_H_FALSE='#'
GL_GENERATE_ALLOCA_H_TRUE=''
GL_GENERATE_ASSERT_H_FALSE=''
GL_GENERATE_ASSERT_H_TRUE='#'
GL_GENERATE_ERRNO_H_FALSE=''
GL_GENERATE_ERRNO_H_TRUE='#'
GL_GENERATE_FLOAT_H_FALSE=''
GL_GENERATE_FLOAT_H_TRUE='#'
GL_GENERATE_LIMITS_H_FALSE='#'
GL_GENERATE_LIMITS_H_TRUE=''
GL_GENERATE_OBSTACK_H_FALSE='#'
GL_GENERATE_OBSTACK_H_TRUE=''
GL_GENERATE_STDCKDINT_H_FALSE='#'
GL_GENERATE_STDCKDINT_H_TRUE=''
GL_GENERATE_STDDEF_H_FALSE='#'
GL_GENERATE_STDDEF_H_TRUE=''
GL_GENERATE_STDINT_H_FALSE=''
GL_GENERATE_STDINT_H_TRUE='#'
GL_GNULIB_ACCESS='0'
GL_GNULIB_ALIGNED_ALLOC='0'
GL_GNULIB_ATOLL='0'
GL_GNULIB_BTOWC='0'
GL_GNULIB_CALLOC_GNU='1'
GL_GNULIB_CALLOC_POSIX='1'
GL_GNULIB_CANONICALIZE_FILE_NAME='0'
GL_GNULIB_CHDIR='0'
GL_GNULIB_CHMOD='0'
GL_GNULIB_CHOWN='0'
GL_GNULIB_CLOSE='1'
GL_GNULIB_COPY_FILE_RANGE='0'
GL_GNULIB_CREAT='0'
GL_GNULIB_CTIME='0'
GL_GNULIB_DPRINTF='0'
GL_GNULIB_DUP2='1'
GL_GNULIB_DUP3='0'
GL_GNULIB_DUP='0'
GL_GNULIB_ENVIRON='0'
GL_GNULIB_EUIDACCESS='0'
GL_GNULIB_EXECL='0'
GL_GNULIB_EXECLE='0'
GL_GNULIB_EXECLP='0'
GL_GNULIB_EXECV='0'
GL_GNULIB_EXECVE='0'
GL_GNULIB_EXECVP='0'
GL_GNULIB_EXECVPE='0'
GL_GNULIB_EXPLICIT_BZERO='0'
GL_GNULIB_FACCESSAT='0'
GL_GNULIB_FCHDIR='0'
GL_GNULIB_FCHMODAT='0'
GL_GNULIB_FCHOWNAT='0'
GL_GNULIB_FCLOSE='0'
GL_GNULIB_FCNTL='1'
GL_GNULIB_FDATASYNC='0'
GL_GNULIB_FDOPEN='0'
GL_GNULIB_FFLUSH='0'
GL_GNULIB_FFSL='0'
GL_GNULIB_FFSLL='0'
GL_GNULIB_FGETC='1'
GL_GNULIB_FGETS='1'
GL_GNULIB_FOPEN='0'
GL_GNULIB_FOPEN_GNU='0'
GL_GNULIB_FPRINTF='1'
GL_GNULIB_FPRINTF_POSIX='0'
GL_GNULIB_FPURGE='0'
GL_GNULIB_FPUTC='1'
GL_GNULIB_FPUTS='1'
GL_GNULIB_FREAD='1'
GL_GNULIB_FREE_POSIX='1'
GL_GNULIB_FREOPEN='0'
GL_GNULIB_FSCANF='1'
GL_GNULIB_FSEEK='0'
GL_GNULIB_FSEEKO='0'
GL_GNULIB_FSTAT='1'
GL_GNULIB_FSTATAT='0'
GL_GNULIB_FSYNC='0'
GL_GNULIB_FTELL='0'
GL_GNULIB_FTELLO='0'
GL_GNULIB_FTRUNCATE='0'
GL_GNULIB_FUTIMENS='0'
GL_GNULIB_FWRITE='1'
GL_GNULIB_GETC='1'
GL_GNULIB_GETCHAR='1'
GL_GNULIB_GETCWD='0'
GL_GNULIB_GETDELIM='0'
GL_GNULIB_GETDOMAINNAME='0'
GL_GNULIB_GETDTABLESIZE='1'
GL_GNULIB_GETENTROPY='0'
GL_GNULIB_GETGROUPS='0'
GL_GNULIB_GETHOSTNAME='0'
GL_GNULIB_GETLINE='0'
GL_GNULIB_GETLOADAVG='0'
GL_GNULIB_GETLOGIN='0'
GL_GNULIB_GETLOGIN_R='0'
GL_GNULIB_GETOPT_POSIX='0'
GL_GNULIB_GETPAGESIZE='0'
GL_GNULIB_GETPASS='0'
GL_GNULIB_GETPASS_GNU='0'
GL_GNULIB_GETPROGNAME='1'
GL_GNULIB_GETSUBOPT='0'
GL_GNULIB_GETUMASK='0'
GL_GNULIB_GETUSERSHELL='0'
GL_GNULIB_GRANTPT='0'
GL_GNULIB_GROUP_MEMBER='0'
GL_GNULIB_IMAXABS='0'
GL_GNULIB_IMAXDIV='0'
GL_GNULIB_ISATTY='0'
GL_GNULIB_LCHMOD='0'
GL_GNULIB_LCHOWN='0'
GL_GNULIB_LINK='0'
GL_GNULIB_LINKAT='0'
GL_GNULIB_LOCALTIME='0'
GL_GNULIB_LSEEK='0'
GL_GNULIB_LSTAT='0'
GL_GNULIB_MALLOC_GNU='1'
GL_GNULIB_MALLOC_POSIX='1'
GL_GNULIB_MBRLEN='0'
GL_GNULIB_MBRTOWC='0'
GL_GNULIB_MBSCASECMP='0'
GL_GNULIB_MBSCASESTR='0'
GL_GNULIB_MBSCHR='0'
GL_GNULIB_MBSCSPN='0'
GL_GNULIB_MBSINIT='0'
GL_GNULIB_MBSLEN='0'
GL_GNULIB_MBSNCASECMP='0'
GL_GNULIB_MBSNLEN='0'
GL_GNULIB_MBSNRTOWCS='0'
GL_GNULIB_MBSPBRK='0'
GL_GNULIB_MBSPCASECMP='0'
GL_GNULIB_MBSRCHR='0'
GL_GNULIB_MBSRTOWCS='0'
GL_GNULIB_MBSSEP='0'
GL_GNULIB_MBSSPN='0'
GL_GNULIB_MBSSTR='0'
GL_GNULIB_MBSTOK_R='0'
GL_GNULIB_MBSTOWCS='0'
GL_GNULIB_MBSZERO='1'
GL_GNULIB_MBTOWC='0'
GL_GNULIB_MDA_ACCESS='1'
GL_GNULIB_MDA_CHDIR='1'
GL_GNULIB_MDA_CHMOD='1'
GL_GNULIB_MDA_CLOSE='1'
GL_GNULIB_MDA_CREAT='1'
GL_GNULIB_MDA_DUP2='1'
GL_GNULIB_MDA_DUP='1'
GL_GNULIB_MDA_ECVT='1'
GL_GNULIB_MDA_EXECL='1'
GL_GNULIB_MDA_EXECLE='1'
GL_GNULIB_MDA_EXECLP='1'
GL_GNULIB_MDA_EXECV='1'
GL_GNULIB_MDA_EXECVE='1'
GL_GNULIB_MDA_EXECVP='1'
GL_GNULIB_MDA_EXECVPE='1'
GL_GNULIB_MDA_FCLOSEALL='1'
GL_GNULIB_MDA_FCVT='1'
GL_GNULIB_MDA_FDOPEN='1'
GL_GNULIB_MDA_FILENO='1'
GL_GNULIB_MDA_GCVT='1'
GL_GNULIB_MDA_GETCWD='1'
GL_GNULIB_MDA_GETPID='1'
GL_GNULIB_MDA_GETW='1'
GL_GNULIB_MDA_ISATTY='1'
GL_GNULIB_MDA_LSEEK='1'
GL_GNULIB_MDA_MEMCCPY='1'
GL_GNULIB_MDA_MKDIR='1'
GL_GNULIB_MDA_MKTEMP='1'
GL_GNULIB_MDA_OPEN='1'
GL_GNULIB_MDA_PUTENV='1'
GL_GNULIB_MDA_PUTW='1'
GL_GNULIB_MDA_READ='1'
GL_GNULIB_MDA_RMDIR='1'
GL_GNULIB_MDA_STRDUP='1'
GL_GNULIB_MDA_SWAB='1'
GL_GNULIB_MDA_TEMPNAM='1'
GL_GNULIB_MDA_TZSET='1'
GL_GNULIB_MDA_UMASK='1'
GL_GNULIB_MDA_UNLINK='1'
GL_GNULIB_MDA_WCSDUP='1'
GL_GNULIB_MDA_WRITE='1'
GL_GNULIB_MEMCHR='1'
GL_GNULIB_MEMMEM='0'
GL_GNULIB_MEMPCPY='0'
GL_GNULIB_MEMRCHR='0'
GL_GNULIB_MEMSET_EXPLICIT='0'
GL_GNULIB_MKDIR='0'
GL_GNULIB_MKDIRAT='0'
GL_GNULIB_MKDTEMP='0'
GL_GNULIB_MKFIFO='0'
GL_GNULIB_MKFIFOAT='0'
GL_GNULIB_MKNOD='0'
GL_GNULIB_MKNODAT='0'
GL_GNULIB_MKOSTEMP='0'
GL_GNULIB_MKOSTEMPS='0'
GL_GNULIB_MKSTEMP='0'
GL_GNULIB_MKSTEMPS='0'
GL_GNULIB_MKTIME='0'
GL_GNULIB_NANOSLEEP='0'
GL_GNULIB_NONBLOCKING='0'
GL_GNULIB_OBSTACK_PRINTF='0'
GL_GNULIB_OBSTACK_PRINTF_POSIX='0'
GL_GNULIB_OPEN='1'
GL_GNULIB_OPENAT='0'
GL_GNULIB_OVERRIDES_STRUCT_STAT='0'
GL_GNULIB_PCLOSE='0'
GL_GNULIB_PERROR='0'
GL_GNULIB_PIPE2='0'
GL_GNULIB_PIPE='0'
GL_GNULIB_POPEN='0'
GL_GNULIB_POSIX_MEMALIGN='0'
GL_GNULIB_POSIX_OPENPT='0'
GL_GNULIB_PREAD='0'
GL_GNULIB_PRINTF='1'
GL_GNULIB_PRINTF_POSIX='0'
GL_GNULIB_PTSNAME='0'
GL_GNULIB_PTSNAME_R='0'
GL_GNULIB_PUTC='1'
GL_GNULIB_PUTCHAR='1'
GL_GNULIB_PUTENV='0'
GL_GNULIB_PUTS='1'
GL_GNULIB_PWRITE='0'
GL_GNULIB_QSORT_R='0'
GL_GNULIB_RAND='0'
GL_GNULIB_RANDOM='0'
GL_GNULIB_RANDOM_R='0'
GL_GNULIB_RAWMEMCHR='0'
GL_GNULIB_READ='0'
GL_GNULIB_READLINK='0'
GL_GNULIB_READLINKAT='0'
GL_GNULIB_REALLOCARRAY='1'
GL_GNULIB_REALLOC_GNU='1'
GL_GNULIB_REALLOC_POSIX='1'
GL_GNULIB_REALPATH='0'
GL_GNULIB_REMOVE='0'
GL_GNULIB_RENAME='0'
GL_GNULIB_RENAMEAT='0'
GL_GNULIB_RMDIR='0'
GL_GNULIB_RPMATCH='0'
GL_GNULIB_SCANF='1'
GL_GNULIB_SECURE_GETENV='0'
GL_GNULIB_SETENV='0'
GL_GNULIB_SETHOSTNAME='0'
GL_GNULIB_SIGABBREV_NP='0'
GL_GNULIB_SIGDESCR_NP='0'
GL_GNULIB_SLEEP='0'
GL_GNULIB_SNPRINTF='1'
GL_GNULIB_SPRINTF_POSIX='0'
GL_GNULIB_STAT='1'
GL_GNULIB_STDIO_H_NONBLOCKING='0'
GL_GNULIB_STDIO_H_SIGPIPE='0'
GL_GNULIB_STPCPY='0'
GL_GNULIB_STPNCPY='0'
GL_GNULIB_STRCASESTR='0'
GL_GNULIB_STRCHRNUL='0'
GL_GNULIB_STRDUP='0'
GL_GNULIB_STRERROR='1'
GL_GNULIB_STRERRORNAME_NP='0'
GL_GNULIB_STRERROR_R='0'
GL_GNULIB_STRFTIME='0'
GL_GNULIB_STRNCAT='0'
GL_GNULIB_STRNDUP='0'
GL_GNULIB_STRNLEN='0'
GL_GNULIB_STRPBRK='0'
GL_GNULIB_STRPTIME='0'
GL_GNULIB_STRSEP='0'
GL_GNULIB_STRSIGNAL='0'
GL_GNULIB_STRSTR='0'
GL_GNULIB_STRTOD='0'
GL_GNULIB_STRTOIMAX='0'
GL_GNULIB_STRTOK_R='0'
GL_GNULIB_STRTOL='0'
GL_GNULIB_STRTOLD='0'
GL_GNULIB_STRTOLL='0'
GL_GNULIB_STRTOUL='0'
GL_GNULIB_STRTOULL='0'
GL_GNULIB_STRTOUMAX='0'
GL_GNULIB_STRVERSCMP='0'
GL_GNULIB_SYMLINK='0'
GL_GNULIB_SYMLINKAT='0'
GL_GNULIB_SYSTEM_POSIX='0'
GL_GNULIB_TIME='0'
GL_GNULIB_TIMEGM='0'
GL_GNULIB_TIMESPEC_GET='0'
GL_GNULIB_TIMESPEC_GETRES='0'
GL_GNULIB_TIME_R='0'
GL_GNULIB_TIME_RZ='0'
GL_GNULIB_TMPFILE='0'
GL_GNULIB_TRUNCATE='0'
GL_GNULIB_TTYNAME_R='0'
GL_GNULIB_TZSET='0'
GL_GNULIB_UNISTD_H_GETOPT='0'
GL_GNULIB_UNISTD_H_NONBLOCKING='0'
GL_GNULIB_UNISTD_H_SIGPIPE='0'
GL_GNULIB_UNLINK='0'
GL_GNULIB_UNLINKAT='0'
GL_GNULIB_UNLOCKPT='0'
GL_GNULIB_UNSETENV='0'
GL_GNULIB_USLEEP='0'
GL_GNULIB_UTIMENSAT='0'
GL_GNULIB_VASPRINTF='0'
GL_GNULIB_VDPRINTF='0'
GL_GNULIB_VFPRINTF='1'
GL_GNULIB_VFPRINTF_POSIX='0'
GL_GNULIB_VFSCANF='0'
GL_GNULIB_VPRINTF='1'
GL_GNULIB_VPRINTF_POSIX='0'
GL_GNULIB_VSCANF='0'
GL_GNULIB_VSNPRINTF='0'
GL_GNULIB_VSPRINTF_POSIX='0'
GL_GNULIB_WCPCPY='0'
GL_GNULIB_WCPNCPY='0'
GL_GNULIB_WCRTOMB='0'
GL_GNULIB_WCSCASECMP='0'
GL_GNULIB_WCSCAT='0'
GL_GNULIB_WCSCHR='0'
GL_GNULIB_WCSCMP='0'
GL_GNULIB_WCSCOLL='0'
GL_GNULIB_WCSCPY='0'
GL_GNULIB_WCSCSPN='0'
GL_GNULIB_WCSDUP='0'
GL_GNULIB_WCSFTIME='0'
GL_GNULIB_WCSLEN='0'
GL_GNULIB_WCSNCASECMP='0'
GL_GNULIB_WCSNCAT='0'
GL_GNULIB_WCSNCMP='0'
GL_GNULIB_WCSNCPY='0'
GL_GNULIB_WCSNLEN='0'
GL_GNULIB_WCSNRTOMBS='0'
GL_GNULIB_WCSPBRK='0'
GL_GNULIB_WCSRCHR='0'
GL_GNULIB_WCSRTOMBS='0'
GL_GNULIB_WCSSPN='0'
GL_GNULIB_WCSSTR='0'
GL_GNULIB_WCSTOK='0'
GL_GNULIB_WCSWIDTH='0'
GL_GNULIB_WCSXFRM='0'
GL_GNULIB_WCTOB='0'
GL_GNULIB_WCTOMB='0'
GL_GNULIB_WCWIDTH='0'
GL_GNULIB_WGETCWD='0'
GL_GNULIB_WMEMCHR='0'
GL_GNULIB_WMEMCMP='0'
GL_GNULIB_WMEMCPY='0'
GL_GNULIB_WMEMMOVE='0'
GL_GNULIB_WMEMPCPY='0'
GL_GNULIB_WMEMSET='0'
GL_GNULIB_WRITE='0'
GL_GNULIB__EXIT='0'
GMSGFMT=':'
GMSGFMT_015=':'
GNULIBHEADERS_OVERRIDE_WINT_T='0'
GREP='/usr/bin/grep'
HAVE_ALIGNED_ALLOC='1'
HAVE_ALLOCA_H='1'
HAVE_ATOLL='1'
HAVE_BTOWC='1'
HAVE_C99_STDINT_H='1'
HAVE_CANONICALIZE_FILE_NAME='1'
HAVE_CHOWN='1'
HAVE_COPY_FILE_RANGE='1'
HAVE_CRTDEFS_H='0'
HAVE_DECL_ECVT='1'
HAVE_DECL_ENVIRON='1'
HAVE_DECL_EXECVPE='1'
HAVE_DECL_FCHDIR='1'
HAVE_DECL_FCLOSEALL='1'
HAVE_DECL_FCVT='1'
HAVE_DECL_FDATASYNC='1'
HAVE_DECL_FPURGE='1'
HAVE_DECL_FSEEKO='1'
HAVE_DECL_FTELLO='1'
HAVE_DECL_GCVT='1'
HAVE_DECL_GETDELIM='1'
HAVE_DECL_GETDOMAINNAME='1'
HAVE_DECL_GETLINE='1'
HAVE_DECL_GETLOADAVG='1'
HAVE_DECL_GETLOGIN='1'
HAVE_DECL_GETLOGIN_R='1'
HAVE_DECL_GETPAGESIZE='1'
HAVE_DECL_GETUSERSHELL='1'
HAVE_DECL_GETW='1'
HAVE_DECL_IMAXABS='1'
HAVE_DECL_IMAXDIV='1'
HAVE_DECL_INITSTATE='1'
HAVE_DECL_LOCALTIME_R='1'
HAVE_DECL_MEMMEM='1'
HAVE_DECL_MEMRCHR='1'
HAVE_DECL_OBSTACK_PRINTF='1'
HAVE_DECL_PROGRAM_INVOCATION_NAME='1'
HAVE_DECL_PUTW='1'
HAVE_DECL_SETENV='1'
HAVE_DECL_SETHOSTNAME='1'
HAVE_DECL_SETSTATE='1'
HAVE_DECL_SNPRINTF='1'
HAVE_DECL_STRDUP='1'
HAVE_DECL_STRERROR_R='1'
HAVE_DECL_STRNDUP='1'
HAVE_DECL_STRNLEN='1'
HAVE_DECL_STRSIGNAL='1'
HAVE_DECL_STRTOIMAX='1'
HAVE_DECL_STRTOK_R='1'
HAVE_DECL_STRTOUMAX='1'
HAVE_DECL_TRUNCATE='1'
HAVE_DECL_TTYNAME_R='1'
HAVE_DECL_UNSETENV='1'
HAVE_DECL_VSNPRINTF='1'
HAVE_DECL_WCSDUP='1'
HAVE_DECL_WCTOB='1'
HAVE_DECL_WCWIDTH='1'
HAVE_DPRINTF='1'
HAVE_DUP3='1'
HAVE_ERROR='1'
HAVE_ERROR_AT_LINE='1'
HAVE_ERROR_H='1'
HAVE_EUIDACCESS='1'
HAVE_EXECVPE='1'
HAVE_EXPLICIT_BZERO='1'
HAVE_FACCESSAT='1'
HAVE_FCHDIR='1'
HAVE_FCHMODAT='1'
HAVE_FCHOWNAT='1'
HAVE_FCNTL='1'
HAVE_FDATASYNC='1'
HAVE_FEATURES_H='1'
HAVE_FFSL='1'
HAVE_FFSLL='1'
HAVE_FSEEKO='1'
HAVE_FSTATAT='1'
HAVE_FSYNC='1'
HAVE_FTELLO='1'
HAVE_FTRUNCATE='1'
HAVE_FUTIMENS='1'
HAVE_GETDTABLESIZE='1'
HAVE_GETENTROPY='1'
HAVE_GETGROUPS='1'
HAVE_GETHOSTNAME='1'
HAVE_GETLOGIN='1'
HAVE_GETPAGESIZE='1'
HAVE_GETPASS='1'
HAVE_GETPROGNAME='0'
HAVE_GETSUBOPT='1'
HAVE_GETUMASK='1'
HAVE_GRANTPT='1'
HAVE_GROUP_MEMBER='1'
HAVE_IMAXABS='1'
HAVE_IMAXDIV='1'
HAVE_IMAXDIV_T='1'
HAVE_INITSTATE='1'
HAVE_INTTYPES_H='1'
HAVE_LCHMOD='1'
HAVE_LCHOWN='1'
HAVE_LINK='1'
HAVE_LINKAT='1'
HAVE_LSTAT='1'
HAVE_MAX_ALIGN_T='1'
HAVE_MBRLEN='1'
HAVE_MBRTOWC='1'
HAVE_MBSINIT='1'
HAVE_MBSLEN='0'
HAVE_MBSNRTOWCS='1'
HAVE_MBSRTOWCS='1'
HAVE_MBTOWC='1'
HAVE_MEMPCPY='1'
HAVE_MEMSET_EXPLICIT='1'
HAVE_MKDIRAT='1'
HAVE_MKDTEMP='1'
HAVE_MKFIFO='1'
HAVE_MKFIFOAT='1'
HAVE_MKNOD='1'
HAVE_MKNODAT='1'
HAVE_MKOSTEMP='1'
HAVE_MKOSTEMPS='1'
HAVE_MKSTEMP='1'
HAVE_MKSTEMPS='1'
HAVE_MSVC_INVALID_PARAMETER_HANDLER='0'
HAVE_NANOSLEEP='1'
HAVE_OPENAT='1'
HAVE_OS_H='0'
HAVE_PCLOSE='1'
HAVE_PIPE2='1'
HAVE_PIPE='1'
HAVE_POPEN='1'
HAVE_POSIX_MEMALIGN='1'
HAVE_POSIX_OPENPT='1'
HAVE_PREAD='1'
HAVE_PTSNAME='1'
HAVE_PTSNAME_R='1'
HAVE_PWRITE='1'
HAVE_QSORT_R='1'
HAVE_RANDOM='1'
HAVE_RANDOM_H='1'
HAVE_RANDOM_R='1'
HAVE_RAWMEMCHR='1'
HAVE_READLINK='1'
HAVE_READLINKAT='1'
HAVE_REALLOCARRAY='1'
HAVE_REALPATH='1'
HAVE_RENAMEAT='1'
HAVE_RPMATCH='1'
HAVE_SECURE_GETENV='1'
HAVE_SETENV='1'
HAVE_SETHOSTNAME='1'
HAVE_SETSTATE='1'
HAVE_SIGABBREV_NP='1'
HAVE_SIGDESCR_NP='1'
HAVE_SIGNED_SIG_ATOMIC_T=''
HAVE_SIGNED_WCHAR_T=''
HAVE_SIGNED_WINT_T=''
HAVE_SLEEP='1'
HAVE_STDINT_H='1'
HAVE_STPCPY='1'
HAVE_STPNCPY='1'
HAVE_STRCASESTR='1'
HAVE_STRCHRNUL='1'
HAVE_STRERRORNAME_NP='1'
HAVE_STRPBRK='1'
HAVE_STRPTIME='1'
HAVE_STRSEP='1'
HAVE_STRTOD='1'
HAVE_STRTOL='1'
HAVE_STRTOLD='1'
HAVE_STRTOLL='1'
HAVE_STRTOUL='1'
HAVE_STRTOULL='1'
HAVE_STRUCT_RANDOM_DATA='1'
HAVE_STRVERSCMP='1'
HAVE_SYMLINK='1'
HAVE_SYMLINKAT='1'
HAVE_SYS_BITYPES_H='0'
HAVE_SYS_INTTYPES_H='0'
HAVE_SYS_LOADAVG_H='0'
HAVE_SYS_PARAM_H='0'
HAVE_SYS_TYPES_H='1'
HAVE_TIMEGM='1'
HAVE_TIMESPEC_GET='1'
HAVE_TIMESPEC_GETRES='1'
HAVE_TIMEZONE_T='0'
HAVE_UNISTD_H='1'
HAVE_UNLINKAT='1'
HAVE_UNLOCKPT='1'
HAVE_USLEEP='1'
HAVE_UTIMENSAT='1'
HAVE_VASPRINTF='1'
HAVE_VDPRINTF='1'
HAVE_WCHAR_H='1'
HAVE_WCHAR_T='1'
HAVE_WCPCPY='1'
HAVE_WCPNCPY='1'
HAVE_WCRTOMB='1'
HAVE_WCSCASECMP='1'
HAVE_WCSCAT='1'
HAVE_WCSCHR='1'
HAVE_WCSCMP='1'
HAVE_WCSCOLL='1'
HAVE_WCSCPY='1'
HAVE_WCSCSPN='1'
HAVE_WCSDUP='1'
HAVE_WCSFTIME='1'
HAVE_WCSLEN='1'
HAVE_WCSNCASECMP='1'
HAVE_WCSNCAT='1'
HAVE_WCSNCMP='1'
HAVE_WCSNCPY='1'
HAVE_WCSNLEN='1'
HAVE_WCSNRTOMBS='1'
HAVE_WCSPBRK='1'
HAVE_WCSRCHR='1'
HAVE_WCSRTOMBS='1'
HAVE_WCSSPN='1'
HAVE_WCSSTR='1'
HAVE_WCSTOK='1'
HAVE_WCSWIDTH='1'
HAVE_WCSXFRM='1'
HAVE_WINSOCK2_H='0'
HAVE_WINT_T='1'
HAVE_WMEMCHR='1'
HAVE_WMEMCMP='1'
HAVE_WMEMCPY='1'
HAVE_WMEMMOVE='1'
HAVE_WMEMPCPY='1'
HAVE_WMEMSET='1'
HAVE__EXIT='1'
IMPRIMATUR_COND_DIST_INFO_FALSE=''
IMPRIMATUR_COND_DIST_INFO_TRUE='#'
IMPRIMATUR_COND_FRENCHSPACING_FALSE=''
IMPRIMATUR_COND_FRENCHSPACING_TRUE='#'
IMPRIMATUR_COND_MAKEDOC_FALSE=''
IMPRIMATUR_COND_MAKEDOC_TRUE='#'
IMPRIMATUR_MAKEINFOFLAGS='-I $(top_srcdir)/doc/imprimatur -D $(RENDITION)'
IMPRIMATUR_MODULE_DIR='doc/imprimatur'
INCLUDE_NEXT='include_next'
INCLUDE_NEXT_AS_FIRST_DIRECTIVE='include_next'
INSTALL_DATA='${INSTALL} -m 644'
INSTALL_PROGRAM='${INSTALL}'
INSTALL_SCRIPT='${INSTALL}'
INSTALL_STRIP_PROGRAM='$(install_sh) -c -s'
INT32_MAX_LT_INTMAX_MAX='1'
INT64_MAX_EQ_LONG_MAX='defined _LP64'
INTLLIBS=''
INTL_MACOSX_LIBS=''
LC_COLLATE_IMPLEMENTED='true'
LC_MONETARY_IMPLEMENTED='true'
LC_NUMERIC_IMPLEMENTED='true'
LC_TIME_IMPLEMENTED='true'
LDFLAGS=''
LEX=':'
LEXLIB=''
LEX_OUTPUT_ROOT=''
LIBGNU_LIBDEPS=''
LIBGNU_LTLIBDEPS=''
LIBICONV=''
LIBINTL=''
LIBOBJS=''
LIBS=''
LIMITS_H='limits.h'
LOCALE_FR_UTF8='none'
LOCALE_JA='none'
LOCALE_ZH_CN='none'
LTLIBICONV=''
LTLIBINTL=''
LTLIBOBJS=''
MAKEINFO='${SHELL} '\''/root/SmartC2Rust/program/cflow-1.8/build-aux/missing'\'' makeinfo'
MKDIR_P='/usr/bin/mkdir -p'
MSGFMT=':'
MSGFMT_015=':'
MSGMERGE=':'
NEXT_ASSERT_H=''
NEXT_AS_FIRST_DIRECTIVE_ASSERT_H=''
NEXT_AS_FIRST_DIRECTIVE_ERRNO_H=''
NEXT_AS_FIRST_DIRECTIVE_ERROR_H='<error.h>'
NEXT_AS_FIRST_DIRECTIVE_FCNTL_H='<fcntl.h>'
NEXT_AS_FIRST_DIRECTIVE_FLOAT_H=''
NEXT_AS_FIRST_DIRECTIVE_INTTYPES_H='<inttypes.h>'
NEXT_AS_FIRST_DIRECTIVE_LIMITS_H='<limits.h>'
NEXT_AS_FIRST_DIRECTIVE_STDDEF_H='<stddef.h>'
NEXT_AS_FIRST_DIRECTIVE_STDINT_H='<stdint.h>'
NEXT_AS_FIRST_DIRECTIVE_STDIO_H='<stdio.h>'
NEXT_AS_FIRST_DIRECTIVE_STDLIB_H='<stdlib.h>'
NEXT_AS_FIRST_DIRECTIVE_STRING_H='<string.h>'
NEXT_AS_FIRST_DIRECTIVE_SYS_STAT_H='<sys/stat.h>'
NEXT_AS_FIRST_DIRECTIVE_SYS_TYPES_H='<sys/types.h>'
NEXT_AS_FIRST_DIRECTIVE_TIME_H='<time.h>'
NEXT_AS_FIRST_DIRECTIVE_UNISTD_H='<unistd.h>'
NEXT_AS_FIRST_DIRECTIVE_WCHAR_H='<wchar.h>'
NEXT_ERRNO_H=''
NEXT_ERROR_H='<error.h>'
NEXT_FCNTL_H='<fcntl.h>'
NEXT_FLOAT_H=''
NEXT_INTTYPES_H='<inttypes.h>'
NEXT_LIMITS_H='<limits.h>'
NEXT_STDDEF_H='<stddef.h>'
NEXT_STDINT_H='<stdint.h>'
NEXT_STDIO_H='<stdio.h>'
NEXT_STDLIB_H='<stdlib.h>'
NEXT_STRING_H='<string.h>'
NEXT_SYS_STAT_H='<sys/stat.h>'
NEXT_SYS_TYPES_H='<sys/types.h>'
NEXT_TIME_H='<time.h>'
NEXT_UNISTD_H='<unistd.h>'
NEXT_WCHAR_H='<wchar.h>'
OBJEXT='o'
OBSTACK_H='obstack.h'
PACKAGE='cflow'
PACKAGE_BUGREPORT='bug-cflow@gnu.org'
PACKAGE_NAME='GNU cflow'
PACKAGE_STRING='GNU cflow 1.8'
PACKAGE_TARNAME='cflow'
PACKAGE_URL='http://www.gnu.org/software/cflow'
PACKAGE_VERSION='1.8'
PATH_SEPARATOR=':'
POSUB='po'
PRAGMA_COLUMNS=''
PRAGMA_SYSTEM_HEADER='#pragma GCC system_header'
PRIPTR_PREFIX='__PRIPTR_PREFIX'
PTHREAD_H_DEFINES_STRUCT_TIMESPEC='0'
PTRDIFF_T_SUFFIX=''
RANLIB='ranlib'
RENDITION='DISTRIB'
REPLACE_ACCESS='0'
REPLACE_ALIGNED_ALLOC='0'
REPLACE_BTOWC='0'
REPLACE_CALLOC_FOR_CALLOC_GNU='0'
REPLACE_CALLOC_FOR_CALLOC_POSIX='0'
REPLACE_CANONICALIZE_FILE_NAME='0'
REPLACE_CHMOD='0'
REPLACE_CHOWN='0'
REPLACE_CLOSE='0'
REPLACE_COPY_FILE_RANGE='0'
REPLACE_CREAT='0'
REPLACE_CTIME='0'
REPLACE_DPRINTF='0'
REPLACE_DUP2='0'
REPLACE_DUP3='0'
REPLACE_DUP='0'
REPLACE_ERROR='0'
REPLACE_ERROR_AT_LINE='0'
REPLACE_EXECL='0'
REPLACE_EXECLE='0'
REPLACE_EXECLP='0'
REPLACE_EXECV='0'
REPLACE_EXECVE='0'
REPLACE_EXECVP='0'
REPLACE_EXECVPE='0'
REPLACE_FACCESSAT='0'
REPLACE_FCHDIR='0'
REPLACE_FCHMODAT='0'
REPLACE_FCHOWNAT='0'
REPLACE_FCLOSE='0'
REPLACE_FCNTL='1'
REPLACE_FDATASYNC='0'
REPLACE_FDOPEN='0'
REPLACE_FFLUSH='0'
REPLACE_FFSLL='0'
REPLACE_FOPEN='0'
REPLACE_FOPEN_FOR_FOPEN_GNU='0'
REPLACE_FPRINTF='0'
REPLACE_FPURGE='0'
REPLACE_FREE='0'
REPLACE_FREOPEN='0'
REPLACE_FSEEK='0'
REPLACE_FSEEKO='0'
REPLACE_FSTAT='0'
REPLACE_FSTATAT='0'
REPLACE_FTELL='0'
REPLACE_FTELLO='0'
REPLACE_FTRUNCATE='0'
REPLACE_FUTIMENS='0'
REPLACE_GETCWD='0'
REPLACE_GETDELIM='0'
REPLACE_GETDOMAINNAME='0'
REPLACE_GETDTABLESIZE='0'
REPLACE_GETENTROPY='0'
REPLACE_GETGROUPS='0'
REPLACE_GETLINE='0'
REPLACE_GETLOADAVG='0'
REPLACE_GETLOGIN_R='0'
REPLACE_GETPAGESIZE='0'
REPLACE_GETPASS='0'
REPLACE_GETPASS_FOR_GETPASS_GNU='0'
REPLACE_GETPROGNAME='0'
REPLACE_GETSUBOPT='0'
REPLACE_GMTIME='0'
REPLACE_IMAXABS='0'
REPLACE_IMAXDIV='0'
REPLACE_INITSTATE='0'
REPLACE_ISATTY='0'
REPLACE_ITOLD='0'
REPLACE_LCHOWN='0'
REPLACE_LINK='0'
REPLACE_LINKAT='0'
REPLACE_LOCALTIME='0'
REPLACE_LOCALTIME_R='0'
REPLACE_LSEEK='0'
REPLACE_LSTAT='0'
REPLACE_MALLOC_FOR_MALLOC_GNU='0'
REPLACE_MALLOC_FOR_MALLOC_POSIX='0'
REPLACE_MBRLEN='0'
REPLACE_MBRTOWC='0'
REPLACE_MBSINIT='0'
REPLACE_MBSNRTOWCS='0'
REPLACE_MBSRTOWCS='0'
REPLACE_MBSTATE_T='0'
REPLACE_MBSTOWCS='0'
REPLACE_MBTOWC='0'
REPLACE_MB_CUR_MAX='0'
REPLACE_MEMCHR='0'
REPLACE_MEMMEM='0'
REPLACE_MEMPCPY='0'
REPLACE_MKDIR='0'
REPLACE_MKFIFO='0'
REPLACE_MKFIFOAT='0'
REPLACE_MKNOD='0'
REPLACE_MKNODAT='0'
REPLACE_MKOSTEMP='0'
REPLACE_MKOSTEMPS='0'
REPLACE_MKSTEMP='0'
REPLACE_MKTIME='0'
REPLACE_NANOSLEEP='0'
REPLACE_NULL='0'
REPLACE_OBSTACK='1'
REPLACE_OBSTACK_PRINTF='0'
REPLACE_OPEN='0'
REPLACE_OPENAT='0'
REPLACE_PERROR='0'
REPLACE_PIPE2='0'
REPLACE_POPEN='0'
REPLACE_POSIX_MEMALIGN='0'
REPLACE_POSIX_OPENPT='0'
REPLACE_PREAD='0'
REPLACE_PRINTF='0'
REPLACE_PTSNAME='0'
REPLACE_PTSNAME_R='0'
REPLACE_PUTENV='0'
REPLACE_PWRITE='0'
REPLACE_QSORT_R='0'
REPLACE_RAND='0'
REPLACE_RANDOM='0'
REPLACE_RANDOM_R='0'
REPLACE_READ='0'
REPLACE_READLINK='0'
REPLACE_READLINKAT='0'
REPLACE_REALLOCARRAY='0'
REPLACE_REALLOC_FOR_REALLOC_GNU='0'
REPLACE_REALLOC_FOR_REALLOC_POSIX='0'
REPLACE_REALPATH='0'
REPLACE_REMOVE='0'
REPLACE_RENAME='0'
REPLACE_RENAMEAT='0'
REPLACE_RMDIR='0'
REPLACE_SETENV='0'
REPLACE_SETHOSTNAME='0'
REPLACE_SETSTATE='0'
REPLACE_SLEEP='0'
REPLACE_SNPRINTF='0'
REPLACE_SPRINTF='0'
REPLACE_STAT='0'
REPLACE_STDIO_READ_FUNCS='0'
REPLACE_STDIO_WRITE_FUNCS='0'
REPLACE_STPCPY='0'
REPLACE_STPNCPY='0'
REPLACE_STRCASESTR='0'
REPLACE_STRCHRNUL='0'
REPLACE_STRDUP='0'
REPLACE_STRERROR='0'
REPLACE_STRERRORNAME_NP='0'
REPLACE_STRERROR_R='0'
REPLACE_STRFTIME='0'
REPLACE_STRNCAT='0'
REPLACE_STRNDUP='0'
REPLACE_STRNLEN='0'
REPLACE_STRSIGNAL='0'
REPLACE_STRSTR='0'
REPLACE_STRTOD='0'
REPLACE_STRTOIMAX='0'
REPLACE_STRTOK_R='0'
REPLACE_STRTOL='0'
REPLACE_STRTOLD='0'
REPLACE_STRTOLL='0'
REPLACE_STRTOUL='0'
REPLACE_STRTOULL='0'
REPLACE_STRTOUMAX='0'
REPLACE_SYMLINK='0'
REPLACE_SYMLINKAT='0'
REPLACE_TIME='0'
REPLACE_TIMEGM='0'
REPLACE_TIMESPEC_GET='0'
REPLACE_TMPFILE='0'
REPLACE_TRUNCATE='0'
REPLACE_TTYNAME_R='0'
REPLACE_TZSET='0'
REPLACE_UNLINK='0'
REPLACE_UNLINKAT='0'
REPLACE_UNSETENV='0'
REPLACE_USLEEP='0'
REPLACE_UTIMENSAT='0'
REPLACE_VASPRINTF='0'
REPLACE_VDPRINTF='0'
REPLACE_VFPRINTF='0'
REPLACE_VPRINTF='0'
REPLACE_VSNPRINTF='0'
REPLACE_VSPRINTF='0'
REPLACE_WCRTOMB='0'
REPLACE_WCSCMP='0'
REPLACE_WCSFTIME='0'
REPLACE_WCSNCMP='0'
REPLACE_WCSNRTOMBS='0'
REPLACE_WCSRTOMBS='0'
REPLACE_WCSSTR='0'
REPLACE_WCSTOK='0'
REPLACE_WCSWIDTH='0'
REPLACE_WCTOB='0'
REPLACE_WCTOMB='0'
REPLACE_WCWIDTH='0'
REPLACE_WMEMCMP='0'
REPLACE_WMEMPCPY='0'
REPLACE_WRITE='0'
REPLACE__EXIT='0'
SED='/usr/bin/sed'
SET_MAKE=''
SHELL='/bin/bash'
SIG_ATOMIC_T_SUFFIX=''
SIZE_T_SUFFIX=''
STDCKDINT_H='stdckdint.h'
STDDEF_H='stddef.h'
STDINT_H=''
STRIP=''
SYS_TIME_H_DEFINES_STRUCT_TIMESPEC='0'
TIME_H_DEFINES_STRUCT_TIMESPEC='1'
TIME_H_DEFINES_TIME_UTC='1'
UINT32_MAX_LT_UINTMAX_MAX='1'
UINT64_MAX_EQ_ULONG_MAX='defined _LP64'
UNDEFINE_STRTOK_R='0'
UNISTD_H_DEFINES_STRUCT_TIMESPEC='0'
UNISTD_H_HAVE_SYS_RANDOM_H='0'
UNISTD_H_HAVE_WINSOCK2_H='0'
UNISTD_H_HAVE_WINSOCK2_H_AND_USE_SOCKETS='0'
USE_NLS='yes'
VERSION='1.8'
WCHAR_T_SUFFIX=''
WINDOWS_64_BIT_OFF_T='0'
WINDOWS_64_BIT_ST_SIZE='0'
WINDOWS_STAT_INODES='0'
WINDOWS_STAT_TIMESPEC='0'
WINT_T_SUFFIX=''
XGETTEXT=':'
XGETTEXT_015=':'
XGETTEXT_EXTRA_OPTIONS=' --flag=error:3:c-format --flag=error_at_line:5:c-format'
ac_ct_CC='gcc'
am__EXEEXT_FALSE=''
am__EXEEXT_TRUE='#'
am__fastdepCC_FALSE='#'
am__fastdepCC_TRUE=''
am__include='include'
am__isrc=''
am__leading_dot='.'
am__nodep='_no'
am__quote=''
am__tar='tar --format=ustar -chf - "$$tardir"'
am__untar='tar -xf -'
bindir='${exec_prefix}/bin'
build='aarch64-unknown-linux-gnu'
build_alias=''
build_cpu='aarch64'
build_os='linux-gnu'
build_vendor='unknown'
datadir='${datarootdir}'
datarootdir='${prefix}/share'
docdir='${datarootdir}/doc/${PACKAGE_TARNAME}'
dvidir='${docdir}'
exec_prefix='${prefix}'
gl_LIBOBJDEPS=' ./$(DEPDIR)/asnprintf.Po ./$(DEPDIR)/printf-args.Po ./$(DEPDIR)/printf-parse.Po ./$(DEPDIR)/vasnprintf.Po'
gl_LIBOBJS=' asnprintf.o printf-args.o printf-parse.o vasnprintf.o'
gl_LTLIBOBJS=' asnprintf.lo printf-args.lo printf-parse.lo vasnprintf.lo'
gltests_LIBOBJDEPS=''
gltests_LIBOBJS=''
gltests_LTLIBOBJS=''
gltests_WITNESS='IN_CFLOW_GNULIB_TESTS'
host='aarch64-unknown-linux-gnu'
host_alias=''
host_cpu='aarch64'
host_os='linux-gnu'
host_vendor='unknown'
htmldir='${docdir}'
includedir='${prefix}/include'
infodir='${datarootdir}/info'
install_sh='${SHELL} /root/SmartC2Rust/program/cflow-1.8/build-aux/install-sh'
libdir='${exec_prefix}/lib'
libexecdir='${exec_prefix}/libexec'
lispdir='${datadir}/emacs/site-lisp'
localedir='${datarootdir}/locale'
localstatedir='${prefix}/var'
mandir='${datarootdir}/man'
mkdir_p='$(MKDIR_P)'
oldincludedir='/usr/include'
pdfdir='${docdir}'
prefix='/usr/local'
program_transform_name='s,x,x,'
psdir='${docdir}'
runstatedir='${localstatedir}/run'
sbindir='${exec_prefix}/sbin'
sharedstatedir='${prefix}/com'
sysconfdir='${prefix}/etc'
target_alias=''

## ----------- ##
## confdefs.h. ##
## ----------- ##

/* confdefs.h */
#define PACKAGE_NAME "GNU cflow"
#define PACKAGE_TARNAME "cflow"
#define PACKAGE_VERSION "1.8"
#define PACKAGE_STRING "GNU cflow 1.8"
#define PACKAGE_BUGREPORT "bug-cflow@gnu.org"
#define PACKAGE_URL "http://www.gnu.org/software/cflow"
#define PACKAGE "cflow"
#define VERSION "1.8"
#define HAVE_STDIO_H 1
#define HAVE_STDLIB_H 1
#define HAVE_STRING_H 1
#define HAVE_INTTYPES_H 1
#define HAVE_STDINT_H 1
#define HAVE_STRINGS_H 1
#define HAVE_SYS_STAT_H 1
#define HAVE_SYS_TYPES_H 1
#define HAVE_UNISTD_H 1
#define HAVE_WCHAR_H 1
#define HAVE_SYS_SOCKET_H 1
#define HAVE_ERROR_H 1
#define HAVE_LIMITS_H 1
#define HAVE_SYS_MMAN_H 1
#define HAVE_OBSTACK_H 1
#define HAVE_SYS_PARAM_H 1
#define HAVE_SYS_TIME_H 1
#define HAVE_STDBOOL_H 1
#define HAVE_FEATURES_H 1
#define STDC_HEADERS 1
#define _ALL_SOURCE 1
#define _DARWIN_C_SOURCE 1
#define _GNU_SOURCE 1
#define _HPUX_ALT_XOPEN_SOCKET_API 1
#define _NETBSD_SOURCE 1
#define _OPENBSD_SOURCE 1
#define _POSIX_PTHREAD_SEMANTICS 1
#define __STDC_WANT_IEC_60559_ATTRIBS_EXT__ 1
#define __STDC_WANT_IEC_60559_BFP_EXT__ 1
#define __STDC_WANT_IEC_60559_DFP_EXT__ 1
#define __STDC_WANT_IEC_60559_EXT__ 1
#define __STDC_WANT_IEC_60559_FUNCS_EXT__ 1
#define __STDC_WANT_IEC_60559_TYPES_EXT__ 1
#define __STDC_WANT_LIB_EXT2__ 1
#define __STDC_WANT_MATH_SPEC_FUNCS__ 1
#define _TANDEM_SOURCE 1
#define __EXTENSIONS__ 1
#define __USE_MINGW_ANSI_STDIO 1
#define HAVE_ALLOCA_H 1
#define HAVE_ALLOCA 1
#define HAVE_MALLOC_POSIX 1
#define HAVE_FCNTL 1
#define HAVE_SYMLINK 1
#define HAVE_GETDTABLESIZE 1
#define HAVE_MBSINIT 1
#define HAVE_MBRTOWC 1
#define HAVE_MPROTECT 1
#define HAVE_LSTAT 1
#define HAVE_SNPRINTF 1
#define HAVE_ERROR 1
#define HAVE_DECL_STRERROR_R 1
#define HAVE_STRERROR_R 1
#define STRERROR_R_CHAR_P 1
#define HAVE_WORKING_O_NOATIME 1
#define HAVE_WORKING_O_NOFOLLOW 1
#define restrict __restrict__
#define HAVE_DECL_GETDTABLESIZE 1
#define HAVE_WINT_T 1
#define HAVE_LONG_LONG_INT 1
#define HAVE_UNSIGNED_LONG_LONG_INT 1
#define MALLOC_0_IS_NONNULL 1
#define HAVE_MBSTATE_T 1
#define HAVE_LANGINFO_CODESET 1
#define HAVE_MAP_ANONYMOUS 1
#define HAVE_MINMAX_IN_SYS_PARAM_H 1
#define PROMOTED_MODE_T mode_t
#define HAVE_DECL_SNPRINTF 1
#define HAVE_WCHAR_T 1
#define HAVE_DECL_FCLOSEALL 1
#define HAVE_DECL_GETW 1
#define HAVE_DECL_PUTW 1
#define HAVE_DECL_ECVT 1
#define HAVE_DECL_FCVT 1
#define HAVE_DECL_GCVT 1
#define _USE_STD_STAT 1
#define HAVE_DECL_EXECVPE 1
#define HAVE_INTTYPES_H_WITH_UINTMAX 1
#define HAVE_STDINT_H_WITH_UINTMAX 1
#define HAVE_INTMAX_T 1
#define DBL_EXPBIT0_WORD 1
#define DBL_EXPBIT0_BIT 20
#define HAVE_WCSLEN 1
#define HAVE_SNPRINTF 1
#define HAVE_STRNLEN 1
#define HAVE_WCRTOMB 1
#define HAVE_DECL__SNPRINTF 0
#define HAVE_SNPRINTF_RETVAL_C99 1
#define HAVE_SNPRINTF_TRUNCATION_C99 1
#define HAVE_DECL_WCSDUP 1
#define HAVE_ALLOCA 1
#define GNULIB_TEST_CALLOC_GNU 1
#define GNULIB_TEST_CALLOC_POSIX 1
#define GNULIB_TEST_CLOEXEC 1
#define GNULIB_TEST_CLOSE 1
#define GNULIB_TEST_DUP2 1
#define GNULIB_TEST_FCNTL 1
#define HAVE_FREE_POSIX 1
#define GNULIB_TEST_FREE_POSIX 1
#define GNULIB_TEST_FSTAT 1
#define GNULIB_TEST_GETDTABLESIZE 1
#define HAVE_DECL_PROGRAM_INVOCATION_NAME 1
#define HAVE_DECL_PROGRAM_INVOCATION_NAME 1
#define HAVE_DECL_PROGRAM_INVOCATION_SHORT_NAME 1
#define HAVE_DECL___ARGV 0
#define GNULIB_TEST_GETPROGNAME 1
#define GNULIB_TEST_MALLOC_GNU 1
#define GNULIB_TEST_MALLOC_POSIX 1
#define GNULIB_TEST_MBSZERO 1
#define GNULIB_TEST_MEMCHR 1
#define GNULIB_MSVC_NOTHROW 1
#define GNULIB_TEST_OPEN 1
#define HAVE_DECL_PROGRAM_INVOCATION_NAME 1
#define HAVE_DECL_PROGRAM_INVOCATION_SHORT_NAME 1
#define GNULIB_TEST_REALLOC_GNU 1
#define GNULIB_TEST_REALLOC_POSIX 1
#define HAVE_REALLOCARRAY 1
#define GNULIB_REALLOCARRAY 1
#define GNULIB_TEST_REALLOCARRAY 1
#define HAVE_STDINT_H 1
#define HAVE_SNPRINTF 1
#define GNULIB_TEST_SNPRINTF 1
#define GNULIB_SNPRINTF 1
#define GNULIB_TEST_STAT 1
#define HAVE_STRUCT_STAT_ST_ATIM_TV_NSEC 1
#define TYPEOF_STRUCT_STAT_ST_ATIM_IS_STRUCT_TIMESPEC 1
#define GNULIB_TEST_FSCANF 1
#define GNULIB_FSCANF 1
#define GNULIB_TEST_SCANF 1
#define GNULIB_SCANF 1
#define GNULIB_TEST_FGETC 1
#define GNULIB_TEST_GETC 1
#define GNULIB_TEST_GETCHAR 1
#define GNULIB_TEST_FGETS 1
#define GNULIB_TEST_FREAD 1
#define GNULIB_TEST_FPRINTF 1
#define GNULIB_TEST_PRINTF 1
#define GNULIB_TEST_VFPRINTF 1
#define GNULIB_TEST_VPRINTF 1
#define GNULIB_TEST_FPUTC 1
#define GNULIB_TEST_PUTC 1
#define GNULIB_TEST_PUTCHAR 1
#define GNULIB_TEST_FPUTS 1
#define GNULIB_TEST_PUTS 1
#define GNULIB_TEST_FWRITE 1
#define GNULIB_STRERROR 1
#define GNULIB_TEST_STRERROR 1
#define HAVE_C_VARARRAYS 1
#define GNULIB_XALLOC 1
#define GNULIB_XALLOC_DIE 1
#define HAVE_STDINT_H 1
#define HAVE_ICONV 1
#define ICONV_CONST 
#define ENABLE_NLS 1
#define HAVE_GETTEXT 1
#define HAVE_DCGETTEXT 1

configure: exit 0

## ---------------------- ##
## Running config.status. ##
## ---------------------- ##

This file was extended by GNU cflow config.status 1.8, which was
generated by GNU Autoconf 2.71.  Invocation command line was

  CONFIG_FILES    = 
  CONFIG_HEADERS  = 
  CONFIG_LINKS    = 
  CONFIG_COMMANDS = 
  $ ./config.status 

on 507814d1595f

config.status:1982: creating doc/imprimatur/Makefile
config.status:1982: creating tests/Makefile
config.status:1982: creating tests/atlocal
config.status:1982: creating Makefile
config.status:1982: creating gnu/Makefile
config.status:1982: creating src/Makefile
config.status:1982: creating elisp/Makefile
config.status:1982: creating po/Makefile.in
config.status:1982: creating doc/Makefile
config.status:1982: creating config.h
config.status:2163: config.h is unchanged
config.status:2211: executing depfiles commands
config.status:2288: cd gnu       && sed -e '/# am--include-marker/d' Makefile         | make -f - am--depfiles
make[1]: Entering directory '/root/SmartC2Rust/program/cflow-1.8/gnu'
make[1]: Nothing to be done for 'am--depfiles'.
make[1]: Leaving directory '/root/SmartC2Rust/program/cflow-1.8/gnu'
config.status:2293: $? = 0
config.status:2288: cd src       && sed -e '/# am--include-marker/d' Makefile         | make -f - am--depfiles
make[1]: Entering directory '/root/SmartC2Rust/program/cflow-1.8/src'
make[1]: Nothing to be done for 'am--depfiles'.
make[1]: Leaving directory '/root/SmartC2Rust/program/cflow-1.8/src'
config.status:2293: $? = 0
config.status:2211: executing po-directories commands
config.status:2211: executing tests/atconfig commands

## ---------------------- ##
## Running config.status. ##
## ---------------------- ##

This file was extended by GNU cflow config.status 1.8, which was
generated by GNU Autoconf 2.71.  Invocation command line was

  CONFIG_FILES    = 
  CONFIG_HEADERS  = 
  CONFIG_LINKS    = 
  CONFIG_COMMANDS = 
  $ ./config.status config.h

on 507814d1595f

config.status:1982: creating config.h
config.status:2163: config.h is unchanged
