This file contains any messages produced by compilers while
running configure, to aid debugging if configure makes a mistake.

It was created by GNU Time configure 1.9, which was
generated by GNU Autoconf 2.71.  Invocation command line was

  $ ./configure

## --------- ##
## Platform. ##
## --------- ##

hostname = 507814d1595f
uname -m = aarch64
uname -r = 6.12.76-linuxkit
uname -s = Linux
uname -v = #1 SMP Sun Mar  8 14:41:59 UTC 2026

/usr/bin/uname -p = aarch64
/bin/uname -X     = unknown

/bin/arch              = aarch64
/usr/bin/arch -k       = unknown
/usr/convex/getsysinfo = unknown
/usr/bin/hostinfo      = unknown
/bin/machine           = unknown
/usr/bin/oslevel       = unknown
/bin/universe          = unknown

PATH: /root/SmartC2Rust/benchmark/time-1.9/
PATH: /root/.vscode-server/bin/072586267e68ece9a47aa43f8c108e0dcbf44622/bin/remote-cli/
PATH: /root/.cargo/bin/
PATH: /usr/local/sbin/
PATH: /usr/local/bin/
PATH: /usr/sbin/
PATH: /usr/bin/
PATH: /sbin/
PATH: /bin/


## ----------- ##
## Core tests. ##
## ----------- ##

configure:3289: looking for aux files: config.guess config.sub compile missing install-sh
configure:3302:  trying ./build-aux/
configure:3331:   ./build-aux/config.guess found
configure:3331:   ./build-aux/config.sub found
configure:3331:   ./build-aux/compile found
configure:3331:   ./build-aux/missing found
configure:3313:   ./build-aux/install-sh found
configure:3468: checking for a BSD-compatible install
configure:3541: result: /usr/bin/install -c
configure:3552: checking whether build environment is sane
configure:3607: result: yes
configure:3766: checking for a race-free mkdir -p
configure:3810: result: /usr/bin/mkdir -p
configure:3817: checking for gawk
configure:3852: result: no
configure:3817: checking for mawk
configure:3838: found /usr/bin/mawk
configure:3849: result: mawk
configure:3860: checking whether make sets $(MAKE)
configure:3883: result: yes
configure:3913: checking whether make supports nested variables
configure:3931: result: yes
configure:4083: checking whether make supports the include directive
configure:4098: make -f confmf.GNU && cat confinc.out
this is the am__doit target
configure:4101: $? = 0
configure:4120: result: yes (GNU style)
configure:4196: checking for gcc
configure:4228: result: clang
configure:4581: checking for C compiler version
configure:4590: clang --version >&5
Ubuntu clang version 14.0.0-1ubuntu1.1
Target: aarch64-unknown-linux-gnu
Thread model: posix
InstalledDir: /usr/bin
configure:4601: $? = 0
configure:4590: clang -v >&5
Ubuntu clang version 14.0.0-1ubuntu1.1
Target: aarch64-unknown-linux-gnu
Thread model: posix
InstalledDir: /usr/bin
Found candidate GCC installation: /usr/bin/../lib/gcc/aarch64-linux-gnu/11
Selected GCC installation: /usr/bin/../lib/gcc/aarch64-linux-gnu/11
Candidate multilib: .;@m64
Selected multilib: .;@m64
configure:4601: $? = 0
configure:4590: clang -V >&5
clang: error: argument to '-V' is missing (expected 1 value)
clang: error: no input files
configure:4601: $? = 1
configure:4590: clang -qversion >&5
clang: error: unknown argument '-qversion'; did you mean '--version'?
clang: error: no input files
configure:4601: $? = 1
configure:4590: clang -version >&5
clang: error: unknown argument '-version'; did you mean '--version'?
clang: error: no input files
configure:4601: $? = 1
configure:4621: checking whether the C compiler works
configure:4643: clang -finstrument-functions -g -gdwarf-4   conftest.c  >&5
configure:4647: $? = 0
configure:4697: result: yes
configure:4700: checking for C compiler default output file name
configure:4702: result: a.out
configure:4708: checking for suffix of executables
configure:4715: clang -o conftest -finstrument-functions -g -gdwarf-4   conftest.c  >&5
configure:4719: $? = 0
configure:4742: result: 
configure:4764: checking whether we are cross compiling
configure:4772: clang -o conftest -finstrument-functions -g -gdwarf-4   conftest.c  >&5
configure:4776: $? = 0
configure:4783: ./conftest
configure:4787: $? = 0
configure:4802: result: no
configure:4807: checking for suffix of object files
configure:4830: clang -c -finstrument-functions -g -gdwarf-4  conftest.c >&5
configure:4834: $? = 0
configure:4856: result: o
configure:4860: checking whether the compiler supports GNU C
configure:4880: clang -c -finstrument-functions -g -gdwarf-4  conftest.c >&5
configure:4880: $? = 0
configure:4890: result: yes
configure:4901: checking whether clang accepts -g
configure:4922: clang -c -g  conftest.c >&5
configure:4922: $? = 0
configure:4966: result: yes
configure:4986: checking for clang option to enable C11 features
configure:5001: clang  -c -finstrument-functions -g -gdwarf-4  conftest.c >&5
configure:5001: $? = 0
configure:5019: result: none needed
configure:5135: checking whether clang understands -c and -o together
configure:5158: clang -c conftest.c -o conftest2.o
configure:5161: $? = 0
configure:5158: clang -c conftest.c -o conftest2.o
configure:5161: $? = 0
configure:5173: result: yes
configure:5192: checking dependency style of clang
configure:5304: result: gcc3
configure:5324: checking for stdio.h
configure:5324: clang -c -finstrument-functions -g -gdwarf-4  conftest.c >&5
configure:5324: $? = 0
configure:5324: result: yes
configure:5324: checking for stdlib.h
configure:5324: clang -c -finstrument-functions -g -gdwarf-4  conftest.c >&5
configure:5324: $? = 0
configure:5324: result: yes
configure:5324: checking for string.h
configure:5324: clang -c -finstrument-functions -g -gdwarf-4  conftest.c >&5
configure:5324: $? = 0
configure:5324: result: yes
configure:5324: checking for inttypes.h
configure:5324: clang -c -finstrument-functions -g -gdwarf-4  conftest.c >&5
configure:5324: $? = 0
configure:5324: result: yes
configure:5324: checking for stdint.h
configure:5324: clang -c -finstrument-functions -g -gdwarf-4  conftest.c >&5
configure:5324: $? = 0
configure:5324: result: yes
configure:5324: checking for strings.h
configure:5324: clang -c -finstrument-functions -g -gdwarf-4  conftest.c >&5
configure:5324: $? = 0
configure:5324: result: yes
configure:5324: checking for sys/stat.h
configure:5324: clang -c -finstrument-functions -g -gdwarf-4  conftest.c >&5
configure:5324: $? = 0
configure:5324: result: yes
configure:5324: checking for sys/types.h
configure:5324: clang -c -finstrument-functions -g -gdwarf-4  conftest.c >&5
configure:5324: $? = 0
configure:5324: result: yes
configure:5324: checking for unistd.h
configure:5324: clang -c -finstrument-functions -g -gdwarf-4  conftest.c >&5
configure:5324: $? = 0
configure:5324: result: yes
configure:5324: checking for getopt.h
configure:5324: clang -c -finstrument-functions -g -gdwarf-4  conftest.c >&5
configure:5324: $? = 0
configure:5324: result: yes
configure:5324: checking for sys/cdefs.h
configure:5324: clang -c -finstrument-functions -g -gdwarf-4  conftest.c >&5
configure:5324: $? = 0
configure:5324: result: yes
configure:5324: checking for sys/time.h
configure:5324: clang -c -finstrument-functions -g -gdwarf-4  conftest.c >&5
configure:5324: $? = 0
configure:5324: result: yes
configure:5324: checking for sys/socket.h
configure:5324: clang -c -finstrument-functions -g -gdwarf-4  conftest.c >&5
configure:5324: $? = 0
configure:5324: result: yes
configure:5324: checking for limits.h
configure:5324: clang -c -finstrument-functions -g -gdwarf-4  conftest.c >&5
configure:5324: $? = 0
configure:5324: result: yes
configure:5324: checking for wchar.h
configure:5324: clang -c -finstrument-functions -g -gdwarf-4  conftest.c >&5
configure:5324: $? = 0
configure:5324: result: yes
configure:5324: checking for sys/resource.h
configure:5324: clang -c -finstrument-functions -g -gdwarf-4  conftest.c >&5
configure:5324: $? = 0
configure:5324: result: yes
configure:5324: checking for sys/wait.h
configure:5324: clang -c -finstrument-functions -g -gdwarf-4  conftest.c >&5
configure:5324: $? = 0
configure:5324: result: yes
configure:5350: checking for minix/config.h
configure:5350: clang -c -finstrument-functions -g -gdwarf-4  conftest.c >&5
conftest.c:57:10: fatal error: 'minix/config.h' file not found
#include <minix/config.h>
         ^~~~~~~~~~~~~~~~
1 error generated.
configure:5350: $? = 1
configure: failed program was:
| /* confdefs.h */
| #define PACKAGE_NAME "GNU Time"
| #define PACKAGE_TARNAME "time"
| #define PACKAGE_VERSION "1.9"
| #define PACKAGE_STRING "GNU Time 1.9"
| #define PACKAGE_BUGREPORT "bug-time@gnu.org"
| #define PACKAGE_URL "https://www.gnu.org/software/time/"
| #define PACKAGE "time"
| #define VERSION "1.9"
| #define HAVE_STDIO_H 1
| #define HAVE_STDLIB_H 1
| #define HAVE_STRING_H 1
| #define HAVE_INTTYPES_H 1
| #define HAVE_STDINT_H 1
| #define HAVE_STRINGS_H 1
| #define HAVE_SYS_STAT_H 1
| #define HAVE_SYS_TYPES_H 1
| #define HAVE_UNISTD_H 1
| #define HAVE_GETOPT_H 1
| #define HAVE_SYS_CDEFS_H 1
| #define HAVE_SYS_TIME_H 1
| #define HAVE_SYS_SOCKET_H 1
| #define HAVE_LIMITS_H 1
| #define HAVE_WCHAR_H 1
| #define HAVE_SYS_RESOURCE_H 1
| #define HAVE_SYS_WAIT_H 1
| #define STDC_HEADERS 1
| /* end confdefs.h.  */
| #include <stddef.h>
| #ifdef HAVE_STDIO_H
| # include <stdio.h>
| #endif
| #ifdef HAVE_STDLIB_H
| # include <stdlib.h>
| #endif
| #ifdef HAVE_STRING_H
| # include <string.h>
| #endif
| #ifdef HAVE_INTTYPES_H
| # include <inttypes.h>
| #endif
| #ifdef HAVE_STDINT_H
| # include <stdint.h>
| #endif
| #ifdef HAVE_STRINGS_H
| # include <strings.h>
| #endif
| #ifdef HAVE_SYS_TYPES_H
| # include <sys/types.h>
| #endif
| #ifdef HAVE_SYS_STAT_H
| # include <sys/stat.h>
| #endif
| #ifdef HAVE_UNISTD_H
| # include <unistd.h>
| #endif
| #include <minix/config.h>
configure:5350: result: no
configure:5374: checking whether it is safe to define __EXTENSIONS__
configure:5393: clang -c -finstrument-functions -g -gdwarf-4  conftest.c >&5
configure:5393: $? = 0
configure:5401: result: yes
configure:5434: checking whether _XOPEN_SOURCE should be defined
configure:5454: clang -c -finstrument-functions -g -gdwarf-4  conftest.c >&5
configure:5454: $? = 0
configure:5480: result: no
configure:5495: checking how to run the C preprocessor
configure:5521: clang -E  conftest.c
configure:5521: $? = 0
configure:5536: clang -E  conftest.c
conftest.c:45:10: fatal error: 'ac_nonexistent.h' file not found
#include <ac_nonexistent.h>
         ^~~~~~~~~~~~~~~~~~
1 error generated.
configure:5536: $? = 1
configure: failed program was:
| /* confdefs.h */
| #define PACKAGE_NAME "GNU Time"
| #define PACKAGE_TARNAME "time"
| #define PACKAGE_VERSION "1.9"
| #define PACKAGE_STRING "GNU Time 1.9"
| #define PACKAGE_BUGREPORT "bug-time@gnu.org"
| #define PACKAGE_URL "https://www.gnu.org/software/time/"
| #define PACKAGE "time"
| #define VERSION "1.9"
| #define HAVE_STDIO_H 1
| #define HAVE_STDLIB_H 1
| #define HAVE_STRING_H 1
| #define HAVE_INTTYPES_H 1
| #define HAVE_STDINT_H 1
| #define HAVE_STRINGS_H 1
| #define HAVE_SYS_STAT_H 1
| #define HAVE_SYS_TYPES_H 1
| #define HAVE_UNISTD_H 1
| #define HAVE_GETOPT_H 1
| #define HAVE_SYS_CDEFS_H 1
| #define HAVE_SYS_TIME_H 1
| #define HAVE_SYS_SOCKET_H 1
| #define HAVE_LIMITS_H 1
| #define HAVE_WCHAR_H 1
| #define HAVE_SYS_RESOURCE_H 1
| #define HAVE_SYS_WAIT_H 1
| #define STDC_HEADERS 1
| #define __EXTENSIONS__ 1
| #define _ALL_SOURCE 1
| #define _DARWIN_C_SOURCE 1
| #define _GNU_SOURCE 1
| #define _NETBSD_SOURCE 1
| #define _OPENBSD_SOURCE 1
| #define _POSIX_PTHREAD_SEMANTICS 1
| #define __STDC_WANT_IEC_60559_ATTRIBS_EXT__ 1
| #define __STDC_WANT_IEC_60559_BFP_EXT__ 1
| #define __STDC_WANT_IEC_60559_DFP_EXT__ 1
| #define __STDC_WANT_IEC_60559_FUNCS_EXT__ 1
| #define __STDC_WANT_IEC_60559_TYPES_EXT__ 1
| #define __STDC_WANT_LIB_EXT2__ 1
| #define __STDC_WANT_MATH_SPEC_FUNCS__ 1
| #define _TANDEM_SOURCE 1
| #define _HPUX_ALT_XOPEN_SOCKET_API 1
| /* end confdefs.h.  */
| #include <ac_nonexistent.h>
configure:5563: result: clang -E
configure:5577: clang -E  conftest.c
configure:5577: $? = 0
configure:5592: clang -E  conftest.c
conftest.c:45:10: fatal error: 'ac_nonexistent.h' file not found
#include <ac_nonexistent.h>
         ^~~~~~~~~~~~~~~~~~
1 error generated.
configure:5592: $? = 1
configure: failed program was:
| /* confdefs.h */
| #define PACKAGE_NAME "GNU Time"
| #define PACKAGE_TARNAME "time"
| #define PACKAGE_VERSION "1.9"
| #define PACKAGE_STRING "GNU Time 1.9"
| #define PACKAGE_BUGREPORT "bug-time@gnu.org"
| #define PACKAGE_URL "https://www.gnu.org/software/time/"
| #define PACKAGE "time"
| #define VERSION "1.9"
| #define HAVE_STDIO_H 1
| #define HAVE_STDLIB_H 1
| #define HAVE_STRING_H 1
| #define HAVE_INTTYPES_H 1
| #define HAVE_STDINT_H 1
| #define HAVE_STRINGS_H 1
| #define HAVE_SYS_STAT_H 1
| #define HAVE_SYS_TYPES_H 1
| #define HAVE_UNISTD_H 1
| #define HAVE_GETOPT_H 1
| #define HAVE_SYS_CDEFS_H 1
| #define HAVE_SYS_TIME_H 1
| #define HAVE_SYS_SOCKET_H 1
| #define HAVE_LIMITS_H 1
| #define HAVE_WCHAR_H 1
| #define HAVE_SYS_RESOURCE_H 1
| #define HAVE_SYS_WAIT_H 1
| #define STDC_HEADERS 1
| #define __EXTENSIONS__ 1
| #define _ALL_SOURCE 1
| #define _DARWIN_C_SOURCE 1
| #define _GNU_SOURCE 1
| #define _NETBSD_SOURCE 1
| #define _OPENBSD_SOURCE 1
| #define _POSIX_PTHREAD_SEMANTICS 1
| #define __STDC_WANT_IEC_60559_ATTRIBS_EXT__ 1
| #define __STDC_WANT_IEC_60559_BFP_EXT__ 1
| #define __STDC_WANT_IEC_60559_DFP_EXT__ 1
| #define __STDC_WANT_IEC_60559_FUNCS_EXT__ 1
| #define __STDC_WANT_IEC_60559_TYPES_EXT__ 1
| #define __STDC_WANT_LIB_EXT2__ 1
| #define __STDC_WANT_MATH_SPEC_FUNCS__ 1
| #define _TANDEM_SOURCE 1
| #define _HPUX_ALT_XOPEN_SOCKET_API 1
| /* end confdefs.h.  */
| #include <ac_nonexistent.h>
configure:5623: checking for grep that handles long lines and -e
configure:5687: result: /usr/bin/grep
configure:5692: checking for egrep
configure:5760: result: /usr/bin/grep -E
configure:5766: checking whether clang needs -traditional
configure:5803: result: no
configure:5811: checking for inline
configure:5828: clang -c -finstrument-functions -g -gdwarf-4  conftest.c >&5
configure:5828: $? = 0
configure:5837: result: inline
configure:5868: checking for Minix Amsterdam compiler
configure:5894: result: no
configure:5956: checking for ar
configure:5977: found /usr/bin/ar
configure:5988: result: ar
configure:6068: checking for ranlib
configure:6089: found /usr/bin/ranlib
configure:6100: result: ranlib
configure:6216: checking build system type
configure:6231: result: aarch64-unknown-linux-gnu
configure:6251: checking host system type
configure:6265: result: aarch64-unknown-linux-gnu
configure:6287: checking whether // is distinct from /
configure:6317: result: no
configure:6327: checking whether the preprocessor supports include_next
configure:6366: clang -c -finstrument-functions -g -gdwarf-4  -Iconftestd1b -Iconftestd2 conftest.c >&5
configure:6366: $? = 0
configure:6389: result: yes
configure:6410: checking whether system header files limit the line length
configure:6435: result: no
configure:6446: checking for complete errno.h
configure:6521: result: yes
configure:6835: checking for clang options needed to detect all undeclared functions
configure:6857: clang -c -finstrument-functions -g -gdwarf-4   conftest.c >&5
conftest.c:49:8: warning: implicitly declaring library function 'strchr' with type 'char *(const char *, int)' [-Wimplicit-function-declaration]
(void) strchr;
       ^
conftest.c:49:8: note: include the header <string.h> or explicitly provide a declaration for 'strchr'
1 warning generated.
configure:6857: $? = 0
configure:6857: clang -c -finstrument-functions -g -gdwarf-4 -fno-builtin  conftest.c >&5
conftest.c:49:8: error: use of undeclared identifier 'strchr'
(void) strchr;
       ^
1 error generated.
configure:6857: $? = 1
configure: failed program was:
| /* confdefs.h */
| #define PACKAGE_NAME "GNU Time"
| #define PACKAGE_TARNAME "time"
| #define PACKAGE_VERSION "1.9"
| #define PACKAGE_STRING "GNU Time 1.9"
| #define PACKAGE_BUGREPORT "bug-time@gnu.org"
| #define PACKAGE_URL "https://www.gnu.org/software/time/"
| #define PACKAGE "time"
| #define VERSION "1.9"
| #define HAVE_STDIO_H 1
| #define HAVE_STDLIB_H 1
| #define HAVE_STRING_H 1
| #define HAVE_INTTYPES_H 1
| #define HAVE_STDINT_H 1
| #define HAVE_STRINGS_H 1
| #define HAVE_SYS_STAT_H 1
| #define HAVE_SYS_TYPES_H 1
| #define HAVE_UNISTD_H 1
| #define HAVE_GETOPT_H 1
| #define HAVE_SYS_CDEFS_H 1
| #define HAVE_SYS_TIME_H 1
| #define HAVE_SYS_SOCKET_H 1
| #define HAVE_LIMITS_H 1
| #define HAVE_WCHAR_H 1
| #define HAVE_SYS_RESOURCE_H 1
| #define HAVE_SYS_WAIT_H 1
| #define STDC_HEADERS 1
| #define __EXTENSIONS__ 1
| #define _ALL_SOURCE 1
| #define _DARWIN_C_SOURCE 1
| #define _GNU_SOURCE 1
| #define _NETBSD_SOURCE 1
| #define _OPENBSD_SOURCE 1
| #define _POSIX_PTHREAD_SEMANTICS 1
| #define __STDC_WANT_IEC_60559_ATTRIBS_EXT__ 1
| #define __STDC_WANT_IEC_60559_BFP_EXT__ 1
| #define __STDC_WANT_IEC_60559_DFP_EXT__ 1
| #define __STDC_WANT_IEC_60559_FUNCS_EXT__ 1
| #define __STDC_WANT_IEC_60559_TYPES_EXT__ 1
| #define __STDC_WANT_LIB_EXT2__ 1
| #define __STDC_WANT_MATH_SPEC_FUNCS__ 1
| #define _TANDEM_SOURCE 1
| #define _HPUX_ALT_XOPEN_SOCKET_API 1
| /* end confdefs.h.  */
| 
| int
| main (void)
| {
| (void) strchr;
|   ;
|   return 0;
| }
configure:6884: clang -c -finstrument-functions -g -gdwarf-4 -fno-builtin  conftest.c >&5
configure:6884: $? = 0
configure:6901: result: -fno-builtin
configure:6915: checking whether strerror_r is declared
configure:6915: clang -c -finstrument-functions -g -gdwarf-4 -fno-builtin  conftest.c >&5
configure:6915: $? = 0
configure:6915: result: yes
configure:6934: checking whether strerror_r returns char *
configure:6959: clang -c -finstrument-functions -g -gdwarf-4  conftest.c >&5
configure:6959: $? = 0
configure:6968: result: yes
configure:7209: checking for getopt.h
configure:7209: result: yes
configure:7225: checking for getopt_long_only
configure:7225: clang -o conftest -finstrument-functions -g -gdwarf-4   conftest.c  >&5
configure:7225: $? = 0
configure:7225: result: yes
configure:7238: checking whether getopt is POSIX compatible
configure:7282: clang -o conftest -finstrument-functions -g -gdwarf-4   conftest.c  >&5
configure:7282: $? = 0
configure:7282: ./conftest
configure:7282: $? = 0
configure:7343: clang -o conftest -finstrument-functions -g -gdwarf-4   conftest.c  >&5
configure:7343: $? = 0
configure:7343: ./conftest
configure:7343: $? = 0
configure:7387: clang -o conftest -finstrument-functions -g -gdwarf-4   conftest.c  >&5
configure:7387: $? = 0
configure:7387: ./conftest
program: option requires an argument -- 'b'
configure:7387: $? = 0
configure:7406: result: yes
configure:7414: checking for working GNU getopt function
configure:7638: clang -o conftest -finstrument-functions -g -gdwarf-4   conftest.c  >&5
configure:7638: $? = 0
configure:7638: ./conftest
configure:7638: $? = 0
configure:7655: result: yes
configure:7660: checking for working GNU getopt_long function
configure:7707: clang -o conftest -finstrument-functions -g -gdwarf-4   conftest.c  >&5
configure:7707: $? = 0
configure:7707: ./conftest
configure:7707: $? = 0
configure:7719: result: yes
configure:7733: checking for getprogname
configure:7733: clang -o conftest -finstrument-functions -g -gdwarf-4   conftest.c  >&5
/usr/bin/ld: /tmp/conftest-ddc00f.o: in function `main':
/root/SmartC2Rust/benchmark/time-1.9/conftest.c:77: undefined reference to `getprogname'
clang: error: linker command failed with exit code 1 (use -v to see invocation)
configure:7733: $? = 1
configure: failed program was:
| /* confdefs.h */
| #define PACKAGE_NAME "GNU Time"
| #define PACKAGE_TARNAME "time"
| #define PACKAGE_VERSION "1.9"
| #define PACKAGE_STRING "GNU Time 1.9"
| #define PACKAGE_BUGREPORT "bug-time@gnu.org"
| #define PACKAGE_URL "https://www.gnu.org/software/time/"
| #define PACKAGE "time"
| #define VERSION "1.9"
| #define HAVE_STDIO_H 1
| #define HAVE_STDLIB_H 1
| #define HAVE_STRING_H 1
| #define HAVE_INTTYPES_H 1
| #define HAVE_STDINT_H 1
| #define HAVE_STRINGS_H 1
| #define HAVE_SYS_STAT_H 1
| #define HAVE_SYS_TYPES_H 1
| #define HAVE_UNISTD_H 1
| #define HAVE_GETOPT_H 1
| #define HAVE_SYS_CDEFS_H 1
| #define HAVE_SYS_TIME_H 1
| #define HAVE_SYS_SOCKET_H 1
| #define HAVE_LIMITS_H 1
| #define HAVE_WCHAR_H 1
| #define HAVE_SYS_RESOURCE_H 1
| #define HAVE_SYS_WAIT_H 1
| #define STDC_HEADERS 1
| #define __EXTENSIONS__ 1
| #define _ALL_SOURCE 1
| #define _DARWIN_C_SOURCE 1
| #define _GNU_SOURCE 1
| #define _NETBSD_SOURCE 1
| #define _OPENBSD_SOURCE 1
| #define _POSIX_PTHREAD_SEMANTICS 1
| #define __STDC_WANT_IEC_60559_ATTRIBS_EXT__ 1
| #define __STDC_WANT_IEC_60559_BFP_EXT__ 1
| #define __STDC_WANT_IEC_60559_DFP_EXT__ 1
| #define __STDC_WANT_IEC_60559_FUNCS_EXT__ 1
| #define __STDC_WANT_IEC_60559_TYPES_EXT__ 1
| #define __STDC_WANT_LIB_EXT2__ 1
| #define __STDC_WANT_MATH_SPEC_FUNCS__ 1
| #define _TANDEM_SOURCE 1
| #define _HPUX_ALT_XOPEN_SOCKET_API 1
| #define HAVE_DECL_STRERROR_R 1
| #define HAVE_STRERROR_R 1
| #define STRERROR_R_CHAR_P 1
| #define HAVE_GETOPT_H 1
| #define HAVE_GETOPT_LONG_ONLY 1
| /* end confdefs.h.  */
| /* Define getprogname to an innocuous variant, in case <limits.h> declares getprogname.
|    For example, HP-UX 11i <limits.h> declares gettimeofday.  */
| #define getprogname innocuous_getprogname
| 
| /* System header to define __stub macros and hopefully few prototypes,
|    which can conflict with char getprogname (); below.  */
| 
| #include <limits.h>
| #undef getprogname
| 
| /* Override any GCC internal prototype to avoid an error.
|    Use char because int might match the return type of a GCC
|    builtin and then its argument prototype would still apply.  */
| #ifdef __cplusplus
| extern "C"
| #endif
| char getprogname ();
| /* The GNU C library defines this for functions which it implements
|     to always fail with ENOSYS.  Some functions are actually named
|     something starting with __ and the normal name is an alias.  */
| #if defined __stub_getprogname || defined __stub___getprogname
| choke me
| #endif
| 
| int
| main (void)
| {
| return getprogname ();
|   ;
|   return 0;
| }
configure:7733: result: no
configure:7733: checking for getexecname
configure:7733: clang -o conftest -finstrument-functions -g -gdwarf-4   conftest.c  >&5
/usr/bin/ld: /tmp/conftest-6de011.o: in function `main':
/root/SmartC2Rust/benchmark/time-1.9/conftest.c:77: undefined reference to `getexecname'
clang: error: linker command failed with exit code 1 (use -v to see invocation)
configure:7733: $? = 1
configure: failed program was:
| /* confdefs.h */
| #define PACKAGE_NAME "GNU Time"
| #define PACKAGE_TARNAME "time"
| #define PACKAGE_VERSION "1.9"
| #define PACKAGE_STRING "GNU Time 1.9"
| #define PACKAGE_BUGREPORT "bug-time@gnu.org"
| #define PACKAGE_URL "https://www.gnu.org/software/time/"
| #define PACKAGE "time"
| #define VERSION "1.9"
| #define HAVE_STDIO_H 1
| #define HAVE_STDLIB_H 1
| #define HAVE_STRING_H 1
| #define HAVE_INTTYPES_H 1
| #define HAVE_STDINT_H 1
| #define HAVE_STRINGS_H 1
| #define HAVE_SYS_STAT_H 1
| #define HAVE_SYS_TYPES_H 1
| #define HAVE_UNISTD_H 1
| #define HAVE_GETOPT_H 1
| #define HAVE_SYS_CDEFS_H 1
| #define HAVE_SYS_TIME_H 1
| #define HAVE_SYS_SOCKET_H 1
| #define HAVE_LIMITS_H 1
| #define HAVE_WCHAR_H 1
| #define HAVE_SYS_RESOURCE_H 1
| #define HAVE_SYS_WAIT_H 1
| #define STDC_HEADERS 1
| #define __EXTENSIONS__ 1
| #define _ALL_SOURCE 1
| #define _DARWIN_C_SOURCE 1
| #define _GNU_SOURCE 1
| #define _NETBSD_SOURCE 1
| #define _OPENBSD_SOURCE 1
| #define _POSIX_PTHREAD_SEMANTICS 1
| #define __STDC_WANT_IEC_60559_ATTRIBS_EXT__ 1
| #define __STDC_WANT_IEC_60559_BFP_EXT__ 1
| #define __STDC_WANT_IEC_60559_DFP_EXT__ 1
| #define __STDC_WANT_IEC_60559_FUNCS_EXT__ 1
| #define __STDC_WANT_IEC_60559_TYPES_EXT__ 1
| #define __STDC_WANT_LIB_EXT2__ 1
| #define __STDC_WANT_MATH_SPEC_FUNCS__ 1
| #define _TANDEM_SOURCE 1
| #define _HPUX_ALT_XOPEN_SOCKET_API 1
| #define HAVE_DECL_STRERROR_R 1
| #define HAVE_STRERROR_R 1
| #define STRERROR_R_CHAR_P 1
| #define HAVE_GETOPT_H 1
| #define HAVE_GETOPT_LONG_ONLY 1
| /* end confdefs.h.  */
| /* Define getexecname to an innocuous variant, in case <limits.h> declares getexecname.
|    For example, HP-UX 11i <limits.h> declares gettimeofday.  */
| #define getexecname innocuous_getexecname
| 
| /* System header to define __stub macros and hopefully few prototypes,
|    which can conflict with char getexecname (); below.  */
| 
| #include <limits.h>
| #undef getexecname
| 
| /* Override any GCC internal prototype to avoid an error.
|    Use char because int might match the return type of a GCC
|    builtin and then its argument prototype would still apply.  */
| #ifdef __cplusplus
| extern "C"
| #endif
| char getexecname ();
| /* The GNU C library defines this for functions which it implements
|     to always fail with ENOSYS.  Some functions are actually named
|     something starting with __ and the normal name is an alias.  */
| #if defined __stub_getexecname || defined __stub___getexecname
| choke me
| #endif
| 
| int
| main (void)
| {
| return getexecname ();
|   ;
|   return 0;
| }
configure:7733: result: no
configure:7733: checking for getrusage
configure:7733: clang -o conftest -finstrument-functions -g -gdwarf-4   conftest.c  >&5
configure:7733: $? = 0
configure:7733: result: yes
configure:7733: checking for gettimeofday
configure:7733: clang -o conftest -finstrument-functions -g -gdwarf-4   conftest.c  >&5
configure:7733: $? = 0
configure:7733: result: yes
configure:7733: checking for _set_invalid_parameter_handler
configure:7733: clang -o conftest -finstrument-functions -g -gdwarf-4   conftest.c  >&5
/usr/bin/ld: /tmp/conftest-ab454a.o: in function `main':
/root/SmartC2Rust/benchmark/time-1.9/conftest.c:79: undefined reference to `_set_invalid_parameter_handler'
clang: error: linker command failed with exit code 1 (use -v to see invocation)
configure:7733: $? = 1
configure: failed program was:
| /* confdefs.h */
| #define PACKAGE_NAME "GNU Time"
| #define PACKAGE_TARNAME "time"
| #define PACKAGE_VERSION "1.9"
| #define PACKAGE_STRING "GNU Time 1.9"
| #define PACKAGE_BUGREPORT "bug-time@gnu.org"
| #define PACKAGE_URL "https://www.gnu.org/software/time/"
| #define PACKAGE "time"
| #define VERSION "1.9"
| #define HAVE_STDIO_H 1
| #define HAVE_STDLIB_H 1
| #define HAVE_STRING_H 1
| #define HAVE_INTTYPES_H 1
| #define HAVE_STDINT_H 1
| #define HAVE_STRINGS_H 1
| #define HAVE_SYS_STAT_H 1
| #define HAVE_SYS_TYPES_H 1
| #define HAVE_UNISTD_H 1
| #define HAVE_GETOPT_H 1
| #define HAVE_SYS_CDEFS_H 1
| #define HAVE_SYS_TIME_H 1
| #define HAVE_SYS_SOCKET_H 1
| #define HAVE_LIMITS_H 1
| #define HAVE_WCHAR_H 1
| #define HAVE_SYS_RESOURCE_H 1
| #define HAVE_SYS_WAIT_H 1
| #define STDC_HEADERS 1
| #define __EXTENSIONS__ 1
| #define _ALL_SOURCE 1
| #define _DARWIN_C_SOURCE 1
| #define _GNU_SOURCE 1
| #define _NETBSD_SOURCE 1
| #define _OPENBSD_SOURCE 1
| #define _POSIX_PTHREAD_SEMANTICS 1
| #define __STDC_WANT_IEC_60559_ATTRIBS_EXT__ 1
| #define __STDC_WANT_IEC_60559_BFP_EXT__ 1
| #define __STDC_WANT_IEC_60559_DFP_EXT__ 1
| #define __STDC_WANT_IEC_60559_FUNCS_EXT__ 1
| #define __STDC_WANT_IEC_60559_TYPES_EXT__ 1
| #define __STDC_WANT_LIB_EXT2__ 1
| #define __STDC_WANT_MATH_SPEC_FUNCS__ 1
| #define _TANDEM_SOURCE 1
| #define _HPUX_ALT_XOPEN_SOCKET_API 1
| #define HAVE_DECL_STRERROR_R 1
| #define HAVE_STRERROR_R 1
| #define STRERROR_R_CHAR_P 1
| #define HAVE_GETOPT_H 1
| #define HAVE_GETOPT_LONG_ONLY 1
| #define HAVE_GETRUSAGE 1
| #define HAVE_GETTIMEOFDAY 1
| /* end confdefs.h.  */
| /* Define _set_invalid_parameter_handler to an innocuous variant, in case <limits.h> declares _set_invalid_parameter_handler.
|    For example, HP-UX 11i <limits.h> declares gettimeofday.  */
| #define _set_invalid_parameter_handler innocuous__set_invalid_parameter_handler
| 
| /* System header to define __stub macros and hopefully few prototypes,
|    which can conflict with char _set_invalid_parameter_handler (); below.  */
| 
| #include <limits.h>
| #undef _set_invalid_parameter_handler
| 
| /* Override any GCC internal prototype to avoid an error.
|    Use char because int might match the return type of a GCC
|    builtin and then its argument prototype would still apply.  */
| #ifdef __cplusplus
| extern "C"
| #endif
| char _set_invalid_parameter_handler ();
| /* The GNU C library defines this for functions which it implements
|     to always fail with ENOSYS.  Some functions are actually named
|     something starting with __ and the normal name is an alias.  */
| #if defined __stub__set_invalid_parameter_handler || defined __stub____set_invalid_parameter_handler
| choke me
| #endif
| 
| int
| main (void)
| {
| return _set_invalid_parameter_handler ();
|   ;
|   return 0;
| }
configure:7733: result: no
configure:7733: checking for vprintf
configure:7733: clang -o conftest -finstrument-functions -g -gdwarf-4   conftest.c  >&5
conftest.c:68:6: warning: incompatible redeclaration of library function 'vprintf' [-Wincompatible-library-redeclaration]
char vprintf ();
     ^
conftest.c:68:6: note: 'vprintf' is a builtin with type 'int (const char *, __builtin_va_list)'
1 warning generated.
configure:7733: $? = 0
configure:7733: result: yes
configure:7756: checking for C/C++ restrict keyword
configure:7784: clang -c -finstrument-functions -g -gdwarf-4  conftest.c >&5
configure:7784: $? = 0
configure:7793: result: __restrict
configure:7916: checking for struct timeval
configure:7940: clang -c -finstrument-functions -g -gdwarf-4  conftest.c >&5
configure:7940: $? = 0
configure:7949: result: yes
configure:7954: checking for wide-enough struct timeval.tv_sec member
configure:7982: clang -c -finstrument-functions -g -gdwarf-4  conftest.c >&5
configure:7982: $? = 0
configure:7991: result: yes
configure:8001: checking whether gettimeofday is declared without a macro
configure:8024: clang -c -finstrument-functions -g -gdwarf-4  conftest.c >&5
configure:8024: $? = 0
configure:8033: result: yes
configure:8108: checking host CPU and C ABI
configure:8182: clang -c -finstrument-functions -g -gdwarf-4  conftest.c >&5
configure:8182: $? = 0
configure:8193: clang -c -finstrument-functions -g -gdwarf-4  conftest.c >&5
conftest.c:58:20: error: unknown type name 'error'
                   error fail
                   ^
conftest.c:58:30: error: expected ';' after top level declarator
                   error fail
                             ^
                             ;
2 errors generated.
configure:8193: $? = 1
configure: failed program was:
| /* confdefs.h */
| #define PACKAGE_NAME "GNU Time"
| #define PACKAGE_TARNAME "time"
| #define PACKAGE_VERSION "1.9"
| #define PACKAGE_STRING "GNU Time 1.9"
| #define PACKAGE_BUGREPORT "bug-time@gnu.org"
| #define PACKAGE_URL "https://www.gnu.org/software/time/"
| #define PACKAGE "time"
| #define VERSION "1.9"
| #define HAVE_STDIO_H 1
| #define HAVE_STDLIB_H 1
| #define HAVE_STRING_H 1
| #define HAVE_INTTYPES_H 1
| #define HAVE_STDINT_H 1
| #define HAVE_STRINGS_H 1
| #define HAVE_SYS_STAT_H 1
| #define HAVE_SYS_TYPES_H 1
| #define HAVE_UNISTD_H 1
| #define HAVE_GETOPT_H 1
| #define HAVE_SYS_CDEFS_H 1
| #define HAVE_SYS_TIME_H 1
| #define HAVE_SYS_SOCKET_H 1
| #define HAVE_LIMITS_H 1
| #define HAVE_WCHAR_H 1
| #define HAVE_SYS_RESOURCE_H 1
| #define HAVE_SYS_WAIT_H 1
| #define STDC_HEADERS 1
| #define __EXTENSIONS__ 1
| #define _ALL_SOURCE 1
| #define _DARWIN_C_SOURCE 1
| #define _GNU_SOURCE 1
| #define _NETBSD_SOURCE 1
| #define _OPENBSD_SOURCE 1
| #define _POSIX_PTHREAD_SEMANTICS 1
| #define __STDC_WANT_IEC_60559_ATTRIBS_EXT__ 1
| #define __STDC_WANT_IEC_60559_BFP_EXT__ 1
| #define __STDC_WANT_IEC_60559_DFP_EXT__ 1
| #define __STDC_WANT_IEC_60559_FUNCS_EXT__ 1
| #define __STDC_WANT_IEC_60559_TYPES_EXT__ 1
| #define __STDC_WANT_LIB_EXT2__ 1
| #define __STDC_WANT_MATH_SPEC_FUNCS__ 1
| #define _TANDEM_SOURCE 1
| #define _HPUX_ALT_XOPEN_SOCKET_API 1
| #define HAVE_DECL_STRERROR_R 1
| #define HAVE_STRERROR_R 1
| #define STRERROR_R_CHAR_P 1
| #define HAVE_GETOPT_H 1
| #define HAVE_GETOPT_LONG_ONLY 1
| #define HAVE_GETRUSAGE 1
| #define HAVE_GETTIMEOFDAY 1
| #define HAVE_VPRINTF 1
| #define restrict __restrict
| #define HAVE_RAW_DECL_GETTIMEOFDAY 1
| /* end confdefs.h.  */
| #if defined __ILP32__ || defined _ILP32
|                    int ok;
|                   #else
|                    error fail
|                   #endif
| 
configure:8408: result: arm64
configure:8513: checking whether limits.h has ULLONG_WIDTH etc.
configure:8534: clang -c -finstrument-functions -g -gdwarf-4  conftest.c >&5
configure:8534: $? = 0
configure:8542: result: yes
configure:8560: checking for wint_t
configure:8586: clang -c -finstrument-functions -g -gdwarf-4  conftest.c >&5
configure:8586: $? = 0
configure:8594: result: yes
configure:8601: checking whether wint_t is too small
configure:8630: clang -c -finstrument-functions -g -gdwarf-4  conftest.c >&5
configure:8630: $? = 0
configure:8638: result: no
configure:8651: checking for unsigned long long int
configure:8691: clang -o conftest -finstrument-functions -g -gdwarf-4   conftest.c  >&5
configure:8691: $? = 0
configure:8701: result: yes
configure:8711: checking for long long int
configure:8751: clang -o conftest -finstrument-functions -g -gdwarf-4   conftest.c  >&5
configure:8751: $? = 0
configure:8751: ./conftest
configure:8751: $? = 0
configure:8764: result: yes
configure:8783: clang -c -finstrument-functions -g -gdwarf-4  conftest.c >&5
conftest.c:65:10: error: unknown type name 'not'
         not a universal capable compiler
         ^
conftest.c:65:15: error: expected ';' after top level declarator
         not a universal capable compiler
              ^
              ;
2 errors generated.
configure:8783: $? = 1
configure: failed program was:
| /* confdefs.h */
| #define PACKAGE_NAME "GNU Time"
| #define PACKAGE_TARNAME "time"
| #define PACKAGE_VERSION "1.9"
| #define PACKAGE_STRING "GNU Time 1.9"
| #define PACKAGE_BUGREPORT "bug-time@gnu.org"
| #define PACKAGE_URL "https://www.gnu.org/software/time/"
| #define PACKAGE "time"
| #define VERSION "1.9"
| #define HAVE_STDIO_H 1
| #define HAVE_STDLIB_H 1
| #define HAVE_STRING_H 1
| #define HAVE_INTTYPES_H 1
| #define HAVE_STDINT_H 1
| #define HAVE_STRINGS_H 1
| #define HAVE_SYS_STAT_H 1
| #define HAVE_SYS_TYPES_H 1
| #define HAVE_UNISTD_H 1
| #define HAVE_GETOPT_H 1
| #define HAVE_SYS_CDEFS_H 1
| #define HAVE_SYS_TIME_H 1
| #define HAVE_SYS_SOCKET_H 1
| #define HAVE_LIMITS_H 1
| #define HAVE_WCHAR_H 1
| #define HAVE_SYS_RESOURCE_H 1
| #define HAVE_SYS_WAIT_H 1
| #define STDC_HEADERS 1
| #define __EXTENSIONS__ 1
| #define _ALL_SOURCE 1
| #define _DARWIN_C_SOURCE 1
| #define _GNU_SOURCE 1
| #define _NETBSD_SOURCE 1
| #define _OPENBSD_SOURCE 1
| #define _POSIX_PTHREAD_SEMANTICS 1
| #define __STDC_WANT_IEC_60559_ATTRIBS_EXT__ 1
| #define __STDC_WANT_IEC_60559_BFP_EXT__ 1
| #define __STDC_WANT_IEC_60559_DFP_EXT__ 1
| #define __STDC_WANT_IEC_60559_FUNCS_EXT__ 1
| #define __STDC_WANT_IEC_60559_TYPES_EXT__ 1
| #define __STDC_WANT_LIB_EXT2__ 1
| #define __STDC_WANT_MATH_SPEC_FUNCS__ 1
| #define _TANDEM_SOURCE 1
| #define _HPUX_ALT_XOPEN_SOCKET_API 1
| #define HAVE_DECL_STRERROR_R 1
| #define HAVE_STRERROR_R 1
| #define STRERROR_R_CHAR_P 1
| #define HAVE_GETOPT_H 1
| #define HAVE_GETOPT_LONG_ONLY 1
| #define HAVE_GETRUSAGE 1
| #define HAVE_GETTIMEOFDAY 1
| #define HAVE_VPRINTF 1
| #define restrict __restrict
| #define HAVE_RAW_DECL_GETTIMEOFDAY 1
| #ifndef __arm64__
| #define __arm64__ 1
| #endif
| #ifndef __arm64__
| #define __arm64__ 1
| #endif
| #define HAVE_WINT_T 1
| #define HAVE_UNSIGNED_LONG_LONG_INT 1
| #define HAVE_LONG_LONG_INT 1
| /* end confdefs.h.  */
| #ifndef __APPLE_CC__
|          not a universal capable compiler
|         #endif
|         typedef int dummy;
| 
configure:8945: checking whether stdint.h conforms to C99
configure:9126: clang -c -finstrument-functions -g -gdwarf-4  conftest.c >&5
configure:9126: $? = 0
configure:9215: clang -o conftest -finstrument-functions -g -gdwarf-4   conftest.c  >&5
configure:9215: $? = 0
configure:9215: ./conftest
configure:9215: $? = 0
configure:9228: result: yes
configure:9239: checking whether stdint.h predates C++11
configure:9276: clang -c -finstrument-functions -g -gdwarf-4  conftest.c >&5
configure:9276: $? = 0
configure:9282: result: no
configure:9293: checking whether stdint.h has UINTMAX_WIDTH etc.
configure:9330: clang -c -finstrument-functions -g -gdwarf-4  conftest.c >&5
configure:9330: $? = 0
configure:9336: result: yes
configure:9795: checking whether imaxabs is declared without a macro
configure:9814: clang -c -finstrument-functions -g -gdwarf-4  conftest.c >&5
configure:9814: $? = 0
configure:9823: result: yes
configure:9795: checking whether imaxdiv is declared without a macro
configure:9814: clang -c -finstrument-functions -g -gdwarf-4  conftest.c >&5
configure:9814: $? = 0
configure:9823: result: yes
configure:9795: checking whether strtoimax is declared without a macro
configure:9814: clang -c -finstrument-functions -g -gdwarf-4  conftest.c >&5
configure:9814: $? = 0
configure:9823: result: yes
configure:9795: checking whether strtoumax is declared without a macro
configure:9814: clang -c -finstrument-functions -g -gdwarf-4  conftest.c >&5
configure:9814: $? = 0
configure:9823: result: yes
configure:9837: checking for inttypes.h
configure:9837: result: yes
configure:9845: checking whether the inttypes.h PRIxNN macros are broken
configure:9868: clang -c -finstrument-functions -g -gdwarf-4  conftest.c >&5
configure:9868: $? = 0
configure:9877: result: no
configure:9890: checking for a sed that does not truncate output
configure:9960: result: /usr/bin/sed
configure:10051: checking whether malloc, realloc, calloc are POSIX compliant
configure:10072: clang -c -finstrument-functions -g -gdwarf-4  conftest.c >&5
configure:10072: $? = 0
configure:10081: result: yes
configure:10121: checking for sigset_t
configure:10121: clang -c -finstrument-functions -g -gdwarf-4  conftest.c >&5
configure:10121: $? = 0
configure:10121: clang -c -finstrument-functions -g -gdwarf-4  conftest.c >&5
conftest.c:78:23: error: expected expression
if (sizeof ((sigset_t)))
                      ^
1 error generated.
configure:10121: $? = 1
configure: failed program was:
| /* confdefs.h */
| #define PACKAGE_NAME "GNU Time"
| #define PACKAGE_TARNAME "time"
| #define PACKAGE_VERSION "1.9"
| #define PACKAGE_STRING "GNU Time 1.9"
| #define PACKAGE_BUGREPORT "bug-time@gnu.org"
| #define PACKAGE_URL "https://www.gnu.org/software/time/"
| #define PACKAGE "time"
| #define VERSION "1.9"
| #define HAVE_STDIO_H 1
| #define HAVE_STDLIB_H 1
| #define HAVE_STRING_H 1
| #define HAVE_INTTYPES_H 1
| #define HAVE_STDINT_H 1
| #define HAVE_STRINGS_H 1
| #define HAVE_SYS_STAT_H 1
| #define HAVE_SYS_TYPES_H 1
| #define HAVE_UNISTD_H 1
| #define HAVE_GETOPT_H 1
| #define HAVE_SYS_CDEFS_H 1
| #define HAVE_SYS_TIME_H 1
| #define HAVE_SYS_SOCKET_H 1
| #define HAVE_LIMITS_H 1
| #define HAVE_WCHAR_H 1
| #define HAVE_SYS_RESOURCE_H 1
| #define HAVE_SYS_WAIT_H 1
| #define STDC_HEADERS 1
| #define __EXTENSIONS__ 1
| #define _ALL_SOURCE 1
| #define _DARWIN_C_SOURCE 1
| #define _GNU_SOURCE 1
| #define _NETBSD_SOURCE 1
| #define _OPENBSD_SOURCE 1
| #define _POSIX_PTHREAD_SEMANTICS 1
| #define __STDC_WANT_IEC_60559_ATTRIBS_EXT__ 1
| #define __STDC_WANT_IEC_60559_BFP_EXT__ 1
| #define __STDC_WANT_IEC_60559_DFP_EXT__ 1
| #define __STDC_WANT_IEC_60559_FUNCS_EXT__ 1
| #define __STDC_WANT_IEC_60559_TYPES_EXT__ 1
| #define __STDC_WANT_LIB_EXT2__ 1
| #define __STDC_WANT_MATH_SPEC_FUNCS__ 1
| #define _TANDEM_SOURCE 1
| #define _HPUX_ALT_XOPEN_SOCKET_API 1
| #define HAVE_DECL_STRERROR_R 1
| #define HAVE_STRERROR_R 1
| #define STRERROR_R_CHAR_P 1
| #define HAVE_GETOPT_H 1
| #define HAVE_GETOPT_LONG_ONLY 1
| #define HAVE_GETRUSAGE 1
| #define HAVE_GETTIMEOFDAY 1
| #define HAVE_VPRINTF 1
| #define restrict __restrict
| #define HAVE_RAW_DECL_GETTIMEOFDAY 1
| #ifndef __arm64__
| #define __arm64__ 1
| #endif
| #ifndef __arm64__
| #define __arm64__ 1
| #endif
| #define HAVE_WINT_T 1
| #define HAVE_UNSIGNED_LONG_LONG_INT 1
| #define HAVE_LONG_LONG_INT 1
| #define HAVE_RAW_DECL_IMAXABS 1
| #define HAVE_RAW_DECL_IMAXDIV 1
| #define HAVE_RAW_DECL_STRTOIMAX 1
| #define HAVE_RAW_DECL_STRTOUMAX 1
| #define HAVE_INTTYPES_H 1
| /* end confdefs.h.  */
| 
|       #include <signal.h>
|       /* Mingw defines sigset_t not in <signal.h>, but in <sys/types.h>.  */
|       #include <sys/types.h>
| 
| 
| int
| main (void)
| {
| if (sizeof ((sigset_t)))
| 	    return 0;
|   ;
|   return 0;
| }
configure:10121: result: yes
configure:10142: checking for pid_t
configure:10142: clang -c -finstrument-functions -g -gdwarf-4  conftest.c >&5
configure:10142: $? = 0
configure:10142: clang -c -finstrument-functions -g -gdwarf-4  conftest.c >&5
conftest.c:102:20: error: expected expression
if (sizeof ((pid_t)))
                   ^
1 error generated.
configure:10142: $? = 1
configure: failed program was:
| /* confdefs.h */
| #define PACKAGE_NAME "GNU Time"
| #define PACKAGE_TARNAME "time"
| #define PACKAGE_VERSION "1.9"
| #define PACKAGE_STRING "GNU Time 1.9"
| #define PACKAGE_BUGREPORT "bug-time@gnu.org"
| #define PACKAGE_URL "https://www.gnu.org/software/time/"
| #define PACKAGE "time"
| #define VERSION "1.9"
| #define HAVE_STDIO_H 1
| #define HAVE_STDLIB_H 1
| #define HAVE_STRING_H 1
| #define HAVE_INTTYPES_H 1
| #define HAVE_STDINT_H 1
| #define HAVE_STRINGS_H 1
| #define HAVE_SYS_STAT_H 1
| #define HAVE_SYS_TYPES_H 1
| #define HAVE_UNISTD_H 1
| #define HAVE_GETOPT_H 1
| #define HAVE_SYS_CDEFS_H 1
| #define HAVE_SYS_TIME_H 1
| #define HAVE_SYS_SOCKET_H 1
| #define HAVE_LIMITS_H 1
| #define HAVE_WCHAR_H 1
| #define HAVE_SYS_RESOURCE_H 1
| #define HAVE_SYS_WAIT_H 1
| #define STDC_HEADERS 1
| #define __EXTENSIONS__ 1
| #define _ALL_SOURCE 1
| #define _DARWIN_C_SOURCE 1
| #define _GNU_SOURCE 1
| #define _NETBSD_SOURCE 1
| #define _OPENBSD_SOURCE 1
| #define _POSIX_PTHREAD_SEMANTICS 1
| #define __STDC_WANT_IEC_60559_ATTRIBS_EXT__ 1
| #define __STDC_WANT_IEC_60559_BFP_EXT__ 1
| #define __STDC_WANT_IEC_60559_DFP_EXT__ 1
| #define __STDC_WANT_IEC_60559_FUNCS_EXT__ 1
| #define __STDC_WANT_IEC_60559_TYPES_EXT__ 1
| #define __STDC_WANT_LIB_EXT2__ 1
| #define __STDC_WANT_MATH_SPEC_FUNCS__ 1
| #define _TANDEM_SOURCE 1
| #define _HPUX_ALT_XOPEN_SOCKET_API 1
| #define HAVE_DECL_STRERROR_R 1
| #define HAVE_STRERROR_R 1
| #define STRERROR_R_CHAR_P 1
| #define HAVE_GETOPT_H 1
| #define HAVE_GETOPT_LONG_ONLY 1
| #define HAVE_GETRUSAGE 1
| #define HAVE_GETTIMEOFDAY 1
| #define HAVE_VPRINTF 1
| #define restrict __restrict
| #define HAVE_RAW_DECL_GETTIMEOFDAY 1
| #ifndef __arm64__
| #define __arm64__ 1
| #endif
| #ifndef __arm64__
| #define __arm64__ 1
| #endif
| #define HAVE_WINT_T 1
| #define HAVE_UNSIGNED_LONG_LONG_INT 1
| #define HAVE_LONG_LONG_INT 1
| #define HAVE_RAW_DECL_IMAXABS 1
| #define HAVE_RAW_DECL_IMAXDIV 1
| #define HAVE_RAW_DECL_STRTOIMAX 1
| #define HAVE_RAW_DECL_STRTOUMAX 1
| #define HAVE_INTTYPES_H 1
| #define HAVE_SIGSET_T 1
| /* end confdefs.h.  */
| #include <stddef.h>
| #ifdef HAVE_STDIO_H
| # include <stdio.h>
| #endif
| #ifdef HAVE_STDLIB_H
| # include <stdlib.h>
| #endif
| #ifdef HAVE_STRING_H
| # include <string.h>
| #endif
| #ifdef HAVE_INTTYPES_H
| # include <inttypes.h>
| #endif
| #ifdef HAVE_STDINT_H
| # include <stdint.h>
| #endif
| #ifdef HAVE_STRINGS_H
| # include <strings.h>
| #endif
| #ifdef HAVE_SYS_TYPES_H
| # include <sys/types.h>
| #endif
| #ifdef HAVE_SYS_STAT_H
| # include <sys/stat.h>
| #endif
| #ifdef HAVE_UNISTD_H
| # include <unistd.h>
| #endif
| 
| int
| main (void)
| {
| if (sizeof ((pid_t)))
| 	    return 0;
|   ;
|   return 0;
| }
configure:10142: result: yes
configure:10178: checking for uid_t in sys/types.h
configure:10199: result: yes
configure:10210: checking for stdbool.h that conforms to C99
configure:10286: clang -c -finstrument-functions -g -gdwarf-4  conftest.c >&5
conftest.c:127:24: warning: address of 's' will always evaluate to 'true' [-Wpointer-bool-conversion]
             bool e = &s;
                  ~    ^
conftest.c:132:40: warning: address of array 'p' will always evaluate to 'true' [-Wpointer-bool-conversion]
                                      ~^
conftest.c:132:35: warning: address of array 'o' will always evaluate to 'true' [-Wpointer-bool-conversion]
                                 ~^
conftest.c:132:30: warning: address of array 'n' will always evaluate to 'true' [-Wpointer-bool-conversion]
                            ~^
conftest.c:131:63: warning: address of array 'i' will always evaluate to 'true' [-Wpointer-bool-conversion]
             return (!a + !b + !c + !d + !e + !f + !g + !h + !i + !!j + !k + !!l
                                                             ~^
conftest.c:131:58: warning: address of array 'h' will always evaluate to 'true' [-Wpointer-bool-conversion]
             return (!a + !b + !c + !d + !e + !f + !g + !h + !i + !!j + !k + !!l
                                                        ~^
conftest.c:131:53: warning: address of array 'g' will always evaluate to 'true' [-Wpointer-bool-conversion]
             return (!a + !b + !c + !d + !e + !f + !g + !h + !i + !!j + !k + !!l
                                                   ~^
conftest.c:131:48: warning: address of array 'f' will always evaluate to 'true' [-Wpointer-bool-conversion]
             return (!a + !b + !c + !d + !e + !f + !g + !h + !i + !!j + !k + !!l
                                              ~^
conftest.c:131:38: warning: address of array 'd' will always evaluate to 'true' [-Wpointer-bool-conversion]
             return (!a + !b + !c + !d + !e + !f + !g + !h + !i + !!j + !k + !!l
                                    ~^
conftest.c:131:33: warning: address of array 'c' will always evaluate to 'true' [-Wpointer-bool-conversion]
             return (!a + !b + !c + !d + !e + !f + !g + !h + !i + !!j + !k + !!l
                               ~^
conftest.c:131:28: warning: address of array 'b' will always evaluate to 'true' [-Wpointer-bool-conversion]
             return (!a + !b + !c + !d + !e + !f + !g + !h + !i + !!j + !k + !!l
                          ~^
conftest.c:131:23: warning: address of array 'a' will always evaluate to 'true' [-Wpointer-bool-conversion]
             return (!a + !b + !c + !d + !e + !f + !g + !h + !i + !!j + !k + !!l
                     ~^
12 warnings generated.
configure:10286: $? = 0
configure:10294: result: yes
configure:10296: checking for _Bool
configure:10296: clang -c -finstrument-functions -g -gdwarf-4  conftest.c >&5
configure:10296: $? = 0
configure:10296: clang -c -finstrument-functions -g -gdwarf-4  conftest.c >&5
conftest.c:101:20: error: expected expression
if (sizeof ((_Bool)))
                   ^
1 error generated.
configure:10296: $? = 1
configure: failed program was:
| /* confdefs.h */
| #define PACKAGE_NAME "GNU Time"
| #define PACKAGE_TARNAME "time"
| #define PACKAGE_VERSION "1.9"
| #define PACKAGE_STRING "GNU Time 1.9"
| #define PACKAGE_BUGREPORT "bug-time@gnu.org"
| #define PACKAGE_URL "https://www.gnu.org/software/time/"
| #define PACKAGE "time"
| #define VERSION "1.9"
| #define HAVE_STDIO_H 1
| #define HAVE_STDLIB_H 1
| #define HAVE_STRING_H 1
| #define HAVE_INTTYPES_H 1
| #define HAVE_STDINT_H 1
| #define HAVE_STRINGS_H 1
| #define HAVE_SYS_STAT_H 1
| #define HAVE_SYS_TYPES_H 1
| #define HAVE_UNISTD_H 1
| #define HAVE_GETOPT_H 1
| #define HAVE_SYS_CDEFS_H 1
| #define HAVE_SYS_TIME_H 1
| #define HAVE_SYS_SOCKET_H 1
| #define HAVE_LIMITS_H 1
| #define HAVE_WCHAR_H 1
| #define HAVE_SYS_RESOURCE_H 1
| #define HAVE_SYS_WAIT_H 1
| #define STDC_HEADERS 1
| #define __EXTENSIONS__ 1
| #define _ALL_SOURCE 1
| #define _DARWIN_C_SOURCE 1
| #define _GNU_SOURCE 1
| #define _NETBSD_SOURCE 1
| #define _OPENBSD_SOURCE 1
| #define _POSIX_PTHREAD_SEMANTICS 1
| #define __STDC_WANT_IEC_60559_ATTRIBS_EXT__ 1
| #define __STDC_WANT_IEC_60559_BFP_EXT__ 1
| #define __STDC_WANT_IEC_60559_DFP_EXT__ 1
| #define __STDC_WANT_IEC_60559_FUNCS_EXT__ 1
| #define __STDC_WANT_IEC_60559_TYPES_EXT__ 1
| #define __STDC_WANT_LIB_EXT2__ 1
| #define __STDC_WANT_MATH_SPEC_FUNCS__ 1
| #define _TANDEM_SOURCE 1
| #define _HPUX_ALT_XOPEN_SOCKET_API 1
| #define HAVE_DECL_STRERROR_R 1
| #define HAVE_STRERROR_R 1
| #define STRERROR_R_CHAR_P 1
| #define HAVE_GETOPT_H 1
| #define HAVE_GETOPT_LONG_ONLY 1
| #define HAVE_GETRUSAGE 1
| #define HAVE_GETTIMEOFDAY 1
| #define HAVE_VPRINTF 1
| #define restrict __restrict
| #define HAVE_RAW_DECL_GETTIMEOFDAY 1
| #ifndef __arm64__
| #define __arm64__ 1
| #endif
| #ifndef __arm64__
| #define __arm64__ 1
| #endif
| #define HAVE_WINT_T 1
| #define HAVE_UNSIGNED_LONG_LONG_INT 1
| #define HAVE_LONG_LONG_INT 1
| #define HAVE_RAW_DECL_IMAXABS 1
| #define HAVE_RAW_DECL_IMAXDIV 1
| #define HAVE_RAW_DECL_STRTOIMAX 1
| #define HAVE_RAW_DECL_STRTOUMAX 1
| #define HAVE_INTTYPES_H 1
| #define HAVE_SIGSET_T 1
| /* end confdefs.h.  */
| #include <stddef.h>
| #ifdef HAVE_STDIO_H
| # include <stdio.h>
| #endif
| #ifdef HAVE_STDLIB_H
| # include <stdlib.h>
| #endif
| #ifdef HAVE_STRING_H
| # include <string.h>
| #endif
| #ifdef HAVE_INTTYPES_H
| # include <inttypes.h>
| #endif
| #ifdef HAVE_STDINT_H
| # include <stdint.h>
| #endif
| #ifdef HAVE_STRINGS_H
| # include <strings.h>
| #endif
| #ifdef HAVE_SYS_TYPES_H
| # include <sys/types.h>
| #endif
| #ifdef HAVE_SYS_STAT_H
| # include <sys/stat.h>
| #endif
| #ifdef HAVE_UNISTD_H
| # include <unistd.h>
| #endif
| int
| main (void)
| {
| if (sizeof ((_Bool)))
| 	    return 0;
|   ;
|   return 0;
| }
configure:10296: result: yes
configure:10312: checking for wchar_t
configure:10330: clang -c -finstrument-functions -g -gdwarf-4  conftest.c >&5
configure:10330: $? = 0
configure:10338: result: yes
configure:10528: checking whether strerror(0) succeeds
configure:10567: clang -o conftest -finstrument-functions -g -gdwarf-4   conftest.c  >&5
configure:10567: $? = 0
configure:10567: ./conftest
configure:10567: $? = 0
configure:10579: result: yes
configure:10670: checking whether ffsl is declared without a macro
configure:10689: clang -c -finstrument-functions -g -gdwarf-4  conftest.c >&5
configure:10689: $? = 0
configure:10698: result: yes
configure:10670: checking whether ffsll is declared without a macro
configure:10689: clang -c -finstrument-functions -g -gdwarf-4  conftest.c >&5
configure:10689: $? = 0
configure:10698: result: yes
configure:10670: checking whether memmem is declared without a macro
configure:10689: clang -c -finstrument-functions -g -gdwarf-4  conftest.c >&5
configure:10689: $? = 0
configure:10698: result: yes
configure:10670: checking whether mempcpy is declared without a macro
configure:10689: clang -c -finstrument-functions -g -gdwarf-4  conftest.c >&5
configure:10689: $? = 0
configure:10698: result: yes
configure:10670: checking whether memrchr is declared without a macro
configure:10689: clang -c -finstrument-functions -g -gdwarf-4  conftest.c >&5
configure:10689: $? = 0
configure:10698: result: yes
configure:10670: checking whether rawmemchr is declared without a macro
configure:10689: clang -c -finstrument-functions -g -gdwarf-4  conftest.c >&5
configure:10689: $? = 0
configure:10698: result: yes
configure:10670: checking whether stpcpy is declared without a macro
configure:10689: clang -c -finstrument-functions -g -gdwarf-4  conftest.c >&5
configure:10689: $? = 0
configure:10698: result: yes
configure:10670: checking whether stpncpy is declared without a macro
configure:10689: clang -c -finstrument-functions -g -gdwarf-4  conftest.c >&5
configure:10689: $? = 0
configure:10698: result: yes
configure:10670: checking whether strchrnul is declared without a macro
configure:10689: clang -c -finstrument-functions -g -gdwarf-4  conftest.c >&5
configure:10689: $? = 0
configure:10698: result: yes
configure:10670: checking whether strdup is declared without a macro
configure:10689: clang -c -finstrument-functions -g -gdwarf-4  conftest.c >&5
configure:10689: $? = 0
configure:10698: result: yes
configure:10670: checking whether strncat is declared without a macro
configure:10689: clang -c -finstrument-functions -g -gdwarf-4  conftest.c >&5
configure:10689: $? = 0
configure:10698: result: yes
configure:10670: checking whether strndup is declared without a macro
configure:10689: clang -c -finstrument-functions -g -gdwarf-4  conftest.c >&5
configure:10689: $? = 0
configure:10698: result: yes
configure:10670: checking whether strnlen is declared without a macro
configure:10689: clang -c -finstrument-functions -g -gdwarf-4  conftest.c >&5
configure:10689: $? = 0
configure:10698: result: yes
configure:10670: checking whether strpbrk is declared without a macro
configure:10689: clang -c -finstrument-functions -g -gdwarf-4  conftest.c >&5
configure:10689: $? = 0
configure:10698: result: yes
configure:10670: checking whether strsep is declared without a macro
configure:10689: clang -c -finstrument-functions -g -gdwarf-4  conftest.c >&5
configure:10689: $? = 0
configure:10698: result: yes
configure:10670: checking whether strcasestr is declared without a macro
configure:10689: clang -c -finstrument-functions -g -gdwarf-4  conftest.c >&5
configure:10689: $? = 0
configure:10698: result: yes
configure:10670: checking whether strtok_r is declared without a macro
configure:10689: clang -c -finstrument-functions -g -gdwarf-4  conftest.c >&5
configure:10689: $? = 0
configure:10698: result: yes
configure:10670: checking whether strerror_r is declared without a macro
configure:10689: clang -c -finstrument-functions -g -gdwarf-4  conftest.c >&5
configure:10689: $? = 0
configure:10698: result: yes
configure:10670: checking whether strsignal is declared without a macro
configure:10689: clang -c -finstrument-functions -g -gdwarf-4  conftest.c >&5
configure:10689: $? = 0
configure:10698: result: yes
configure:10670: checking whether strverscmp is declared without a macro
configure:10689: clang -c -finstrument-functions -g -gdwarf-4  conftest.c >&5
configure:10689: $? = 0
configure:10698: result: yes
configure:10714: checking for mode_t
configure:10714: clang -c -finstrument-functions -g -gdwarf-4  conftest.c >&5
configure:10714: $? = 0
configure:10714: clang -c -finstrument-functions -g -gdwarf-4  conftest.c >&5
conftest.c:123:21: error: expected expression
if (sizeof ((mode_t)))
                    ^
1 error generated.
configure:10714: $? = 1
configure: failed program was:
| /* confdefs.h */
| #define PACKAGE_NAME "GNU Time"
| #define PACKAGE_TARNAME "time"
| #define PACKAGE_VERSION "1.9"
| #define PACKAGE_STRING "GNU Time 1.9"
| #define PACKAGE_BUGREPORT "bug-time@gnu.org"
| #define PACKAGE_URL "https://www.gnu.org/software/time/"
| #define PACKAGE "time"
| #define VERSION "1.9"
| #define HAVE_STDIO_H 1
| #define HAVE_STDLIB_H 1
| #define HAVE_STRING_H 1
| #define HAVE_INTTYPES_H 1
| #define HAVE_STDINT_H 1
| #define HAVE_STRINGS_H 1
| #define HAVE_SYS_STAT_H 1
| #define HAVE_SYS_TYPES_H 1
| #define HAVE_UNISTD_H 1
| #define HAVE_GETOPT_H 1
| #define HAVE_SYS_CDEFS_H 1
| #define HAVE_SYS_TIME_H 1
| #define HAVE_SYS_SOCKET_H 1
| #define HAVE_LIMITS_H 1
| #define HAVE_WCHAR_H 1
| #define HAVE_SYS_RESOURCE_H 1
| #define HAVE_SYS_WAIT_H 1
| #define STDC_HEADERS 1
| #define __EXTENSIONS__ 1
| #define _ALL_SOURCE 1
| #define _DARWIN_C_SOURCE 1
| #define _GNU_SOURCE 1
| #define _NETBSD_SOURCE 1
| #define _OPENBSD_SOURCE 1
| #define _POSIX_PTHREAD_SEMANTICS 1
| #define __STDC_WANT_IEC_60559_ATTRIBS_EXT__ 1
| #define __STDC_WANT_IEC_60559_BFP_EXT__ 1
| #define __STDC_WANT_IEC_60559_DFP_EXT__ 1
| #define __STDC_WANT_IEC_60559_FUNCS_EXT__ 1
| #define __STDC_WANT_IEC_60559_TYPES_EXT__ 1
| #define __STDC_WANT_LIB_EXT2__ 1
| #define __STDC_WANT_MATH_SPEC_FUNCS__ 1
| #define _TANDEM_SOURCE 1
| #define _HPUX_ALT_XOPEN_SOCKET_API 1
| #define HAVE_DECL_STRERROR_R 1
| #define HAVE_STRERROR_R 1
| #define STRERROR_R_CHAR_P 1
| #define HAVE_GETOPT_H 1
| #define HAVE_GETOPT_LONG_ONLY 1
| #define HAVE_GETRUSAGE 1
| #define HAVE_GETTIMEOFDAY 1
| #define HAVE_VPRINTF 1
| #define restrict __restrict
| #define HAVE_RAW_DECL_GETTIMEOFDAY 1
| #ifndef __arm64__
| #define __arm64__ 1
| #endif
| #ifndef __arm64__
| #define __arm64__ 1
| #endif
| #define HAVE_WINT_T 1
| #define HAVE_UNSIGNED_LONG_LONG_INT 1
| #define HAVE_LONG_LONG_INT 1
| #define HAVE_RAW_DECL_IMAXABS 1
| #define HAVE_RAW_DECL_IMAXDIV 1
| #define HAVE_RAW_DECL_STRTOIMAX 1
| #define HAVE_RAW_DECL_STRTOUMAX 1
| #define HAVE_INTTYPES_H 1
| #define HAVE_SIGSET_T 1
| #define HAVE__BOOL 1
| #define HAVE_WCHAR_T 1
| #define HAVE_RAW_DECL_FFSL 1
| #define HAVE_RAW_DECL_FFSLL 1
| #define HAVE_RAW_DECL_MEMMEM 1
| #define HAVE_RAW_DECL_MEMPCPY 1
| #define HAVE_RAW_DECL_MEMRCHR 1
| #define HAVE_RAW_DECL_RAWMEMCHR 1
| #define HAVE_RAW_DECL_STPCPY 1
| #define HAVE_RAW_DECL_STPNCPY 1
| #define HAVE_RAW_DECL_STRCHRNUL 1
| #define HAVE_RAW_DECL_STRDUP 1
| #define HAVE_RAW_DECL_STRNCAT 1
| #define HAVE_RAW_DECL_STRNDUP 1
| #define HAVE_RAW_DECL_STRNLEN 1
| #define HAVE_RAW_DECL_STRPBRK 1
| #define HAVE_RAW_DECL_STRSEP 1
| #define HAVE_RAW_DECL_STRCASESTR 1
| #define HAVE_RAW_DECL_STRTOK_R 1
| #define HAVE_RAW_DECL_STRERROR_R 1
| #define HAVE_RAW_DECL_STRSIGNAL 1
| #define HAVE_RAW_DECL_STRVERSCMP 1
| /* end confdefs.h.  */
| #include <stddef.h>
| #ifdef HAVE_STDIO_H
| # include <stdio.h>
| #endif
| #ifdef HAVE_STDLIB_H
| # include <stdlib.h>
| #endif
| #ifdef HAVE_STRING_H
| # include <string.h>
| #endif
| #ifdef HAVE_INTTYPES_H
| # include <inttypes.h>
| #endif
| #ifdef HAVE_STDINT_H
| # include <stdint.h>
| #endif
| #ifdef HAVE_STRINGS_H
| # include <strings.h>
| #endif
| #ifdef HAVE_SYS_TYPES_H
| # include <sys/types.h>
| #endif
| #ifdef HAVE_SYS_STAT_H
| # include <sys/stat.h>
| #endif
| #ifdef HAVE_UNISTD_H
| # include <unistd.h>
| #endif
| int
| main (void)
| {
| if (sizeof ((mode_t)))
| 	    return 0;
|   ;
|   return 0;
| }
configure:10714: result: yes
configure:10826: checking for struct timespec in <time.h>
configure:10844: clang -c -finstrument-functions -g -gdwarf-4  conftest.c >&5
configure:10844: $? = 0
configure:10852: result: yes
configure:11069: checking whether // is distinct from /
configure:11099: result: no
configure:11109: checking for error_at_line
configure:11126: clang -o conftest -finstrument-functions -g -gdwarf-4   conftest.c  >&5
configure:11126: $? = 0
configure:11135: result: yes
configure:11224: checking for getpagesize
configure:11224: clang -o conftest -finstrument-functions -g -gdwarf-4   conftest.c  >&5
configure:11224: $? = 0
configure:11224: result: yes
configure:11259: checking whether getpagesize is declared
configure:11259: clang -c -finstrument-functions -g -gdwarf-4 -fno-builtin  conftest.c >&5
configure:11259: $? = 0
configure:11259: result: yes
configure:11298: checking whether program_invocation_name is declared
configure:11298: clang -c -finstrument-functions -g -gdwarf-4 -fno-builtin  conftest.c >&5
configure:11298: $? = 0
configure:11298: result: yes
configure:11312: checking whether program_invocation_short_name is declared
configure:11312: clang -c -finstrument-functions -g -gdwarf-4 -fno-builtin  conftest.c >&5
configure:11312: $? = 0
configure:11312: result: yes
configure:11326: checking whether __argv is declared
configure:11326: clang -c -finstrument-functions -g -gdwarf-4 -fno-builtin  conftest.c >&5
conftest.c:106:10: error: use of undeclared identifier '__argv'
  (void) __argv;
         ^
1 error generated.
configure:11326: $? = 1
configure: failed program was:
| /* confdefs.h */
| #define PACKAGE_NAME "GNU Time"
| #define PACKAGE_TARNAME "time"
| #define PACKAGE_VERSION "1.9"
| #define PACKAGE_STRING "GNU Time 1.9"
| #define PACKAGE_BUGREPORT "bug-time@gnu.org"
| #define PACKAGE_URL "https://www.gnu.org/software/time/"
| #define PACKAGE "time"
| #define VERSION "1.9"
| #define HAVE_STDIO_H 1
| #define HAVE_STDLIB_H 1
| #define HAVE_STRING_H 1
| #define HAVE_INTTYPES_H 1
| #define HAVE_STDINT_H 1
| #define HAVE_STRINGS_H 1
| #define HAVE_SYS_STAT_H 1
| #define HAVE_SYS_TYPES_H 1
| #define HAVE_UNISTD_H 1
| #define HAVE_GETOPT_H 1
| #define HAVE_SYS_CDEFS_H 1
| #define HAVE_SYS_TIME_H 1
| #define HAVE_SYS_SOCKET_H 1
| #define HAVE_LIMITS_H 1
| #define HAVE_WCHAR_H 1
| #define HAVE_SYS_RESOURCE_H 1
| #define HAVE_SYS_WAIT_H 1
| #define STDC_HEADERS 1
| #define __EXTENSIONS__ 1
| #define _ALL_SOURCE 1
| #define _DARWIN_C_SOURCE 1
| #define _GNU_SOURCE 1
| #define _NETBSD_SOURCE 1
| #define _OPENBSD_SOURCE 1
| #define _POSIX_PTHREAD_SEMANTICS 1
| #define __STDC_WANT_IEC_60559_ATTRIBS_EXT__ 1
| #define __STDC_WANT_IEC_60559_BFP_EXT__ 1
| #define __STDC_WANT_IEC_60559_DFP_EXT__ 1
| #define __STDC_WANT_IEC_60559_FUNCS_EXT__ 1
| #define __STDC_WANT_IEC_60559_TYPES_EXT__ 1
| #define __STDC_WANT_LIB_EXT2__ 1
| #define __STDC_WANT_MATH_SPEC_FUNCS__ 1
| #define _TANDEM_SOURCE 1
| #define _HPUX_ALT_XOPEN_SOCKET_API 1
| #define HAVE_DECL_STRERROR_R 1
| #define HAVE_STRERROR_R 1
| #define STRERROR_R_CHAR_P 1
| #define HAVE_GETOPT_H 1
| #define HAVE_GETOPT_LONG_ONLY 1
| #define HAVE_GETRUSAGE 1
| #define HAVE_GETTIMEOFDAY 1
| #define HAVE_VPRINTF 1
| #define restrict __restrict
| #define HAVE_RAW_DECL_GETTIMEOFDAY 1
| #ifndef __arm64__
| #define __arm64__ 1
| #endif
| #ifndef __arm64__
| #define __arm64__ 1
| #endif
| #define HAVE_WINT_T 1
| #define HAVE_UNSIGNED_LONG_LONG_INT 1
| #define HAVE_LONG_LONG_INT 1
| #define HAVE_RAW_DECL_IMAXABS 1
| #define HAVE_RAW_DECL_IMAXDIV 1
| #define HAVE_RAW_DECL_STRTOIMAX 1
| #define HAVE_RAW_DECL_STRTOUMAX 1
| #define HAVE_INTTYPES_H 1
| #define HAVE_SIGSET_T 1
| #define HAVE__BOOL 1
| #define HAVE_WCHAR_T 1
| #define HAVE_RAW_DECL_FFSL 1
| #define HAVE_RAW_DECL_FFSLL 1
| #define HAVE_RAW_DECL_MEMMEM 1
| #define HAVE_RAW_DECL_MEMPCPY 1
| #define HAVE_RAW_DECL_MEMRCHR 1
| #define HAVE_RAW_DECL_RAWMEMCHR 1
| #define HAVE_RAW_DECL_STPCPY 1
| #define HAVE_RAW_DECL_STPNCPY 1
| #define HAVE_RAW_DECL_STRCHRNUL 1
| #define HAVE_RAW_DECL_STRDUP 1
| #define HAVE_RAW_DECL_STRNCAT 1
| #define HAVE_RAW_DECL_STRNDUP 1
| #define HAVE_RAW_DECL_STRNLEN 1
| #define HAVE_RAW_DECL_STRPBRK 1
| #define HAVE_RAW_DECL_STRSEP 1
| #define HAVE_RAW_DECL_STRCASESTR 1
| #define HAVE_RAW_DECL_STRTOK_R 1
| #define HAVE_RAW_DECL_STRERROR_R 1
| #define HAVE_RAW_DECL_STRSIGNAL 1
| #define HAVE_RAW_DECL_STRVERSCMP 1
| #define _USE_STD_STAT 1
| #define HAVE_GETPAGESIZE 1
| #define GNULIB_TEST_GETPAGESIZE 1
| #define HAVE_DECL_PROGRAM_INVOCATION_NAME 1
| #define HAVE_DECL_PROGRAM_INVOCATION_SHORT_NAME 1
| /* end confdefs.h.  */
| #include <stdlib.h>
| 
| int
| main (void)
| {
| #ifndef __argv
| #ifdef __cplusplus
|   (void) __argv;
| #else
|   (void) __argv;
| #endif
| #endif
| 
|   ;
|   return 0;
| }
configure:11326: result: no
configure:11436: checking whether gettimeofday clobbers localtime buffer
configure:11479: clang -o conftest -finstrument-functions -g -gdwarf-4   conftest.c  >&5
configure:11479: $? = 0
configure:11479: ./conftest
configure:11479: $? = 0
configure:11490: result: no
configure:11509: checking for gettimeofday with POSIX signature
configure:11538: clang -c -finstrument-functions -g -gdwarf-4  conftest.c >&5
configure:11538: $? = 0
configure:11565: result: yes
configure:11649: clang -c -finstrument-functions -g -gdwarf-4  conftest.c >&5
conftest.c:103:23: error: redeclaration of 'foo' with a different type: 'int' vs 'intptr_t' (aka 'long')
           extern int foo;
                      ^
conftest.c:102:28: note: previous declaration is here
           extern intptr_t foo;
                           ^
1 error generated.
configure:11649: $? = 1
configure: failed program was:
| /* confdefs.h */
| #define PACKAGE_NAME "GNU Time"
| #define PACKAGE_TARNAME "time"
| #define PACKAGE_VERSION "1.9"
| #define PACKAGE_STRING "GNU Time 1.9"
| #define PACKAGE_BUGREPORT "bug-time@gnu.org"
| #define PACKAGE_URL "https://www.gnu.org/software/time/"
| #define PACKAGE "time"
| #define VERSION "1.9"
| #define HAVE_STDIO_H 1
| #define HAVE_STDLIB_H 1
| #define HAVE_STRING_H 1
| #define HAVE_INTTYPES_H 1
| #define HAVE_STDINT_H 1
| #define HAVE_STRINGS_H 1
| #define HAVE_SYS_STAT_H 1
| #define HAVE_SYS_TYPES_H 1
| #define HAVE_UNISTD_H 1
| #define HAVE_GETOPT_H 1
| #define HAVE_SYS_CDEFS_H 1
| #define HAVE_SYS_TIME_H 1
| #define HAVE_SYS_SOCKET_H 1
| #define HAVE_LIMITS_H 1
| #define HAVE_WCHAR_H 1
| #define HAVE_SYS_RESOURCE_H 1
| #define HAVE_SYS_WAIT_H 1
| #define STDC_HEADERS 1
| #define __EXTENSIONS__ 1
| #define _ALL_SOURCE 1
| #define _DARWIN_C_SOURCE 1
| #define _GNU_SOURCE 1
| #define _NETBSD_SOURCE 1
| #define _OPENBSD_SOURCE 1
| #define _POSIX_PTHREAD_SEMANTICS 1
| #define __STDC_WANT_IEC_60559_ATTRIBS_EXT__ 1
| #define __STDC_WANT_IEC_60559_BFP_EXT__ 1
| #define __STDC_WANT_IEC_60559_DFP_EXT__ 1
| #define __STDC_WANT_IEC_60559_FUNCS_EXT__ 1
| #define __STDC_WANT_IEC_60559_TYPES_EXT__ 1
| #define __STDC_WANT_LIB_EXT2__ 1
| #define __STDC_WANT_MATH_SPEC_FUNCS__ 1
| #define _TANDEM_SOURCE 1
| #define _HPUX_ALT_XOPEN_SOCKET_API 1
| #define HAVE_DECL_STRERROR_R 1
| #define HAVE_STRERROR_R 1
| #define STRERROR_R_CHAR_P 1
| #define HAVE_GETOPT_H 1
| #define HAVE_GETOPT_LONG_ONLY 1
| #define HAVE_GETRUSAGE 1
| #define HAVE_GETTIMEOFDAY 1
| #define HAVE_VPRINTF 1
| #define restrict __restrict
| #define HAVE_RAW_DECL_GETTIMEOFDAY 1
| #ifndef __arm64__
| #define __arm64__ 1
| #endif
| #ifndef __arm64__
| #define __arm64__ 1
| #endif
| #define HAVE_WINT_T 1
| #define HAVE_UNSIGNED_LONG_LONG_INT 1
| #define HAVE_LONG_LONG_INT 1
| #define HAVE_RAW_DECL_IMAXABS 1
| #define HAVE_RAW_DECL_IMAXDIV 1
| #define HAVE_RAW_DECL_STRTOIMAX 1
| #define HAVE_RAW_DECL_STRTOUMAX 1
| #define HAVE_INTTYPES_H 1
| #define HAVE_SIGSET_T 1
| #define HAVE__BOOL 1
| #define HAVE_WCHAR_T 1
| #define HAVE_RAW_DECL_FFSL 1
| #define HAVE_RAW_DECL_FFSLL 1
| #define HAVE_RAW_DECL_MEMMEM 1
| #define HAVE_RAW_DECL_MEMPCPY 1
| #define HAVE_RAW_DECL_MEMRCHR 1
| #define HAVE_RAW_DECL_RAWMEMCHR 1
| #define HAVE_RAW_DECL_STPCPY 1
| #define HAVE_RAW_DECL_STPNCPY 1
| #define HAVE_RAW_DECL_STRCHRNUL 1
| #define HAVE_RAW_DECL_STRDUP 1
| #define HAVE_RAW_DECL_STRNCAT 1
| #define HAVE_RAW_DECL_STRNDUP 1
| #define HAVE_RAW_DECL_STRNLEN 1
| #define HAVE_RAW_DECL_STRPBRK 1
| #define HAVE_RAW_DECL_STRSEP 1
| #define HAVE_RAW_DECL_STRCASESTR 1
| #define HAVE_RAW_DECL_STRTOK_R 1
| #define HAVE_RAW_DECL_STRERROR_R 1
| #define HAVE_RAW_DECL_STRSIGNAL 1
| #define HAVE_RAW_DECL_STRVERSCMP 1
| #define _USE_STD_STAT 1
| #define HAVE_GETPAGESIZE 1
| #define GNULIB_TEST_GETPAGESIZE 1
| #define HAVE_DECL_PROGRAM_INVOCATION_NAME 1
| #define HAVE_DECL_PROGRAM_INVOCATION_SHORT_NAME 1
| #define HAVE_DECL___ARGV 0
| #define GNULIB_TEST_GETRUSAGE 1
| #define GETTIMEOFDAY_TIMEZONE void
| #define GNULIB_TEST_GETTIMEOFDAY 1
| /* end confdefs.h.  */
| #include <stdint.h>
|            extern intptr_t foo;
|            extern int foo;
| int
| main (void)
| {
| 
|   ;
|   return 0;
| }
configure:11649: clang -c -finstrument-functions -g -gdwarf-4  conftest.c >&5
configure:11649: $? = 0
configure:11660: checking whether INT32_MAX < INTMAX_MAX
configure:11695: clang -c -finstrument-functions -g -gdwarf-4  conftest.c >&5
configure:11695: $? = 0
configure:11703: result: yes
configure:11714: checking whether INT64_MAX == LONG_MAX
configure:11749: clang -c -finstrument-functions -g -gdwarf-4  conftest.c >&5
configure:11749: $? = 0
configure:11757: result: yes
configure:11770: checking whether UINT32_MAX < UINTMAX_MAX
configure:11805: clang -c -finstrument-functions -g -gdwarf-4  conftest.c >&5
configure:11805: $? = 0
configure:11813: result: yes
configure:11824: checking whether UINT64_MAX == ULONG_MAX
configure:11859: clang -c -finstrument-functions -g -gdwarf-4  conftest.c >&5
configure:11859: $? = 0
configure:11867: result: yes
configure:11967: checking whether program_invocation_name is declared
configure:11967: result: yes
configure:11977: checking whether program_invocation_short_name is declared
configure:11977: result: yes
configure:12065: checking for volatile sig_atomic_t
configure:12065: clang -c -finstrument-functions -g -gdwarf-4  conftest.c >&5
configure:12065: $? = 0
configure:12065: clang -c -finstrument-functions -g -gdwarf-4  conftest.c >&5
conftest.c:113:36: error: expected expression
if (sizeof ((volatile sig_atomic_t)))
                                   ^
1 error generated.
configure:12065: $? = 1
configure: failed program was:
| /* confdefs.h */
| #define PACKAGE_NAME "GNU Time"
| #define PACKAGE_TARNAME "time"
| #define PACKAGE_VERSION "1.9"
| #define PACKAGE_STRING "GNU Time 1.9"
| #define PACKAGE_BUGREPORT "bug-time@gnu.org"
| #define PACKAGE_URL "https://www.gnu.org/software/time/"
| #define PACKAGE "time"
| #define VERSION "1.9"
| #define HAVE_STDIO_H 1
| #define HAVE_STDLIB_H 1
| #define HAVE_STRING_H 1
| #define HAVE_INTTYPES_H 1
| #define HAVE_STDINT_H 1
| #define HAVE_STRINGS_H 1
| #define HAVE_SYS_STAT_H 1
| #define HAVE_SYS_TYPES_H 1
| #define HAVE_UNISTD_H 1
| #define HAVE_GETOPT_H 1
| #define HAVE_SYS_CDEFS_H 1
| #define HAVE_SYS_TIME_H 1
| #define HAVE_SYS_SOCKET_H 1
| #define HAVE_LIMITS_H 1
| #define HAVE_WCHAR_H 1
| #define HAVE_SYS_RESOURCE_H 1
| #define HAVE_SYS_WAIT_H 1
| #define STDC_HEADERS 1
| #define __EXTENSIONS__ 1
| #define _ALL_SOURCE 1
| #define _DARWIN_C_SOURCE 1
| #define _GNU_SOURCE 1
| #define _NETBSD_SOURCE 1
| #define _OPENBSD_SOURCE 1
| #define _POSIX_PTHREAD_SEMANTICS 1
| #define __STDC_WANT_IEC_60559_ATTRIBS_EXT__ 1
| #define __STDC_WANT_IEC_60559_BFP_EXT__ 1
| #define __STDC_WANT_IEC_60559_DFP_EXT__ 1
| #define __STDC_WANT_IEC_60559_FUNCS_EXT__ 1
| #define __STDC_WANT_IEC_60559_TYPES_EXT__ 1
| #define __STDC_WANT_LIB_EXT2__ 1
| #define __STDC_WANT_MATH_SPEC_FUNCS__ 1
| #define _TANDEM_SOURCE 1
| #define _HPUX_ALT_XOPEN_SOCKET_API 1
| #define HAVE_DECL_STRERROR_R 1
| #define HAVE_STRERROR_R 1
| #define STRERROR_R_CHAR_P 1
| #define HAVE_GETOPT_H 1
| #define HAVE_GETOPT_LONG_ONLY 1
| #define HAVE_GETRUSAGE 1
| #define HAVE_GETTIMEOFDAY 1
| #define HAVE_VPRINTF 1
| #define restrict __restrict
| #define HAVE_RAW_DECL_GETTIMEOFDAY 1
| #ifndef __arm64__
| #define __arm64__ 1
| #endif
| #ifndef __arm64__
| #define __arm64__ 1
| #endif
| #define HAVE_WINT_T 1
| #define HAVE_UNSIGNED_LONG_LONG_INT 1
| #define HAVE_LONG_LONG_INT 1
| #define HAVE_RAW_DECL_IMAXABS 1
| #define HAVE_RAW_DECL_IMAXDIV 1
| #define HAVE_RAW_DECL_STRTOIMAX 1
| #define HAVE_RAW_DECL_STRTOUMAX 1
| #define HAVE_INTTYPES_H 1
| #define HAVE_SIGSET_T 1
| #define HAVE__BOOL 1
| #define HAVE_WCHAR_T 1
| #define HAVE_RAW_DECL_FFSL 1
| #define HAVE_RAW_DECL_FFSLL 1
| #define HAVE_RAW_DECL_MEMMEM 1
| #define HAVE_RAW_DECL_MEMPCPY 1
| #define HAVE_RAW_DECL_MEMRCHR 1
| #define HAVE_RAW_DECL_RAWMEMCHR 1
| #define HAVE_RAW_DECL_STPCPY 1
| #define HAVE_RAW_DECL_STPNCPY 1
| #define HAVE_RAW_DECL_STRCHRNUL 1
| #define HAVE_RAW_DECL_STRDUP 1
| #define HAVE_RAW_DECL_STRNCAT 1
| #define HAVE_RAW_DECL_STRNDUP 1
| #define HAVE_RAW_DECL_STRNLEN 1
| #define HAVE_RAW_DECL_STRPBRK 1
| #define HAVE_RAW_DECL_STRSEP 1
| #define HAVE_RAW_DECL_STRCASESTR 1
| #define HAVE_RAW_DECL_STRTOK_R 1
| #define HAVE_RAW_DECL_STRERROR_R 1
| #define HAVE_RAW_DECL_STRSIGNAL 1
| #define HAVE_RAW_DECL_STRVERSCMP 1
| #define _USE_STD_STAT 1
| #define HAVE_GETPAGESIZE 1
| #define GNULIB_TEST_GETPAGESIZE 1
| #define HAVE_DECL_PROGRAM_INVOCATION_NAME 1
| #define HAVE_DECL_PROGRAM_INVOCATION_SHORT_NAME 1
| #define HAVE_DECL___ARGV 0
| #define GNULIB_TEST_GETRUSAGE 1
| #define GETTIMEOFDAY_TIMEZONE void
| #define GNULIB_TEST_GETTIMEOFDAY 1
| #define HAVE_MALLOC_POSIX 1
| #define GNULIB_TEST_MALLOC_POSIX 1
| #define GNULIB_MSVC_NOTHROW 1
| #define HAVE_DECL_PROGRAM_INVOCATION_NAME 1
| #define HAVE_DECL_PROGRAM_INVOCATION_SHORT_NAME 1
| /* end confdefs.h.  */
| 
| #include <signal.h>
| 
| 
| int
| main (void)
| {
| if (sizeof ((volatile sig_atomic_t)))
| 	    return 0;
|   ;
|   return 0;
| }
configure:12065: result: yes
configure:12082: checking for sighandler_t
configure:12082: clang -c -finstrument-functions -g -gdwarf-4  conftest.c >&5
configure:12082: $? = 0
configure:12082: clang -c -finstrument-functions -g -gdwarf-4  conftest.c >&5
conftest.c:113:27: error: expected expression
if (sizeof ((sighandler_t)))
                          ^
1 error generated.
configure:12082: $? = 1
configure: failed program was:
| /* confdefs.h */
| #define PACKAGE_NAME "GNU Time"
| #define PACKAGE_TARNAME "time"
| #define PACKAGE_VERSION "1.9"
| #define PACKAGE_STRING "GNU Time 1.9"
| #define PACKAGE_BUGREPORT "bug-time@gnu.org"
| #define PACKAGE_URL "https://www.gnu.org/software/time/"
| #define PACKAGE "time"
| #define VERSION "1.9"
| #define HAVE_STDIO_H 1
| #define HAVE_STDLIB_H 1
| #define HAVE_STRING_H 1
| #define HAVE_INTTYPES_H 1
| #define HAVE_STDINT_H 1
| #define HAVE_STRINGS_H 1
| #define HAVE_SYS_STAT_H 1
| #define HAVE_SYS_TYPES_H 1
| #define HAVE_UNISTD_H 1
| #define HAVE_GETOPT_H 1
| #define HAVE_SYS_CDEFS_H 1
| #define HAVE_SYS_TIME_H 1
| #define HAVE_SYS_SOCKET_H 1
| #define HAVE_LIMITS_H 1
| #define HAVE_WCHAR_H 1
| #define HAVE_SYS_RESOURCE_H 1
| #define HAVE_SYS_WAIT_H 1
| #define STDC_HEADERS 1
| #define __EXTENSIONS__ 1
| #define _ALL_SOURCE 1
| #define _DARWIN_C_SOURCE 1
| #define _GNU_SOURCE 1
| #define _NETBSD_SOURCE 1
| #define _OPENBSD_SOURCE 1
| #define _POSIX_PTHREAD_SEMANTICS 1
| #define __STDC_WANT_IEC_60559_ATTRIBS_EXT__ 1
| #define __STDC_WANT_IEC_60559_BFP_EXT__ 1
| #define __STDC_WANT_IEC_60559_DFP_EXT__ 1
| #define __STDC_WANT_IEC_60559_FUNCS_EXT__ 1
| #define __STDC_WANT_IEC_60559_TYPES_EXT__ 1
| #define __STDC_WANT_LIB_EXT2__ 1
| #define __STDC_WANT_MATH_SPEC_FUNCS__ 1
| #define _TANDEM_SOURCE 1
| #define _HPUX_ALT_XOPEN_SOCKET_API 1
| #define HAVE_DECL_STRERROR_R 1
| #define HAVE_STRERROR_R 1
| #define STRERROR_R_CHAR_P 1
| #define HAVE_GETOPT_H 1
| #define HAVE_GETOPT_LONG_ONLY 1
| #define HAVE_GETRUSAGE 1
| #define HAVE_GETTIMEOFDAY 1
| #define HAVE_VPRINTF 1
| #define restrict __restrict
| #define HAVE_RAW_DECL_GETTIMEOFDAY 1
| #ifndef __arm64__
| #define __arm64__ 1
| #endif
| #ifndef __arm64__
| #define __arm64__ 1
| #endif
| #define HAVE_WINT_T 1
| #define HAVE_UNSIGNED_LONG_LONG_INT 1
| #define HAVE_LONG_LONG_INT 1
| #define HAVE_RAW_DECL_IMAXABS 1
| #define HAVE_RAW_DECL_IMAXDIV 1
| #define HAVE_RAW_DECL_STRTOIMAX 1
| #define HAVE_RAW_DECL_STRTOUMAX 1
| #define HAVE_INTTYPES_H 1
| #define HAVE_SIGSET_T 1
| #define HAVE__BOOL 1
| #define HAVE_WCHAR_T 1
| #define HAVE_RAW_DECL_FFSL 1
| #define HAVE_RAW_DECL_FFSLL 1
| #define HAVE_RAW_DECL_MEMMEM 1
| #define HAVE_RAW_DECL_MEMPCPY 1
| #define HAVE_RAW_DECL_MEMRCHR 1
| #define HAVE_RAW_DECL_RAWMEMCHR 1
| #define HAVE_RAW_DECL_STPCPY 1
| #define HAVE_RAW_DECL_STPNCPY 1
| #define HAVE_RAW_DECL_STRCHRNUL 1
| #define HAVE_RAW_DECL_STRDUP 1
| #define HAVE_RAW_DECL_STRNCAT 1
| #define HAVE_RAW_DECL_STRNDUP 1
| #define HAVE_RAW_DECL_STRNLEN 1
| #define HAVE_RAW_DECL_STRPBRK 1
| #define HAVE_RAW_DECL_STRSEP 1
| #define HAVE_RAW_DECL_STRCASESTR 1
| #define HAVE_RAW_DECL_STRTOK_R 1
| #define HAVE_RAW_DECL_STRERROR_R 1
| #define HAVE_RAW_DECL_STRSIGNAL 1
| #define HAVE_RAW_DECL_STRVERSCMP 1
| #define _USE_STD_STAT 1
| #define HAVE_GETPAGESIZE 1
| #define GNULIB_TEST_GETPAGESIZE 1
| #define HAVE_DECL_PROGRAM_INVOCATION_NAME 1
| #define HAVE_DECL_PROGRAM_INVOCATION_SHORT_NAME 1
| #define HAVE_DECL___ARGV 0
| #define GNULIB_TEST_GETRUSAGE 1
| #define GETTIMEOFDAY_TIMEZONE void
| #define GNULIB_TEST_GETTIMEOFDAY 1
| #define HAVE_MALLOC_POSIX 1
| #define GNULIB_TEST_MALLOC_POSIX 1
| #define GNULIB_MSVC_NOTHROW 1
| #define HAVE_DECL_PROGRAM_INVOCATION_NAME 1
| #define HAVE_DECL_PROGRAM_INVOCATION_SHORT_NAME 1
| /* end confdefs.h.  */
| 
| #include <signal.h>
| 
| 
| int
| main (void)
| {
| if (sizeof ((sighandler_t)))
| 	    return 0;
|   ;
|   return 0;
| }
configure:12082: result: yes
configure:12097: checking whether pthread_sigmask is declared without a macro
configure:12116: clang -c -finstrument-functions -g -gdwarf-4  conftest.c >&5
configure:12116: $? = 0
configure:12125: result: yes
configure:12097: checking whether sigaction is declared without a macro
configure:12116: clang -c -finstrument-functions -g -gdwarf-4  conftest.c >&5
configure:12116: $? = 0
configure:12125: result: yes
configure:12097: checking whether sigaddset is declared without a macro
configure:12116: clang -c -finstrument-functions -g -gdwarf-4  conftest.c >&5
configure:12116: $? = 0
configure:12125: result: yes
configure:12097: checking whether sigdelset is declared without a macro
configure:12116: clang -c -finstrument-functions -g -gdwarf-4  conftest.c >&5
configure:12116: $? = 0
configure:12125: result: yes
configure:12097: checking whether sigemptyset is declared without a macro
configure:12116: clang -c -finstrument-functions -g -gdwarf-4  conftest.c >&5
configure:12116: $? = 0
configure:12125: result: yes
configure:12097: checking whether sigfillset is declared without a macro
configure:12116: clang -c -finstrument-functions -g -gdwarf-4  conftest.c >&5
configure:12116: $? = 0
configure:12125: result: yes
configure:12097: checking whether sigismember is declared without a macro
configure:12116: clang -c -finstrument-functions -g -gdwarf-4  conftest.c >&5
configure:12116: $? = 0
configure:12125: result: yes
configure:12097: checking whether sigpending is declared without a macro
configure:12116: clang -c -finstrument-functions -g -gdwarf-4  conftest.c >&5
configure:12116: $? = 0
configure:12125: result: yes
configure:12097: checking whether sigprocmask is declared without a macro
configure:12116: clang -c -finstrument-functions -g -gdwarf-4  conftest.c >&5
configure:12116: $? = 0
configure:12125: result: yes
configure:12139: checking for ssize_t
configure:12157: clang -c -finstrument-functions -g -gdwarf-4  conftest.c >&5
configure:12157: $? = 0
configure:12165: result: yes
configure:12176: checking for va_copy
configure:12198: clang -c -finstrument-functions -g -gdwarf-4  conftest.c >&5
configure:12198: $? = 0
configure:12207: result: yes
configure:12393: checking for max_align_t
configure:12393: clang -c -finstrument-functions -g -gdwarf-4  conftest.c >&5
configure:12393: $? = 0
configure:12393: clang -c -finstrument-functions -g -gdwarf-4  conftest.c >&5
conftest.c:121:26: error: expected expression
if (sizeof ((max_align_t)))
                         ^
1 error generated.
configure:12393: $? = 1
configure: failed program was:
| /* confdefs.h */
| #define PACKAGE_NAME "GNU Time"
| #define PACKAGE_TARNAME "time"
| #define PACKAGE_VERSION "1.9"
| #define PACKAGE_STRING "GNU Time 1.9"
| #define PACKAGE_BUGREPORT "bug-time@gnu.org"
| #define PACKAGE_URL "https://www.gnu.org/software/time/"
| #define PACKAGE "time"
| #define VERSION "1.9"
| #define HAVE_STDIO_H 1
| #define HAVE_STDLIB_H 1
| #define HAVE_STRING_H 1
| #define HAVE_INTTYPES_H 1
| #define HAVE_STDINT_H 1
| #define HAVE_STRINGS_H 1
| #define HAVE_SYS_STAT_H 1
| #define HAVE_SYS_TYPES_H 1
| #define HAVE_UNISTD_H 1
| #define HAVE_GETOPT_H 1
| #define HAVE_SYS_CDEFS_H 1
| #define HAVE_SYS_TIME_H 1
| #define HAVE_SYS_SOCKET_H 1
| #define HAVE_LIMITS_H 1
| #define HAVE_WCHAR_H 1
| #define HAVE_SYS_RESOURCE_H 1
| #define HAVE_SYS_WAIT_H 1
| #define STDC_HEADERS 1
| #define __EXTENSIONS__ 1
| #define _ALL_SOURCE 1
| #define _DARWIN_C_SOURCE 1
| #define _GNU_SOURCE 1
| #define _NETBSD_SOURCE 1
| #define _OPENBSD_SOURCE 1
| #define _POSIX_PTHREAD_SEMANTICS 1
| #define __STDC_WANT_IEC_60559_ATTRIBS_EXT__ 1
| #define __STDC_WANT_IEC_60559_BFP_EXT__ 1
| #define __STDC_WANT_IEC_60559_DFP_EXT__ 1
| #define __STDC_WANT_IEC_60559_FUNCS_EXT__ 1
| #define __STDC_WANT_IEC_60559_TYPES_EXT__ 1
| #define __STDC_WANT_LIB_EXT2__ 1
| #define __STDC_WANT_MATH_SPEC_FUNCS__ 1
| #define _TANDEM_SOURCE 1
| #define _HPUX_ALT_XOPEN_SOCKET_API 1
| #define HAVE_DECL_STRERROR_R 1
| #define HAVE_STRERROR_R 1
| #define STRERROR_R_CHAR_P 1
| #define HAVE_GETOPT_H 1
| #define HAVE_GETOPT_LONG_ONLY 1
| #define HAVE_GETRUSAGE 1
| #define HAVE_GETTIMEOFDAY 1
| #define HAVE_VPRINTF 1
| #define restrict __restrict
| #define HAVE_RAW_DECL_GETTIMEOFDAY 1
| #ifndef __arm64__
| #define __arm64__ 1
| #endif
| #ifndef __arm64__
| #define __arm64__ 1
| #endif
| #define HAVE_WINT_T 1
| #define HAVE_UNSIGNED_LONG_LONG_INT 1
| #define HAVE_LONG_LONG_INT 1
| #define HAVE_RAW_DECL_IMAXABS 1
| #define HAVE_RAW_DECL_IMAXDIV 1
| #define HAVE_RAW_DECL_STRTOIMAX 1
| #define HAVE_RAW_DECL_STRTOUMAX 1
| #define HAVE_INTTYPES_H 1
| #define HAVE_SIGSET_T 1
| #define HAVE__BOOL 1
| #define HAVE_WCHAR_T 1
| #define HAVE_RAW_DECL_FFSL 1
| #define HAVE_RAW_DECL_FFSLL 1
| #define HAVE_RAW_DECL_MEMMEM 1
| #define HAVE_RAW_DECL_MEMPCPY 1
| #define HAVE_RAW_DECL_MEMRCHR 1
| #define HAVE_RAW_DECL_RAWMEMCHR 1
| #define HAVE_RAW_DECL_STPCPY 1
| #define HAVE_RAW_DECL_STPNCPY 1
| #define HAVE_RAW_DECL_STRCHRNUL 1
| #define HAVE_RAW_DECL_STRDUP 1
| #define HAVE_RAW_DECL_STRNCAT 1
| #define HAVE_RAW_DECL_STRNDUP 1
| #define HAVE_RAW_DECL_STRNLEN 1
| #define HAVE_RAW_DECL_STRPBRK 1
| #define HAVE_RAW_DECL_STRSEP 1
| #define HAVE_RAW_DECL_STRCASESTR 1
| #define HAVE_RAW_DECL_STRTOK_R 1
| #define HAVE_RAW_DECL_STRERROR_R 1
| #define HAVE_RAW_DECL_STRSIGNAL 1
| #define HAVE_RAW_DECL_STRVERSCMP 1
| #define _USE_STD_STAT 1
| #define HAVE_GETPAGESIZE 1
| #define GNULIB_TEST_GETPAGESIZE 1
| #define HAVE_DECL_PROGRAM_INVOCATION_NAME 1
| #define HAVE_DECL_PROGRAM_INVOCATION_SHORT_NAME 1
| #define HAVE_DECL___ARGV 0
| #define GNULIB_TEST_GETRUSAGE 1
| #define GETTIMEOFDAY_TIMEZONE void
| #define GNULIB_TEST_GETTIMEOFDAY 1
| #define HAVE_MALLOC_POSIX 1
| #define GNULIB_TEST_MALLOC_POSIX 1
| #define GNULIB_MSVC_NOTHROW 1
| #define HAVE_DECL_PROGRAM_INVOCATION_NAME 1
| #define HAVE_DECL_PROGRAM_INVOCATION_SHORT_NAME 1
| #define HAVE_RAW_DECL_PTHREAD_SIGMASK 1
| #define HAVE_RAW_DECL_SIGACTION 1
| #define HAVE_RAW_DECL_SIGADDSET 1
| #define HAVE_RAW_DECL_SIGDELSET 1
| #define HAVE_RAW_DECL_SIGEMPTYSET 1
| #define HAVE_RAW_DECL_SIGFILLSET 1
| #define HAVE_RAW_DECL_SIGISMEMBER 1
| #define HAVE_RAW_DECL_SIGPENDING 1
| #define HAVE_RAW_DECL_SIGPROCMASK 1
| /* end confdefs.h.  */
| #include <stddef.h>
| 
| 
| int
| main (void)
| {
| if (sizeof ((max_align_t)))
| 	    return 0;
|   ;
|   return 0;
| }
configure:12393: result: yes
configure:12407: checking whether NULL can be used in arbitrary expressions
configure:12426: clang -c -finstrument-functions -g -gdwarf-4  conftest.c >&5
configure:12426: $? = 0
configure:12434: result: yes
configure:12603: checking which flavor of printf attribute matches inttypes macros
configure:12631: clang -c -finstrument-functions -g -gdwarf-4  conftest.c >&5
configure:12631: $? = 0
configure:12639: result: system
configure:12682: checking whether dprintf is declared without a macro
configure:12701: clang -c -finstrument-functions -g -gdwarf-4  conftest.c >&5
configure:12701: $? = 0
configure:12710: result: yes
configure:12682: checking whether fpurge is declared without a macro
configure:12701: clang -c -finstrument-functions -g -gdwarf-4  conftest.c >&5
conftest.c:125:10: error: use of undeclared identifier 'fpurge'
  (void) fpurge;
         ^
1 error generated.
configure:12701: $? = 1
configure: failed program was:
| /* confdefs.h */
| #define PACKAGE_NAME "GNU Time"
| #define PACKAGE_TARNAME "time"
| #define PACKAGE_VERSION "1.9"
| #define PACKAGE_STRING "GNU Time 1.9"
| #define PACKAGE_BUGREPORT "bug-time@gnu.org"
| #define PACKAGE_URL "https://www.gnu.org/software/time/"
| #define PACKAGE "time"
| #define VERSION "1.9"
| #define HAVE_STDIO_H 1
| #define HAVE_STDLIB_H 1
| #define HAVE_STRING_H 1
| #define HAVE_INTTYPES_H 1
| #define HAVE_STDINT_H 1
| #define HAVE_STRINGS_H 1
| #define HAVE_SYS_STAT_H 1
| #define HAVE_SYS_TYPES_H 1
| #define HAVE_UNISTD_H 1
| #define HAVE_GETOPT_H 1
| #define HAVE_SYS_CDEFS_H 1
| #define HAVE_SYS_TIME_H 1
| #define HAVE_SYS_SOCKET_H 1
| #define HAVE_LIMITS_H 1
| #define HAVE_WCHAR_H 1
| #define HAVE_SYS_RESOURCE_H 1
| #define HAVE_SYS_WAIT_H 1
| #define STDC_HEADERS 1
| #define __EXTENSIONS__ 1
| #define _ALL_SOURCE 1
| #define _DARWIN_C_SOURCE 1
| #define _GNU_SOURCE 1
| #define _NETBSD_SOURCE 1
| #define _OPENBSD_SOURCE 1
| #define _POSIX_PTHREAD_SEMANTICS 1
| #define __STDC_WANT_IEC_60559_ATTRIBS_EXT__ 1
| #define __STDC_WANT_IEC_60559_BFP_EXT__ 1
| #define __STDC_WANT_IEC_60559_DFP_EXT__ 1
| #define __STDC_WANT_IEC_60559_FUNCS_EXT__ 1
| #define __STDC_WANT_IEC_60559_TYPES_EXT__ 1
| #define __STDC_WANT_LIB_EXT2__ 1
| #define __STDC_WANT_MATH_SPEC_FUNCS__ 1
| #define _TANDEM_SOURCE 1
| #define _HPUX_ALT_XOPEN_SOCKET_API 1
| #define HAVE_DECL_STRERROR_R 1
| #define HAVE_STRERROR_R 1
| #define STRERROR_R_CHAR_P 1
| #define HAVE_GETOPT_H 1
| #define HAVE_GETOPT_LONG_ONLY 1
| #define HAVE_GETRUSAGE 1
| #define HAVE_GETTIMEOFDAY 1
| #define HAVE_VPRINTF 1
| #define restrict __restrict
| #define HAVE_RAW_DECL_GETTIMEOFDAY 1
| #ifndef __arm64__
| #define __arm64__ 1
| #endif
| #ifndef __arm64__
| #define __arm64__ 1
| #endif
| #define HAVE_WINT_T 1
| #define HAVE_UNSIGNED_LONG_LONG_INT 1
| #define HAVE_LONG_LONG_INT 1
| #define HAVE_RAW_DECL_IMAXABS 1
| #define HAVE_RAW_DECL_IMAXDIV 1
| #define HAVE_RAW_DECL_STRTOIMAX 1
| #define HAVE_RAW_DECL_STRTOUMAX 1
| #define HAVE_INTTYPES_H 1
| #define HAVE_SIGSET_T 1
| #define HAVE__BOOL 1
| #define HAVE_WCHAR_T 1
| #define HAVE_RAW_DECL_FFSL 1
| #define HAVE_RAW_DECL_FFSLL 1
| #define HAVE_RAW_DECL_MEMMEM 1
| #define HAVE_RAW_DECL_MEMPCPY 1
| #define HAVE_RAW_DECL_MEMRCHR 1
| #define HAVE_RAW_DECL_RAWMEMCHR 1
| #define HAVE_RAW_DECL_STPCPY 1
| #define HAVE_RAW_DECL_STPNCPY 1
| #define HAVE_RAW_DECL_STRCHRNUL 1
| #define HAVE_RAW_DECL_STRDUP 1
| #define HAVE_RAW_DECL_STRNCAT 1
| #define HAVE_RAW_DECL_STRNDUP 1
| #define HAVE_RAW_DECL_STRNLEN 1
| #define HAVE_RAW_DECL_STRPBRK 1
| #define HAVE_RAW_DECL_STRSEP 1
| #define HAVE_RAW_DECL_STRCASESTR 1
| #define HAVE_RAW_DECL_STRTOK_R 1
| #define HAVE_RAW_DECL_STRERROR_R 1
| #define HAVE_RAW_DECL_STRSIGNAL 1
| #define HAVE_RAW_DECL_STRVERSCMP 1
| #define _USE_STD_STAT 1
| #define HAVE_GETPAGESIZE 1
| #define GNULIB_TEST_GETPAGESIZE 1
| #define HAVE_DECL_PROGRAM_INVOCATION_NAME 1
| #define HAVE_DECL_PROGRAM_INVOCATION_SHORT_NAME 1
| #define HAVE_DECL___ARGV 0
| #define GNULIB_TEST_GETRUSAGE 1
| #define GETTIMEOFDAY_TIMEZONE void
| #define GNULIB_TEST_GETTIMEOFDAY 1
| #define HAVE_MALLOC_POSIX 1
| #define GNULIB_TEST_MALLOC_POSIX 1
| #define GNULIB_MSVC_NOTHROW 1
| #define HAVE_DECL_PROGRAM_INVOCATION_NAME 1
| #define HAVE_DECL_PROGRAM_INVOCATION_SHORT_NAME 1
| #define HAVE_RAW_DECL_PTHREAD_SIGMASK 1
| #define HAVE_RAW_DECL_SIGACTION 1
| #define HAVE_RAW_DECL_SIGADDSET 1
| #define HAVE_RAW_DECL_SIGDELSET 1
| #define HAVE_RAW_DECL_SIGEMPTYSET 1
| #define HAVE_RAW_DECL_SIGFILLSET 1
| #define HAVE_RAW_DECL_SIGISMEMBER 1
| #define HAVE_RAW_DECL_SIGPENDING 1
| #define HAVE_RAW_DECL_SIGPROCMASK 1
| #define __USE_MINGW_ANSI_STDIO 1
| #define GNULIB_FSCANF 1
| #define GNULIB_SCANF 1
| #define HAVE_RAW_DECL_DPRINTF 1
| /* end confdefs.h.  */
| #include <stdio.h>
| 
| int
| main (void)
| {
| #undef fpurge
|   (void) fpurge;
|   ;
|   return 0;
| }
configure:12710: result: no
configure:12682: checking whether fseeko is declared without a macro
configure:12701: clang -c -finstrument-functions -g -gdwarf-4  conftest.c >&5
configure:12701: $? = 0
configure:12710: result: yes
configure:12682: checking whether ftello is declared without a macro
configure:12701: clang -c -finstrument-functions -g -gdwarf-4  conftest.c >&5
configure:12701: $? = 0
configure:12710: result: yes
configure:12682: checking whether getdelim is declared without a macro
configure:12701: clang -c -finstrument-functions -g -gdwarf-4  conftest.c >&5
configure:12701: $? = 0
configure:12710: result: yes
configure:12682: checking whether getline is declared without a macro
configure:12701: clang -c -finstrument-functions -g -gdwarf-4  conftest.c >&5
configure:12701: $? = 0
configure:12710: result: yes
configure:12682: checking whether gets is declared without a macro
configure:12701: clang -c -finstrument-functions -g -gdwarf-4  conftest.c >&5
conftest.c:129:10: error: use of undeclared identifier 'gets'; did you mean 'goto'?
  (void) gets;
         ^~~~
         goto
conftest.c:129:10: error: expected expression
2 errors generated.
configure:12701: $? = 1
configure: failed program was:
| /* confdefs.h */
| #define PACKAGE_NAME "GNU Time"
| #define PACKAGE_TARNAME "time"
| #define PACKAGE_VERSION "1.9"
| #define PACKAGE_STRING "GNU Time 1.9"
| #define PACKAGE_BUGREPORT "bug-time@gnu.org"
| #define PACKAGE_URL "https://www.gnu.org/software/time/"
| #define PACKAGE "time"
| #define VERSION "1.9"
| #define HAVE_STDIO_H 1
| #define HAVE_STDLIB_H 1
| #define HAVE_STRING_H 1
| #define HAVE_INTTYPES_H 1
| #define HAVE_STDINT_H 1
| #define HAVE_STRINGS_H 1
| #define HAVE_SYS_STAT_H 1
| #define HAVE_SYS_TYPES_H 1
| #define HAVE_UNISTD_H 1
| #define HAVE_GETOPT_H 1
| #define HAVE_SYS_CDEFS_H 1
| #define HAVE_SYS_TIME_H 1
| #define HAVE_SYS_SOCKET_H 1
| #define HAVE_LIMITS_H 1
| #define HAVE_WCHAR_H 1
| #define HAVE_SYS_RESOURCE_H 1
| #define HAVE_SYS_WAIT_H 1
| #define STDC_HEADERS 1
| #define __EXTENSIONS__ 1
| #define _ALL_SOURCE 1
| #define _DARWIN_C_SOURCE 1
| #define _GNU_SOURCE 1
| #define _NETBSD_SOURCE 1
| #define _OPENBSD_SOURCE 1
| #define _POSIX_PTHREAD_SEMANTICS 1
| #define __STDC_WANT_IEC_60559_ATTRIBS_EXT__ 1
| #define __STDC_WANT_IEC_60559_BFP_EXT__ 1
| #define __STDC_WANT_IEC_60559_DFP_EXT__ 1
| #define __STDC_WANT_IEC_60559_FUNCS_EXT__ 1
| #define __STDC_WANT_IEC_60559_TYPES_EXT__ 1
| #define __STDC_WANT_LIB_EXT2__ 1
| #define __STDC_WANT_MATH_SPEC_FUNCS__ 1
| #define _TANDEM_SOURCE 1
| #define _HPUX_ALT_XOPEN_SOCKET_API 1
| #define HAVE_DECL_STRERROR_R 1
| #define HAVE_STRERROR_R 1
| #define STRERROR_R_CHAR_P 1
| #define HAVE_GETOPT_H 1
| #define HAVE_GETOPT_LONG_ONLY 1
| #define HAVE_GETRUSAGE 1
| #define HAVE_GETTIMEOFDAY 1
| #define HAVE_VPRINTF 1
| #define restrict __restrict
| #define HAVE_RAW_DECL_GETTIMEOFDAY 1
| #ifndef __arm64__
| #define __arm64__ 1
| #endif
| #ifndef __arm64__
| #define __arm64__ 1
| #endif
| #define HAVE_WINT_T 1
| #define HAVE_UNSIGNED_LONG_LONG_INT 1
| #define HAVE_LONG_LONG_INT 1
| #define HAVE_RAW_DECL_IMAXABS 1
| #define HAVE_RAW_DECL_IMAXDIV 1
| #define HAVE_RAW_DECL_STRTOIMAX 1
| #define HAVE_RAW_DECL_STRTOUMAX 1
| #define HAVE_INTTYPES_H 1
| #define HAVE_SIGSET_T 1
| #define HAVE__BOOL 1
| #define HAVE_WCHAR_T 1
| #define HAVE_RAW_DECL_FFSL 1
| #define HAVE_RAW_DECL_FFSLL 1
| #define HAVE_RAW_DECL_MEMMEM 1
| #define HAVE_RAW_DECL_MEMPCPY 1
| #define HAVE_RAW_DECL_MEMRCHR 1
| #define HAVE_RAW_DECL_RAWMEMCHR 1
| #define HAVE_RAW_DECL_STPCPY 1
| #define HAVE_RAW_DECL_STPNCPY 1
| #define HAVE_RAW_DECL_STRCHRNUL 1
| #define HAVE_RAW_DECL_STRDUP 1
| #define HAVE_RAW_DECL_STRNCAT 1
| #define HAVE_RAW_DECL_STRNDUP 1
| #define HAVE_RAW_DECL_STRNLEN 1
| #define HAVE_RAW_DECL_STRPBRK 1
| #define HAVE_RAW_DECL_STRSEP 1
| #define HAVE_RAW_DECL_STRCASESTR 1
| #define HAVE_RAW_DECL_STRTOK_R 1
| #define HAVE_RAW_DECL_STRERROR_R 1
| #define HAVE_RAW_DECL_STRSIGNAL 1
| #define HAVE_RAW_DECL_STRVERSCMP 1
| #define _USE_STD_STAT 1
| #define HAVE_GETPAGESIZE 1
| #define GNULIB_TEST_GETPAGESIZE 1
| #define HAVE_DECL_PROGRAM_INVOCATION_NAME 1
| #define HAVE_DECL_PROGRAM_INVOCATION_SHORT_NAME 1
| #define HAVE_DECL___ARGV 0
| #define GNULIB_TEST_GETRUSAGE 1
| #define GETTIMEOFDAY_TIMEZONE void
| #define GNULIB_TEST_GETTIMEOFDAY 1
| #define HAVE_MALLOC_POSIX 1
| #define GNULIB_TEST_MALLOC_POSIX 1
| #define GNULIB_MSVC_NOTHROW 1
| #define HAVE_DECL_PROGRAM_INVOCATION_NAME 1
| #define HAVE_DECL_PROGRAM_INVOCATION_SHORT_NAME 1
| #define HAVE_RAW_DECL_PTHREAD_SIGMASK 1
| #define HAVE_RAW_DECL_SIGACTION 1
| #define HAVE_RAW_DECL_SIGADDSET 1
| #define HAVE_RAW_DECL_SIGDELSET 1
| #define HAVE_RAW_DECL_SIGEMPTYSET 1
| #define HAVE_RAW_DECL_SIGFILLSET 1
| #define HAVE_RAW_DECL_SIGISMEMBER 1
| #define HAVE_RAW_DECL_SIGPENDING 1
| #define HAVE_RAW_DECL_SIGPROCMASK 1
| #define __USE_MINGW_ANSI_STDIO 1
| #define GNULIB_FSCANF 1
| #define GNULIB_SCANF 1
| #define HAVE_RAW_DECL_DPRINTF 1
| #define HAVE_RAW_DECL_FSEEKO 1
| #define HAVE_RAW_DECL_FTELLO 1
| #define HAVE_RAW_DECL_GETDELIM 1
| #define HAVE_RAW_DECL_GETLINE 1
| /* end confdefs.h.  */
| #include <stdio.h>
| 
| int
| main (void)
| {
| #undef gets
|   (void) gets;
|   ;
|   return 0;
| }
configure:12710: result: no
configure:12682: checking whether pclose is declared without a macro
configure:12701: clang -c -finstrument-functions -g -gdwarf-4  conftest.c >&5
configure:12701: $? = 0
configure:12710: result: yes
configure:12682: checking whether popen is declared without a macro
configure:12701: clang -c -finstrument-functions -g -gdwarf-4  conftest.c >&5
configure:12701: $? = 0
configure:12710: result: yes
configure:12682: checking whether renameat is declared without a macro
configure:12701: clang -c -finstrument-functions -g -gdwarf-4  conftest.c >&5
configure:12701: $? = 0
configure:12710: result: yes
configure:12682: checking whether snprintf is declared without a macro
configure:12701: clang -c -finstrument-functions -g -gdwarf-4  conftest.c >&5
configure:12701: $? = 0
configure:12710: result: yes
configure:12682: checking whether tmpfile is declared without a macro
configure:12701: clang -c -finstrument-functions -g -gdwarf-4  conftest.c >&5
configure:12701: $? = 0
configure:12710: result: yes
configure:12682: checking whether vdprintf is declared without a macro
configure:12701: clang -c -finstrument-functions -g -gdwarf-4  conftest.c >&5
configure:12701: $? = 0
configure:12710: result: yes
configure:12682: checking whether vsnprintf is declared without a macro
configure:12701: clang -c -finstrument-functions -g -gdwarf-4  conftest.c >&5
configure:12701: $? = 0
configure:12710: result: yes
configure:12801: checking whether _Exit is declared without a macro
configure:12829: clang -c -finstrument-functions -g -gdwarf-4  conftest.c >&5
configure:12829: $? = 0
configure:12838: result: yes
configure:12801: checking whether atoll is declared without a macro
configure:12829: clang -c -finstrument-functions -g -gdwarf-4  conftest.c >&5
configure:12829: $? = 0
configure:12838: result: yes
configure:12801: checking whether canonicalize_file_name is declared without a macro
configure:12829: clang -c -finstrument-functions -g -gdwarf-4  conftest.c >&5
configure:12829: $? = 0
configure:12838: result: yes
configure:12801: checking whether getloadavg is declared without a macro
configure:12829: clang -c -finstrument-functions -g -gdwarf-4  conftest.c >&5
configure:12829: $? = 0
configure:12838: result: yes
configure:12801: checking whether getsubopt is declared without a macro
configure:12829: clang -c -finstrument-functions -g -gdwarf-4  conftest.c >&5
configure:12829: $? = 0
configure:12838: result: yes
configure:12801: checking whether grantpt is declared without a macro
configure:12829: clang -c -finstrument-functions -g -gdwarf-4  conftest.c >&5
configure:12829: $? = 0
configure:12838: result: yes
configure:12801: checking whether initstate is declared without a macro
configure:12829: clang -c -finstrument-functions -g -gdwarf-4  conftest.c >&5
configure:12829: $? = 0
configure:12838: result: yes
configure:12801: checking whether initstate_r is declared without a macro
configure:12829: clang -c -finstrument-functions -g -gdwarf-4  conftest.c >&5
configure:12829: $? = 0
configure:12838: result: yes
configure:12801: checking whether mkdtemp is declared without a macro
configure:12829: clang -c -finstrument-functions -g -gdwarf-4  conftest.c >&5
configure:12829: $? = 0
configure:12838: result: yes
configure:12801: checking whether mkostemp is declared without a macro
configure:12829: clang -c -finstrument-functions -g -gdwarf-4  conftest.c >&5
configure:12829: $? = 0
configure:12838: result: yes
configure:12801: checking whether mkostemps is declared without a macro
configure:12829: clang -c -finstrument-functions -g -gdwarf-4  conftest.c >&5
configure:12829: $? = 0
configure:12838: result: yes
configure:12801: checking whether mkstemp is declared without a macro
configure:12829: clang -c -finstrument-functions -g -gdwarf-4  conftest.c >&5
configure:12829: $? = 0
configure:12838: result: yes
configure:12801: checking whether mkstemps is declared without a macro
configure:12829: clang -c -finstrument-functions -g -gdwarf-4  conftest.c >&5
configure:12829: $? = 0
configure:12838: result: yes
configure:12801: checking whether posix_openpt is declared without a macro
configure:12829: clang -c -finstrument-functions -g -gdwarf-4  conftest.c >&5
configure:12829: $? = 0
configure:12838: result: yes
configure:12801: checking whether ptsname is declared without a macro
configure:12829: clang -c -finstrument-functions -g -gdwarf-4  conftest.c >&5
configure:12829: $? = 0
configure:12838: result: yes
configure:12801: checking whether ptsname_r is declared without a macro
configure:12829: clang -c -finstrument-functions -g -gdwarf-4  conftest.c >&5
configure:12829: $? = 0
configure:12838: result: yes
configure:12801: checking whether qsort_r is declared without a macro
configure:12829: clang -c -finstrument-functions -g -gdwarf-4  conftest.c >&5
configure:12829: $? = 0
configure:12838: result: yes
configure:12801: checking whether random is declared without a macro
configure:12829: clang -c -finstrument-functions -g -gdwarf-4  conftest.c >&5
configure:12829: $? = 0
configure:12838: result: yes
configure:12801: checking whether random_r is declared without a macro
configure:12829: clang -c -finstrument-functions -g -gdwarf-4  conftest.c >&5
configure:12829: $? = 0
configure:12838: result: yes
configure:12801: checking whether reallocarray is declared without a macro
configure:12829: clang -c -finstrument-functions -g -gdwarf-4  conftest.c >&5
configure:12829: $? = 0
configure:12838: result: yes
configure:12801: checking whether realpath is declared without a macro
configure:12829: clang -c -finstrument-functions -g -gdwarf-4  conftest.c >&5
configure:12829: $? = 0
configure:12838: result: yes
configure:12801: checking whether rpmatch is declared without a macro
configure:12829: clang -c -finstrument-functions -g -gdwarf-4  conftest.c >&5
configure:12829: $? = 0
configure:12838: result: yes
configure:12801: checking whether secure_getenv is declared without a macro
configure:12829: clang -c -finstrument-functions -g -gdwarf-4  conftest.c >&5
configure:12829: $? = 0
configure:12838: result: yes
configure:12801: checking whether setenv is declared without a macro
configure:12829: clang -c -finstrument-functions -g -gdwarf-4  conftest.c >&5
configure:12829: $? = 0
configure:12838: result: yes
configure:12801: checking whether setstate is declared without a macro
configure:12829: clang -c -finstrument-functions -g -gdwarf-4  conftest.c >&5
configure:12829: $? = 0
configure:12838: result: yes
configure:12801: checking whether setstate_r is declared without a macro
configure:12829: clang -c -finstrument-functions -g -gdwarf-4  conftest.c >&5
configure:12829: $? = 0
configure:12838: result: yes
configure:12801: checking whether srandom is declared without a macro
configure:12829: clang -c -finstrument-functions -g -gdwarf-4  conftest.c >&5
configure:12829: $? = 0
configure:12838: result: yes
configure:12801: checking whether srandom_r is declared without a macro
configure:12829: clang -c -finstrument-functions -g -gdwarf-4  conftest.c >&5
configure:12829: $? = 0
configure:12838: result: yes
configure:12801: checking whether strtod is declared without a macro
configure:12829: clang -c -finstrument-functions -g -gdwarf-4  conftest.c >&5
configure:12829: $? = 0
configure:12838: result: yes
configure:12801: checking whether strtoll is declared without a macro
configure:12829: clang -c -finstrument-functions -g -gdwarf-4  conftest.c >&5
configure:12829: $? = 0
configure:12838: result: yes
configure:12801: checking whether strtoull is declared without a macro
configure:12829: clang -c -finstrument-functions -g -gdwarf-4  conftest.c >&5
configure:12829: $? = 0
configure:12838: result: yes
configure:12801: checking whether unlockpt is declared without a macro
configure:12829: clang -c -finstrument-functions -g -gdwarf-4  conftest.c >&5
configure:12829: $? = 0
configure:12838: result: yes
configure:12801: checking whether unsetenv is declared without a macro
configure:12829: clang -c -finstrument-functions -g -gdwarf-4  conftest.c >&5
configure:12829: $? = 0
configure:12838: result: yes
configure:12858: checking for working stdnoreturn.h
configure:12889: clang -c -finstrument-functions -g -gdwarf-4  conftest.c >&5
conftest.c:176:17: warning: non-void function does not return a value in all control paths [-Wreturn-type]
                }
                ^
1 warning generated.
configure:12889: $? = 0
configure:12897: result: yes
configure:12922: checking for working strerror function
configure:12950: clang -o conftest -finstrument-functions -g -gdwarf-4   conftest.c  >&5
configure:12950: $? = 0
configure:12950: ./conftest
configure:12950: $? = 0
configure:12962: result: yes
configure:13137: checking whether getrusage is declared without a macro
configure:13163: clang -c -finstrument-functions -g -gdwarf-4  conftest.c >&5
configure:13163: $? = 0
configure:13172: result: yes
configure:13280: checking whether waitpid is declared without a macro
configure:13298: clang -c -finstrument-functions -g -gdwarf-4  conftest.c >&5
configure:13298: $? = 0
configure:13307: result: yes
configure:13420: checking whether chdir is declared without a macro
configure:13451: clang -c -finstrument-functions -g -gdwarf-4  conftest.c >&5
configure:13451: $? = 0
configure:13460: result: yes
configure:13420: checking whether chown is declared without a macro
configure:13451: clang -c -finstrument-functions -g -gdwarf-4  conftest.c >&5
configure:13451: $? = 0
configure:13460: result: yes
configure:13420: checking whether dup is declared without a macro
configure:13451: clang -c -finstrument-functions -g -gdwarf-4  conftest.c >&5
configure:13451: $? = 0
configure:13460: result: yes
configure:13420: checking whether dup2 is declared without a macro
configure:13451: clang -c -finstrument-functions -g -gdwarf-4  conftest.c >&5
configure:13451: $? = 0
configure:13460: result: yes
configure:13420: checking whether dup3 is declared without a macro
configure:13451: clang -c -finstrument-functions -g -gdwarf-4  conftest.c >&5
configure:13451: $? = 0
configure:13460: result: yes
configure:13420: checking whether environ is declared without a macro
configure:13451: clang -c -finstrument-functions -g -gdwarf-4  conftest.c >&5
configure:13451: $? = 0
configure:13460: result: yes
configure:13420: checking whether euidaccess is declared without a macro
configure:13451: clang -c -finstrument-functions -g -gdwarf-4  conftest.c >&5
configure:13451: $? = 0
configure:13460: result: yes
configure:13420: checking whether faccessat is declared without a macro
configure:13451: clang -c -finstrument-functions -g -gdwarf-4  conftest.c >&5
configure:13451: $? = 0
configure:13460: result: yes
configure:13420: checking whether fchdir is declared without a macro
configure:13451: clang -c -finstrument-functions -g -gdwarf-4  conftest.c >&5
configure:13451: $? = 0
configure:13460: result: yes
configure:13420: checking whether fchownat is declared without a macro
configure:13451: clang -c -finstrument-functions -g -gdwarf-4  conftest.c >&5
configure:13451: $? = 0
configure:13460: result: yes
configure:13420: checking whether fdatasync is declared without a macro
configure:13451: clang -c -finstrument-functions -g -gdwarf-4  conftest.c >&5
configure:13451: $? = 0
configure:13460: result: yes
configure:13420: checking whether fsync is declared without a macro
configure:13451: clang -c -finstrument-functions -g -gdwarf-4  conftest.c >&5
configure:13451: $? = 0
configure:13460: result: yes
configure:13420: checking whether ftruncate is declared without a macro
configure:13451: clang -c -finstrument-functions -g -gdwarf-4  conftest.c >&5
configure:13451: $? = 0
configure:13460: result: yes
configure:13420: checking whether getcwd is declared without a macro
configure:13451: clang -c -finstrument-functions -g -gdwarf-4  conftest.c >&5
configure:13451: $? = 0
configure:13460: result: yes
configure:13420: checking whether getdomainname is declared without a macro
configure:13451: clang -c -finstrument-functions -g -gdwarf-4  conftest.c >&5
configure:13451: $? = 0
configure:13460: result: yes
configure:13420: checking whether getdtablesize is declared without a macro
configure:13451: clang -c -finstrument-functions -g -gdwarf-4  conftest.c >&5
configure:13451: $? = 0
configure:13460: result: yes
configure:13420: checking whether getgroups is declared without a macro
configure:13451: clang -c -finstrument-functions -g -gdwarf-4  conftest.c >&5
configure:13451: $? = 0
configure:13460: result: yes
configure:13420: checking whether gethostname is declared without a macro
configure:13451: clang -c -finstrument-functions -g -gdwarf-4  conftest.c >&5
configure:13451: $? = 0
configure:13460: result: yes
configure:13420: checking whether getlogin is declared without a macro
configure:13451: clang -c -finstrument-functions -g -gdwarf-4  conftest.c >&5
configure:13451: $? = 0
configure:13460: result: yes
configure:13420: checking whether getlogin_r is declared without a macro
configure:13451: clang -c -finstrument-functions -g -gdwarf-4  conftest.c >&5
configure:13451: $? = 0
configure:13460: result: yes
configure:13420: checking whether getpagesize is declared without a macro
configure:13451: clang -c -finstrument-functions -g -gdwarf-4  conftest.c >&5
configure:13451: $? = 0
configure:13460: result: yes
configure:13420: checking whether getusershell is declared without a macro
configure:13451: clang -c -finstrument-functions -g -gdwarf-4  conftest.c >&5
configure:13451: $? = 0
configure:13460: result: yes
configure:13420: checking whether setusershell is declared without a macro
configure:13451: clang -c -finstrument-functions -g -gdwarf-4  conftest.c >&5
configure:13451: $? = 0
configure:13460: result: yes
configure:13420: checking whether endusershell is declared without a macro
configure:13451: clang -c -finstrument-functions -g -gdwarf-4  conftest.c >&5
configure:13451: $? = 0
configure:13460: result: yes
configure:13420: checking whether group_member is declared without a macro
configure:13451: clang -c -finstrument-functions -g -gdwarf-4  conftest.c >&5
configure:13451: $? = 0
configure:13460: result: yes
configure:13420: checking whether isatty is declared without a macro
configure:13451: clang -c -finstrument-functions -g -gdwarf-4  conftest.c >&5
configure:13451: $? = 0
configure:13460: result: yes
configure:13420: checking whether lchown is declared without a macro
configure:13451: clang -c -finstrument-functions -g -gdwarf-4  conftest.c >&5
configure:13451: $? = 0
configure:13460: result: yes
configure:13420: checking whether link is declared without a macro
configure:13451: clang -c -finstrument-functions -g -gdwarf-4  conftest.c >&5
configure:13451: $? = 0
configure:13460: result: yes
configure:13420: checking whether linkat is declared without a macro
configure:13451: clang -c -finstrument-functions -g -gdwarf-4  conftest.c >&5
configure:13451: $? = 0
configure:13460: result: yes
configure:13420: checking whether lseek is declared without a macro
configure:13451: clang -c -finstrument-functions -g -gdwarf-4  conftest.c >&5
configure:13451: $? = 0
configure:13460: result: yes
configure:13420: checking whether pipe is declared without a macro
configure:13451: clang -c -finstrument-functions -g -gdwarf-4  conftest.c >&5
configure:13451: $? = 0
configure:13460: result: yes
configure:13420: checking whether pipe2 is declared without a macro
configure:13451: clang -c -finstrument-functions -g -gdwarf-4  conftest.c >&5
configure:13451: $? = 0
configure:13460: result: yes
configure:13420: checking whether pread is declared without a macro
configure:13451: clang -c -finstrument-functions -g -gdwarf-4  conftest.c >&5
configure:13451: $? = 0
configure:13460: result: yes
configure:13420: checking whether pwrite is declared without a macro
configure:13451: clang -c -finstrument-functions -g -gdwarf-4  conftest.c >&5
configure:13451: $? = 0
configure:13460: result: yes
configure:13420: checking whether readlink is declared without a macro
configure:13451: clang -c -finstrument-functions -g -gdwarf-4  conftest.c >&5
configure:13451: $? = 0
configure:13460: result: yes
configure:13420: checking whether readlinkat is declared without a macro
configure:13451: clang -c -finstrument-functions -g -gdwarf-4  conftest.c >&5
configure:13451: $? = 0
configure:13460: result: yes
configure:13420: checking whether rmdir is declared without a macro
configure:13451: clang -c -finstrument-functions -g -gdwarf-4  conftest.c >&5
configure:13451: $? = 0
configure:13460: result: yes
configure:13420: checking whether sethostname is declared without a macro
configure:13451: clang -c -finstrument-functions -g -gdwarf-4  conftest.c >&5
configure:13451: $? = 0
configure:13460: result: yes
configure:13420: checking whether sleep is declared without a macro
configure:13451: clang -c -finstrument-functions -g -gdwarf-4  conftest.c >&5
configure:13451: $? = 0
configure:13460: result: yes
configure:13420: checking whether symlink is declared without a macro
configure:13451: clang -c -finstrument-functions -g -gdwarf-4  conftest.c >&5
configure:13451: $? = 0
configure:13460: result: yes
configure:13420: checking whether symlinkat is declared without a macro
configure:13451: clang -c -finstrument-functions -g -gdwarf-4  conftest.c >&5
configure:13451: $? = 0
configure:13460: result: yes
configure:13420: checking whether truncate is declared without a macro
configure:13451: clang -c -finstrument-functions -g -gdwarf-4  conftest.c >&5
configure:13451: $? = 0
configure:13460: result: yes
configure:13420: checking whether ttyname_r is declared without a macro
configure:13451: clang -c -finstrument-functions -g -gdwarf-4  conftest.c >&5
configure:13451: $? = 0
configure:13460: result: yes
configure:13420: checking whether unlink is declared without a macro
configure:13451: clang -c -finstrument-functions -g -gdwarf-4  conftest.c >&5
configure:13451: $? = 0
configure:13460: result: yes
configure:13420: checking whether unlinkat is declared without a macro
configure:13451: clang -c -finstrument-functions -g -gdwarf-4  conftest.c >&5
configure:13451: $? = 0
configure:13460: result: yes
configure:13420: checking whether usleep is declared without a macro
configure:13451: clang -c -finstrument-functions -g -gdwarf-4  conftest.c >&5
configure:13451: $? = 0
configure:13460: result: yes
configure:13571: checking whether C compiler handles -Werror -Wunknown-warning-option
configure:13591: clang -o conftest -finstrument-functions -g -gdwarf-4  -Werror -Wunknown-warning-option   conftest.c  >&5
configure:13591: $? = 0
configure:13602: result: yes
configure:13620: checking whether C compiler handles -Wall
configure:13640: clang -o conftest -finstrument-functions -g -gdwarf-4 -Wunknown-warning-option -Werror -Wall   conftest.c  >&5
configure:13640: $? = 0
configure:13651: result: yes
configure:13661: checking whether C compiler handles -Wextra
configure:13681: clang -o conftest -finstrument-functions -g -gdwarf-4 -Wunknown-warning-option -Werror -Wextra   conftest.c  >&5
configure:13681: $? = 0
configure:13692: result: yes
configure:13702: checking whether C compiler handles -Wformat-security
configure:13722: clang -o conftest -finstrument-functions -g -gdwarf-4 -Wunknown-warning-option -Werror -Wformat-security   conftest.c  >&5
configure:13722: $? = 0
configure:13733: result: yes
configure:13743: checking whether C compiler handles -Wswitch-enum
configure:13763: clang -o conftest -finstrument-functions -g -gdwarf-4 -Wunknown-warning-option -Werror -Wswitch-enum   conftest.c  >&5
configure:13763: $? = 0
configure:13774: result: yes
configure:13784: checking whether C compiler handles -Wswitch-default
configure:13804: clang -o conftest -finstrument-functions -g -gdwarf-4 -Wunknown-warning-option -Werror -Wswitch-default   conftest.c  >&5
configure:13804: $? = 0
configure:13815: result: yes
configure:13825: checking whether C compiler handles -Wformat-nonliteral
configure:13845: clang -o conftest -finstrument-functions -g -gdwarf-4 -Wunknown-warning-option -Werror -Wformat-nonliteral   conftest.c  >&5
configure:13845: $? = 0
configure:13856: result: yes
configure:13866: checking whether C compiler handles -Wunused-parameter
configure:13886: clang -o conftest -finstrument-functions -g -gdwarf-4 -Wunknown-warning-option -Werror -Wunused-parameter   conftest.c  >&5
configure:13886: $? = 0
configure:13897: result: yes
configure:13907: checking whether C compiler handles -Wfloat-equal
configure:13927: clang -o conftest -finstrument-functions -g -gdwarf-4 -Wunknown-warning-option -Werror -Wfloat-equal   conftest.c  >&5
configure:13927: $? = 0
configure:13938: result: yes
configure:13948: checking whether C compiler handles -fdiagnostics-show-option
configure:13968: clang -o conftest -finstrument-functions -g -gdwarf-4 -Wunknown-warning-option -Werror -fdiagnostics-show-option   conftest.c  >&5
configure:13968: $? = 0
configure:13979: result: yes
configure:13989: checking whether C compiler handles -funit-at-a-time
configure:14009: clang -o conftest -finstrument-functions -g -gdwarf-4 -Wunknown-warning-option -Werror -funit-at-a-time   conftest.c  >&5
configure:14009: $? = 0
configure:14020: result: yes
configure:14030: checking whether C compiler handles -Wmissing-format-attribute
configure:14050: clang -o conftest -finstrument-functions -g -gdwarf-4 -Wunknown-warning-option -Werror -Wmissing-format-attribute   conftest.c  >&5
configure:14050: $? = 0
configure:14061: result: yes
configure:14071: checking whether C compiler handles -Wstrict-overflow
configure:14091: clang -o conftest -finstrument-functions -g -gdwarf-4 -Wunknown-warning-option -Werror -Wstrict-overflow   conftest.c  >&5
configure:14091: $? = 0
configure:14102: result: yes
configure:14112: checking whether C compiler handles -Wsuggest-attribute=const
configure:14132: clang -o conftest -finstrument-functions -g -gdwarf-4 -Wunknown-warning-option -Werror -Wsuggest-attribute=const   conftest.c  >&5
error: unknown warning option '-Wsuggest-attribute=const' [-Werror,-Wunknown-warning-option]
configure:14132: $? = 1
configure: failed program was:
| /* confdefs.h */
| #define PACKAGE_NAME "GNU Time"
| #define PACKAGE_TARNAME "time"
| #define PACKAGE_VERSION "1.9"
| #define PACKAGE_STRING "GNU Time 1.9"
| #define PACKAGE_BUGREPORT "bug-time@gnu.org"
| #define PACKAGE_URL "https://www.gnu.org/software/time/"
| #define PACKAGE "time"
| #define VERSION "1.9"
| #define HAVE_STDIO_H 1
| #define HAVE_STDLIB_H 1
| #define HAVE_STRING_H 1
| #define HAVE_INTTYPES_H 1
| #define HAVE_STDINT_H 1
| #define HAVE_STRINGS_H 1
| #define HAVE_SYS_STAT_H 1
| #define HAVE_SYS_TYPES_H 1
| #define HAVE_UNISTD_H 1
| #define HAVE_GETOPT_H 1
| #define HAVE_SYS_CDEFS_H 1
| #define HAVE_SYS_TIME_H 1
| #define HAVE_SYS_SOCKET_H 1
| #define HAVE_LIMITS_H 1
| #define HAVE_WCHAR_H 1
| #define HAVE_SYS_RESOURCE_H 1
| #define HAVE_SYS_WAIT_H 1
| #define STDC_HEADERS 1
| #define __EXTENSIONS__ 1
| #define _ALL_SOURCE 1
| #define _DARWIN_C_SOURCE 1
| #define _GNU_SOURCE 1
| #define _NETBSD_SOURCE 1
| #define _OPENBSD_SOURCE 1
| #define _POSIX_PTHREAD_SEMANTICS 1
| #define __STDC_WANT_IEC_60559_ATTRIBS_EXT__ 1
| #define __STDC_WANT_IEC_60559_BFP_EXT__ 1
| #define __STDC_WANT_IEC_60559_DFP_EXT__ 1
| #define __STDC_WANT_IEC_60559_FUNCS_EXT__ 1
| #define __STDC_WANT_IEC_60559_TYPES_EXT__ 1
| #define __STDC_WANT_LIB_EXT2__ 1
| #define __STDC_WANT_MATH_SPEC_FUNCS__ 1
| #define _TANDEM_SOURCE 1
| #define _HPUX_ALT_XOPEN_SOCKET_API 1
| #define HAVE_DECL_STRERROR_R 1
| #define HAVE_STRERROR_R 1
| #define STRERROR_R_CHAR_P 1
| #define HAVE_GETOPT_H 1
| #define HAVE_GETOPT_LONG_ONLY 1
| #define HAVE_GETRUSAGE 1
| #define HAVE_GETTIMEOFDAY 1
| #define HAVE_VPRINTF 1
| #define restrict __restrict
| #define HAVE_RAW_DECL_GETTIMEOFDAY 1
| #ifndef __arm64__
| #define __arm64__ 1
| #endif
| #ifndef __arm64__
| #define __arm64__ 1
| #endif
| #define HAVE_WINT_T 1
| #define HAVE_UNSIGNED_LONG_LONG_INT 1
| #define HAVE_LONG_LONG_INT 1
| #define HAVE_RAW_DECL_IMAXABS 1
| #define HAVE_RAW_DECL_IMAXDIV 1
| #define HAVE_RAW_DECL_STRTOIMAX 1
| #define HAVE_RAW_DECL_STRTOUMAX 1
| #define HAVE_INTTYPES_H 1
| #define HAVE_SIGSET_T 1
| #define HAVE__BOOL 1
| #define HAVE_WCHAR_T 1
| #define HAVE_RAW_DECL_FFSL 1
| #define HAVE_RAW_DECL_FFSLL 1
| #define HAVE_RAW_DECL_MEMMEM 1
| #define HAVE_RAW_DECL_MEMPCPY 1
| #define HAVE_RAW_DECL_MEMRCHR 1
| #define HAVE_RAW_DECL_RAWMEMCHR 1
| #define HAVE_RAW_DECL_STPCPY 1
| #define HAVE_RAW_DECL_STPNCPY 1
| #define HAVE_RAW_DECL_STRCHRNUL 1
| #define HAVE_RAW_DECL_STRDUP 1
| #define HAVE_RAW_DECL_STRNCAT 1
| #define HAVE_RAW_DECL_STRNDUP 1
| #define HAVE_RAW_DECL_STRNLEN 1
| #define HAVE_RAW_DECL_STRPBRK 1
| #define HAVE_RAW_DECL_STRSEP 1
| #define HAVE_RAW_DECL_STRCASESTR 1
| #define HAVE_RAW_DECL_STRTOK_R 1
| #define HAVE_RAW_DECL_STRERROR_R 1
| #define HAVE_RAW_DECL_STRSIGNAL 1
| #define HAVE_RAW_DECL_STRVERSCMP 1
| #define _USE_STD_STAT 1
| #define HAVE_GETPAGESIZE 1
| #define GNULIB_TEST_GETPAGESIZE 1
| #define HAVE_DECL_PROGRAM_INVOCATION_NAME 1
| #define HAVE_DECL_PROGRAM_INVOCATION_SHORT_NAME 1
| #define HAVE_DECL___ARGV 0
| #define GNULIB_TEST_GETRUSAGE 1
| #define GETTIMEOFDAY_TIMEZONE void
| #define GNULIB_TEST_GETTIMEOFDAY 1
| #define HAVE_MALLOC_POSIX 1
| #define GNULIB_TEST_MALLOC_POSIX 1
| #define GNULIB_MSVC_NOTHROW 1
| #define HAVE_DECL_PROGRAM_INVOCATION_NAME 1
| #define HAVE_DECL_PROGRAM_INVOCATION_SHORT_NAME 1
| #define HAVE_RAW_DECL_PTHREAD_SIGMASK 1
| #define HAVE_RAW_DECL_SIGACTION 1
| #define HAVE_RAW_DECL_SIGADDSET 1
| #define HAVE_RAW_DECL_SIGDELSET 1
| #define HAVE_RAW_DECL_SIGEMPTYSET 1
| #define HAVE_RAW_DECL_SIGFILLSET 1
| #define HAVE_RAW_DECL_SIGISMEMBER 1
| #define HAVE_RAW_DECL_SIGPENDING 1
| #define HAVE_RAW_DECL_SIGPROCMASK 1
| #define __USE_MINGW_ANSI_STDIO 1
| #define GNULIB_FSCANF 1
| #define GNULIB_SCANF 1
| #define HAVE_RAW_DECL_DPRINTF 1
| #define HAVE_RAW_DECL_FSEEKO 1
| #define HAVE_RAW_DECL_FTELLO 1
| #define HAVE_RAW_DECL_GETDELIM 1
| #define HAVE_RAW_DECL_GETLINE 1
| #define HAVE_RAW_DECL_PCLOSE 1
| #define HAVE_RAW_DECL_POPEN 1
| #define HAVE_RAW_DECL_RENAMEAT 1
| #define HAVE_RAW_DECL_SNPRINTF 1
| #define HAVE_RAW_DECL_TMPFILE 1
| #define HAVE_RAW_DECL_VDPRINTF 1
| #define HAVE_RAW_DECL_VSNPRINTF 1
| #define HAVE_RAW_DECL__EXIT 1
| #define HAVE_RAW_DECL_ATOLL 1
| #define HAVE_RAW_DECL_CANONICALIZE_FILE_NAME 1
| #define HAVE_RAW_DECL_GETLOADAVG 1
| #define HAVE_RAW_DECL_GETSUBOPT 1
| #define HAVE_RAW_DECL_GRANTPT 1
| #define HAVE_RAW_DECL_INITSTATE 1
| #define HAVE_RAW_DECL_INITSTATE_R 1
| #define HAVE_RAW_DECL_MKDTEMP 1
| #define HAVE_RAW_DECL_MKOSTEMP 1
| #define HAVE_RAW_DECL_MKOSTEMPS 1
| #define HAVE_RAW_DECL_MKSTEMP 1
| #define HAVE_RAW_DECL_MKSTEMPS 1
| #define HAVE_RAW_DECL_POSIX_OPENPT 1
| #define HAVE_RAW_DECL_PTSNAME 1
| #define HAVE_RAW_DECL_PTSNAME_R 1
| #define HAVE_RAW_DECL_QSORT_R 1
| #define HAVE_RAW_DECL_RANDOM 1
| #define HAVE_RAW_DECL_RANDOM_R 1
| #define HAVE_RAW_DECL_REALLOCARRAY 1
| #define HAVE_RAW_DECL_REALPATH 1
| #define HAVE_RAW_DECL_RPMATCH 1
| #define HAVE_RAW_DECL_SECURE_GETENV 1
| #define HAVE_RAW_DECL_SETENV 1
| #define HAVE_RAW_DECL_SETSTATE 1
| #define HAVE_RAW_DECL_SETSTATE_R 1
| #define HAVE_RAW_DECL_SRANDOM 1
| #define HAVE_RAW_DECL_SRANDOM_R 1
| #define HAVE_RAW_DECL_STRTOD 1
| #define HAVE_RAW_DECL_STRTOLL 1
| #define HAVE_RAW_DECL_STRTOULL 1
| #define HAVE_RAW_DECL_UNLOCKPT 1
| #define HAVE_RAW_DECL_UNSETENV 1
| #define GNULIB_STRERROR 1
| #define GNULIB_TEST_STRERROR 1
| #define HAVE_RAW_DECL_GETRUSAGE 1
| #define HAVE_RAW_DECL_WAITPID 1
| #define HAVE_RAW_DECL_CHDIR 1
| #define HAVE_RAW_DECL_CHOWN 1
| #define HAVE_RAW_DECL_DUP 1
| #define HAVE_RAW_DECL_DUP2 1
| #define HAVE_RAW_DECL_DUP3 1
| #define HAVE_RAW_DECL_ENVIRON 1
| #define HAVE_RAW_DECL_EUIDACCESS 1
| #define HAVE_RAW_DECL_FACCESSAT 1
| #define HAVE_RAW_DECL_FCHDIR 1
| #define HAVE_RAW_DECL_FCHOWNAT 1
| #define HAVE_RAW_DECL_FDATASYNC 1
| #define HAVE_RAW_DECL_FSYNC 1
| #define HAVE_RAW_DECL_FTRUNCATE 1
| #define HAVE_RAW_DECL_GETCWD 1
| #define HAVE_RAW_DECL_GETDOMAINNAME 1
| #define HAVE_RAW_DECL_GETDTABLESIZE 1
| #define HAVE_RAW_DECL_GETGROUPS 1
| #define HAVE_RAW_DECL_GETHOSTNAME 1
| #define HAVE_RAW_DECL_GETLOGIN 1
| #define HAVE_RAW_DECL_GETLOGIN_R 1
| #define HAVE_RAW_DECL_GETPAGESIZE 1
| #define HAVE_RAW_DECL_GETUSERSHELL 1
| #define HAVE_RAW_DECL_SETUSERSHELL 1
| #define HAVE_RAW_DECL_ENDUSERSHELL 1
| #define HAVE_RAW_DECL_GROUP_MEMBER 1
| #define HAVE_RAW_DECL_ISATTY 1
| #define HAVE_RAW_DECL_LCHOWN 1
| #define HAVE_RAW_DECL_LINK 1
| #define HAVE_RAW_DECL_LINKAT 1
| #define HAVE_RAW_DECL_LSEEK 1
| #define HAVE_RAW_DECL_PIPE 1
| #define HAVE_RAW_DECL_PIPE2 1
| #define HAVE_RAW_DECL_PREAD 1
| #define HAVE_RAW_DECL_PWRITE 1
| #define HAVE_RAW_DECL_READLINK 1
| #define HAVE_RAW_DECL_READLINKAT 1
| #define HAVE_RAW_DECL_RMDIR 1
| #define HAVE_RAW_DECL_SETHOSTNAME 1
| #define HAVE_RAW_DECL_SLEEP 1
| #define HAVE_RAW_DECL_SYMLINK 1
| #define HAVE_RAW_DECL_SYMLINKAT 1
| #define HAVE_RAW_DECL_TRUNCATE 1
| #define HAVE_RAW_DECL_TTYNAME_R 1
| #define HAVE_RAW_DECL_UNLINK 1
| #define HAVE_RAW_DECL_UNLINKAT 1
| #define HAVE_RAW_DECL_USLEEP 1
| /* end confdefs.h.  */
| 
| int
| main (void)
| {
| 
|   ;
|   return 0;
| }
configure:14143: result: no
configure:14153: checking whether C compiler handles -Wsuggest-attribute=pure
configure:14173: clang -o conftest -finstrument-functions -g -gdwarf-4 -Wunknown-warning-option -Werror -Wsuggest-attribute=pure   conftest.c  >&5
error: unknown warning option '-Wsuggest-attribute=pure'; did you mean '-WNSObject-attribute'? [-Werror,-Wunknown-warning-option]
configure:14173: $? = 1
configure: failed program was:
| /* confdefs.h */
| #define PACKAGE_NAME "GNU Time"
| #define PACKAGE_TARNAME "time"
| #define PACKAGE_VERSION "1.9"
| #define PACKAGE_STRING "GNU Time 1.9"
| #define PACKAGE_BUGREPORT "bug-time@gnu.org"
| #define PACKAGE_URL "https://www.gnu.org/software/time/"
| #define PACKAGE "time"
| #define VERSION "1.9"
| #define HAVE_STDIO_H 1
| #define HAVE_STDLIB_H 1
| #define HAVE_STRING_H 1
| #define HAVE_INTTYPES_H 1
| #define HAVE_STDINT_H 1
| #define HAVE_STRINGS_H 1
| #define HAVE_SYS_STAT_H 1
| #define HAVE_SYS_TYPES_H 1
| #define HAVE_UNISTD_H 1
| #define HAVE_GETOPT_H 1
| #define HAVE_SYS_CDEFS_H 1
| #define HAVE_SYS_TIME_H 1
| #define HAVE_SYS_SOCKET_H 1
| #define HAVE_LIMITS_H 1
| #define HAVE_WCHAR_H 1
| #define HAVE_SYS_RESOURCE_H 1
| #define HAVE_SYS_WAIT_H 1
| #define STDC_HEADERS 1
| #define __EXTENSIONS__ 1
| #define _ALL_SOURCE 1
| #define _DARWIN_C_SOURCE 1
| #define _GNU_SOURCE 1
| #define _NETBSD_SOURCE 1
| #define _OPENBSD_SOURCE 1
| #define _POSIX_PTHREAD_SEMANTICS 1
| #define __STDC_WANT_IEC_60559_ATTRIBS_EXT__ 1
| #define __STDC_WANT_IEC_60559_BFP_EXT__ 1
| #define __STDC_WANT_IEC_60559_DFP_EXT__ 1
| #define __STDC_WANT_IEC_60559_FUNCS_EXT__ 1
| #define __STDC_WANT_IEC_60559_TYPES_EXT__ 1
| #define __STDC_WANT_LIB_EXT2__ 1
| #define __STDC_WANT_MATH_SPEC_FUNCS__ 1
| #define _TANDEM_SOURCE 1
| #define _HPUX_ALT_XOPEN_SOCKET_API 1
| #define HAVE_DECL_STRERROR_R 1
| #define HAVE_STRERROR_R 1
| #define STRERROR_R_CHAR_P 1
| #define HAVE_GETOPT_H 1
| #define HAVE_GETOPT_LONG_ONLY 1
| #define HAVE_GETRUSAGE 1
| #define HAVE_GETTIMEOFDAY 1
| #define HAVE_VPRINTF 1
| #define restrict __restrict
| #define HAVE_RAW_DECL_GETTIMEOFDAY 1
| #ifndef __arm64__
| #define __arm64__ 1
| #endif
| #ifndef __arm64__
| #define __arm64__ 1
| #endif
| #define HAVE_WINT_T 1
| #define HAVE_UNSIGNED_LONG_LONG_INT 1
| #define HAVE_LONG_LONG_INT 1
| #define HAVE_RAW_DECL_IMAXABS 1
| #define HAVE_RAW_DECL_IMAXDIV 1
| #define HAVE_RAW_DECL_STRTOIMAX 1
| #define HAVE_RAW_DECL_STRTOUMAX 1
| #define HAVE_INTTYPES_H 1
| #define HAVE_SIGSET_T 1
| #define HAVE__BOOL 1
| #define HAVE_WCHAR_T 1
| #define HAVE_RAW_DECL_FFSL 1
| #define HAVE_RAW_DECL_FFSLL 1
| #define HAVE_RAW_DECL_MEMMEM 1
| #define HAVE_RAW_DECL_MEMPCPY 1
| #define HAVE_RAW_DECL_MEMRCHR 1
| #define HAVE_RAW_DECL_RAWMEMCHR 1
| #define HAVE_RAW_DECL_STPCPY 1
| #define HAVE_RAW_DECL_STPNCPY 1
| #define HAVE_RAW_DECL_STRCHRNUL 1
| #define HAVE_RAW_DECL_STRDUP 1
| #define HAVE_RAW_DECL_STRNCAT 1
| #define HAVE_RAW_DECL_STRNDUP 1
| #define HAVE_RAW_DECL_STRNLEN 1
| #define HAVE_RAW_DECL_STRPBRK 1
| #define HAVE_RAW_DECL_STRSEP 1
| #define HAVE_RAW_DECL_STRCASESTR 1
| #define HAVE_RAW_DECL_STRTOK_R 1
| #define HAVE_RAW_DECL_STRERROR_R 1
| #define HAVE_RAW_DECL_STRSIGNAL 1
| #define HAVE_RAW_DECL_STRVERSCMP 1
| #define _USE_STD_STAT 1
| #define HAVE_GETPAGESIZE 1
| #define GNULIB_TEST_GETPAGESIZE 1
| #define HAVE_DECL_PROGRAM_INVOCATION_NAME 1
| #define HAVE_DECL_PROGRAM_INVOCATION_SHORT_NAME 1
| #define HAVE_DECL___ARGV 0
| #define GNULIB_TEST_GETRUSAGE 1
| #define GETTIMEOFDAY_TIMEZONE void
| #define GNULIB_TEST_GETTIMEOFDAY 1
| #define HAVE_MALLOC_POSIX 1
| #define GNULIB_TEST_MALLOC_POSIX 1
| #define GNULIB_MSVC_NOTHROW 1
| #define HAVE_DECL_PROGRAM_INVOCATION_NAME 1
| #define HAVE_DECL_PROGRAM_INVOCATION_SHORT_NAME 1
| #define HAVE_RAW_DECL_PTHREAD_SIGMASK 1
| #define HAVE_RAW_DECL_SIGACTION 1
| #define HAVE_RAW_DECL_SIGADDSET 1
| #define HAVE_RAW_DECL_SIGDELSET 1
| #define HAVE_RAW_DECL_SIGEMPTYSET 1
| #define HAVE_RAW_DECL_SIGFILLSET 1
| #define HAVE_RAW_DECL_SIGISMEMBER 1
| #define HAVE_RAW_DECL_SIGPENDING 1
| #define HAVE_RAW_DECL_SIGPROCMASK 1
| #define __USE_MINGW_ANSI_STDIO 1
| #define GNULIB_FSCANF 1
| #define GNULIB_SCANF 1
| #define HAVE_RAW_DECL_DPRINTF 1
| #define HAVE_RAW_DECL_FSEEKO 1
| #define HAVE_RAW_DECL_FTELLO 1
| #define HAVE_RAW_DECL_GETDELIM 1
| #define HAVE_RAW_DECL_GETLINE 1
| #define HAVE_RAW_DECL_PCLOSE 1
| #define HAVE_RAW_DECL_POPEN 1
| #define HAVE_RAW_DECL_RENAMEAT 1
| #define HAVE_RAW_DECL_SNPRINTF 1
| #define HAVE_RAW_DECL_TMPFILE 1
| #define HAVE_RAW_DECL_VDPRINTF 1
| #define HAVE_RAW_DECL_VSNPRINTF 1
| #define HAVE_RAW_DECL__EXIT 1
| #define HAVE_RAW_DECL_ATOLL 1
| #define HAVE_RAW_DECL_CANONICALIZE_FILE_NAME 1
| #define HAVE_RAW_DECL_GETLOADAVG 1
| #define HAVE_RAW_DECL_GETSUBOPT 1
| #define HAVE_RAW_DECL_GRANTPT 1
| #define HAVE_RAW_DECL_INITSTATE 1
| #define HAVE_RAW_DECL_INITSTATE_R 1
| #define HAVE_RAW_DECL_MKDTEMP 1
| #define HAVE_RAW_DECL_MKOSTEMP 1
| #define HAVE_RAW_DECL_MKOSTEMPS 1
| #define HAVE_RAW_DECL_MKSTEMP 1
| #define HAVE_RAW_DECL_MKSTEMPS 1
| #define HAVE_RAW_DECL_POSIX_OPENPT 1
| #define HAVE_RAW_DECL_PTSNAME 1
| #define HAVE_RAW_DECL_PTSNAME_R 1
| #define HAVE_RAW_DECL_QSORT_R 1
| #define HAVE_RAW_DECL_RANDOM 1
| #define HAVE_RAW_DECL_RANDOM_R 1
| #define HAVE_RAW_DECL_REALLOCARRAY 1
| #define HAVE_RAW_DECL_REALPATH 1
| #define HAVE_RAW_DECL_RPMATCH 1
| #define HAVE_RAW_DECL_SECURE_GETENV 1
| #define HAVE_RAW_DECL_SETENV 1
| #define HAVE_RAW_DECL_SETSTATE 1
| #define HAVE_RAW_DECL_SETSTATE_R 1
| #define HAVE_RAW_DECL_SRANDOM 1
| #define HAVE_RAW_DECL_SRANDOM_R 1
| #define HAVE_RAW_DECL_STRTOD 1
| #define HAVE_RAW_DECL_STRTOLL 1
| #define HAVE_RAW_DECL_STRTOULL 1
| #define HAVE_RAW_DECL_UNLOCKPT 1
| #define HAVE_RAW_DECL_UNSETENV 1
| #define GNULIB_STRERROR 1
| #define GNULIB_TEST_STRERROR 1
| #define HAVE_RAW_DECL_GETRUSAGE 1
| #define HAVE_RAW_DECL_WAITPID 1
| #define HAVE_RAW_DECL_CHDIR 1
| #define HAVE_RAW_DECL_CHOWN 1
| #define HAVE_RAW_DECL_DUP 1
| #define HAVE_RAW_DECL_DUP2 1
| #define HAVE_RAW_DECL_DUP3 1
| #define HAVE_RAW_DECL_ENVIRON 1
| #define HAVE_RAW_DECL_EUIDACCESS 1
| #define HAVE_RAW_DECL_FACCESSAT 1
| #define HAVE_RAW_DECL_FCHDIR 1
| #define HAVE_RAW_DECL_FCHOWNAT 1
| #define HAVE_RAW_DECL_FDATASYNC 1
| #define HAVE_RAW_DECL_FSYNC 1
| #define HAVE_RAW_DECL_FTRUNCATE 1
| #define HAVE_RAW_DECL_GETCWD 1
| #define HAVE_RAW_DECL_GETDOMAINNAME 1
| #define HAVE_RAW_DECL_GETDTABLESIZE 1
| #define HAVE_RAW_DECL_GETGROUPS 1
| #define HAVE_RAW_DECL_GETHOSTNAME 1
| #define HAVE_RAW_DECL_GETLOGIN 1
| #define HAVE_RAW_DECL_GETLOGIN_R 1
| #define HAVE_RAW_DECL_GETPAGESIZE 1
| #define HAVE_RAW_DECL_GETUSERSHELL 1
| #define HAVE_RAW_DECL_SETUSERSHELL 1
| #define HAVE_RAW_DECL_ENDUSERSHELL 1
| #define HAVE_RAW_DECL_GROUP_MEMBER 1
| #define HAVE_RAW_DECL_ISATTY 1
| #define HAVE_RAW_DECL_LCHOWN 1
| #define HAVE_RAW_DECL_LINK 1
| #define HAVE_RAW_DECL_LINKAT 1
| #define HAVE_RAW_DECL_LSEEK 1
| #define HAVE_RAW_DECL_PIPE 1
| #define HAVE_RAW_DECL_PIPE2 1
| #define HAVE_RAW_DECL_PREAD 1
| #define HAVE_RAW_DECL_PWRITE 1
| #define HAVE_RAW_DECL_READLINK 1
| #define HAVE_RAW_DECL_READLINKAT 1
| #define HAVE_RAW_DECL_RMDIR 1
| #define HAVE_RAW_DECL_SETHOSTNAME 1
| #define HAVE_RAW_DECL_SLEEP 1
| #define HAVE_RAW_DECL_SYMLINK 1
| #define HAVE_RAW_DECL_SYMLINKAT 1
| #define HAVE_RAW_DECL_TRUNCATE 1
| #define HAVE_RAW_DECL_TTYNAME_R 1
| #define HAVE_RAW_DECL_UNLINK 1
| #define HAVE_RAW_DECL_UNLINKAT 1
| #define HAVE_RAW_DECL_USLEEP 1
| /* end confdefs.h.  */
| 
| int
| main (void)
| {
| 
|   ;
|   return 0;
| }
configure:14184: result: no
configure:14197: checking for egrep
configure:14265: result: /usr/bin/grep -E
configure:14271: checking for sys/wait.h that is POSIX.1 compatible
configure:14306: result: yes
configure:14315: checking for an ANSI C-conforming const
configure:14382: clang -c -finstrument-functions -g -gdwarf-4  conftest.c >&5
configure:14382: $? = 0
configure:14390: result: yes
configure:14399: checking for pid_t
configure:14399: result: yes
configure:14435: checking for size_t
configure:14435: clang -c -finstrument-functions -g -gdwarf-4  conftest.c >&5
configure:14435: $? = 0
configure:14435: clang -c -finstrument-functions -g -gdwarf-4  conftest.c >&5
conftest.c:245:21: error: expected expression
if (sizeof ((size_t)))
                    ^
1 error generated.
configure:14435: $? = 1
configure: failed program was:
| /* confdefs.h */
| #define PACKAGE_NAME "GNU Time"
| #define PACKAGE_TARNAME "time"
| #define PACKAGE_VERSION "1.9"
| #define PACKAGE_STRING "GNU Time 1.9"
| #define PACKAGE_BUGREPORT "bug-time@gnu.org"
| #define PACKAGE_URL "https://www.gnu.org/software/time/"
| #define PACKAGE "time"
| #define VERSION "1.9"
| #define HAVE_STDIO_H 1
| #define HAVE_STDLIB_H 1
| #define HAVE_STRING_H 1
| #define HAVE_INTTYPES_H 1
| #define HAVE_STDINT_H 1
| #define HAVE_STRINGS_H 1
| #define HAVE_SYS_STAT_H 1
| #define HAVE_SYS_TYPES_H 1
| #define HAVE_UNISTD_H 1
| #define HAVE_GETOPT_H 1
| #define HAVE_SYS_CDEFS_H 1
| #define HAVE_SYS_TIME_H 1
| #define HAVE_SYS_SOCKET_H 1
| #define HAVE_LIMITS_H 1
| #define HAVE_WCHAR_H 1
| #define HAVE_SYS_RESOURCE_H 1
| #define HAVE_SYS_WAIT_H 1
| #define STDC_HEADERS 1
| #define __EXTENSIONS__ 1
| #define _ALL_SOURCE 1
| #define _DARWIN_C_SOURCE 1
| #define _GNU_SOURCE 1
| #define _NETBSD_SOURCE 1
| #define _OPENBSD_SOURCE 1
| #define _POSIX_PTHREAD_SEMANTICS 1
| #define __STDC_WANT_IEC_60559_ATTRIBS_EXT__ 1
| #define __STDC_WANT_IEC_60559_BFP_EXT__ 1
| #define __STDC_WANT_IEC_60559_DFP_EXT__ 1
| #define __STDC_WANT_IEC_60559_FUNCS_EXT__ 1
| #define __STDC_WANT_IEC_60559_TYPES_EXT__ 1
| #define __STDC_WANT_LIB_EXT2__ 1
| #define __STDC_WANT_MATH_SPEC_FUNCS__ 1
| #define _TANDEM_SOURCE 1
| #define _HPUX_ALT_XOPEN_SOCKET_API 1
| #define HAVE_DECL_STRERROR_R 1
| #define HAVE_STRERROR_R 1
| #define STRERROR_R_CHAR_P 1
| #define HAVE_GETOPT_H 1
| #define HAVE_GETOPT_LONG_ONLY 1
| #define HAVE_GETRUSAGE 1
| #define HAVE_GETTIMEOFDAY 1
| #define HAVE_VPRINTF 1
| #define restrict __restrict
| #define HAVE_RAW_DECL_GETTIMEOFDAY 1
| #ifndef __arm64__
| #define __arm64__ 1
| #endif
| #ifndef __arm64__
| #define __arm64__ 1
| #endif
| #define HAVE_WINT_T 1
| #define HAVE_UNSIGNED_LONG_LONG_INT 1
| #define HAVE_LONG_LONG_INT 1
| #define HAVE_RAW_DECL_IMAXABS 1
| #define HAVE_RAW_DECL_IMAXDIV 1
| #define HAVE_RAW_DECL_STRTOIMAX 1
| #define HAVE_RAW_DECL_STRTOUMAX 1
| #define HAVE_INTTYPES_H 1
| #define HAVE_SIGSET_T 1
| #define HAVE__BOOL 1
| #define HAVE_WCHAR_T 1
| #define HAVE_RAW_DECL_FFSL 1
| #define HAVE_RAW_DECL_FFSLL 1
| #define HAVE_RAW_DECL_MEMMEM 1
| #define HAVE_RAW_DECL_MEMPCPY 1
| #define HAVE_RAW_DECL_MEMRCHR 1
| #define HAVE_RAW_DECL_RAWMEMCHR 1
| #define HAVE_RAW_DECL_STPCPY 1
| #define HAVE_RAW_DECL_STPNCPY 1
| #define HAVE_RAW_DECL_STRCHRNUL 1
| #define HAVE_RAW_DECL_STRDUP 1
| #define HAVE_RAW_DECL_STRNCAT 1
| #define HAVE_RAW_DECL_STRNDUP 1
| #define HAVE_RAW_DECL_STRNLEN 1
| #define HAVE_RAW_DECL_STRPBRK 1
| #define HAVE_RAW_DECL_STRSEP 1
| #define HAVE_RAW_DECL_STRCASESTR 1
| #define HAVE_RAW_DECL_STRTOK_R 1
| #define HAVE_RAW_DECL_STRERROR_R 1
| #define HAVE_RAW_DECL_STRSIGNAL 1
| #define HAVE_RAW_DECL_STRVERSCMP 1
| #define _USE_STD_STAT 1
| #define HAVE_GETPAGESIZE 1
| #define GNULIB_TEST_GETPAGESIZE 1
| #define HAVE_DECL_PROGRAM_INVOCATION_NAME 1
| #define HAVE_DECL_PROGRAM_INVOCATION_SHORT_NAME 1
| #define HAVE_DECL___ARGV 0
| #define GNULIB_TEST_GETRUSAGE 1
| #define GETTIMEOFDAY_TIMEZONE void
| #define GNULIB_TEST_GETTIMEOFDAY 1
| #define HAVE_MALLOC_POSIX 1
| #define GNULIB_TEST_MALLOC_POSIX 1
| #define GNULIB_MSVC_NOTHROW 1
| #define HAVE_DECL_PROGRAM_INVOCATION_NAME 1
| #define HAVE_DECL_PROGRAM_INVOCATION_SHORT_NAME 1
| #define HAVE_RAW_DECL_PTHREAD_SIGMASK 1
| #define HAVE_RAW_DECL_SIGACTION 1
| #define HAVE_RAW_DECL_SIGADDSET 1
| #define HAVE_RAW_DECL_SIGDELSET 1
| #define HAVE_RAW_DECL_SIGEMPTYSET 1
| #define HAVE_RAW_DECL_SIGFILLSET 1
| #define HAVE_RAW_DECL_SIGISMEMBER 1
| #define HAVE_RAW_DECL_SIGPENDING 1
| #define HAVE_RAW_DECL_SIGPROCMASK 1
| #define __USE_MINGW_ANSI_STDIO 1
| #define GNULIB_FSCANF 1
| #define GNULIB_SCANF 1
| #define HAVE_RAW_DECL_DPRINTF 1
| #define HAVE_RAW_DECL_FSEEKO 1
| #define HAVE_RAW_DECL_FTELLO 1
| #define HAVE_RAW_DECL_GETDELIM 1
| #define HAVE_RAW_DECL_GETLINE 1
| #define HAVE_RAW_DECL_PCLOSE 1
| #define HAVE_RAW_DECL_POPEN 1
| #define HAVE_RAW_DECL_RENAMEAT 1
| #define HAVE_RAW_DECL_SNPRINTF 1
| #define HAVE_RAW_DECL_TMPFILE 1
| #define HAVE_RAW_DECL_VDPRINTF 1
| #define HAVE_RAW_DECL_VSNPRINTF 1
| #define HAVE_RAW_DECL__EXIT 1
| #define HAVE_RAW_DECL_ATOLL 1
| #define HAVE_RAW_DECL_CANONICALIZE_FILE_NAME 1
| #define HAVE_RAW_DECL_GETLOADAVG 1
| #define HAVE_RAW_DECL_GETSUBOPT 1
| #define HAVE_RAW_DECL_GRANTPT 1
| #define HAVE_RAW_DECL_INITSTATE 1
| #define HAVE_RAW_DECL_INITSTATE_R 1
| #define HAVE_RAW_DECL_MKDTEMP 1
| #define HAVE_RAW_DECL_MKOSTEMP 1
| #define HAVE_RAW_DECL_MKOSTEMPS 1
| #define HAVE_RAW_DECL_MKSTEMP 1
| #define HAVE_RAW_DECL_MKSTEMPS 1
| #define HAVE_RAW_DECL_POSIX_OPENPT 1
| #define HAVE_RAW_DECL_PTSNAME 1
| #define HAVE_RAW_DECL_PTSNAME_R 1
| #define HAVE_RAW_DECL_QSORT_R 1
| #define HAVE_RAW_DECL_RANDOM 1
| #define HAVE_RAW_DECL_RANDOM_R 1
| #define HAVE_RAW_DECL_REALLOCARRAY 1
| #define HAVE_RAW_DECL_REALPATH 1
| #define HAVE_RAW_DECL_RPMATCH 1
| #define HAVE_RAW_DECL_SECURE_GETENV 1
| #define HAVE_RAW_DECL_SETENV 1
| #define HAVE_RAW_DECL_SETSTATE 1
| #define HAVE_RAW_DECL_SETSTATE_R 1
| #define HAVE_RAW_DECL_SRANDOM 1
| #define HAVE_RAW_DECL_SRANDOM_R 1
| #define HAVE_RAW_DECL_STRTOD 1
| #define HAVE_RAW_DECL_STRTOLL 1
| #define HAVE_RAW_DECL_STRTOULL 1
| #define HAVE_RAW_DECL_UNLOCKPT 1
| #define HAVE_RAW_DECL_UNSETENV 1
| #define GNULIB_STRERROR 1
| #define GNULIB_TEST_STRERROR 1
| #define HAVE_RAW_DECL_GETRUSAGE 1
| #define HAVE_RAW_DECL_WAITPID 1
| #define HAVE_RAW_DECL_CHDIR 1
| #define HAVE_RAW_DECL_CHOWN 1
| #define HAVE_RAW_DECL_DUP 1
| #define HAVE_RAW_DECL_DUP2 1
| #define HAVE_RAW_DECL_DUP3 1
| #define HAVE_RAW_DECL_ENVIRON 1
| #define HAVE_RAW_DECL_EUIDACCESS 1
| #define HAVE_RAW_DECL_FACCESSAT 1
| #define HAVE_RAW_DECL_FCHDIR 1
| #define HAVE_RAW_DECL_FCHOWNAT 1
| #define HAVE_RAW_DECL_FDATASYNC 1
| #define HAVE_RAW_DECL_FSYNC 1
| #define HAVE_RAW_DECL_FTRUNCATE 1
| #define HAVE_RAW_DECL_GETCWD 1
| #define HAVE_RAW_DECL_GETDOMAINNAME 1
| #define HAVE_RAW_DECL_GETDTABLESIZE 1
| #define HAVE_RAW_DECL_GETGROUPS 1
| #define HAVE_RAW_DECL_GETHOSTNAME 1
| #define HAVE_RAW_DECL_GETLOGIN 1
| #define HAVE_RAW_DECL_GETLOGIN_R 1
| #define HAVE_RAW_DECL_GETPAGESIZE 1
| #define HAVE_RAW_DECL_GETUSERSHELL 1
| #define HAVE_RAW_DECL_SETUSERSHELL 1
| #define HAVE_RAW_DECL_ENDUSERSHELL 1
| #define HAVE_RAW_DECL_GROUP_MEMBER 1
| #define HAVE_RAW_DECL_ISATTY 1
| #define HAVE_RAW_DECL_LCHOWN 1
| #define HAVE_RAW_DECL_LINK 1
| #define HAVE_RAW_DECL_LINKAT 1
| #define HAVE_RAW_DECL_LSEEK 1
| #define HAVE_RAW_DECL_PIPE 1
| #define HAVE_RAW_DECL_PIPE2 1
| #define HAVE_RAW_DECL_PREAD 1
| #define HAVE_RAW_DECL_PWRITE 1
| #define HAVE_RAW_DECL_READLINK 1
| #define HAVE_RAW_DECL_READLINKAT 1
| #define HAVE_RAW_DECL_RMDIR 1
| #define HAVE_RAW_DECL_SETHOSTNAME 1
| #define HAVE_RAW_DECL_SLEEP 1
| #define HAVE_RAW_DECL_SYMLINK 1
| #define HAVE_RAW_DECL_SYMLINKAT 1
| #define HAVE_RAW_DECL_TRUNCATE 1
| #define HAVE_RAW_DECL_TTYNAME_R 1
| #define HAVE_RAW_DECL_UNLINK 1
| #define HAVE_RAW_DECL_UNLINKAT 1
| #define HAVE_RAW_DECL_USLEEP 1
| #define HAVE_SYS_WAIT_H 1
| /* end confdefs.h.  */
| #include <stddef.h>
| #ifdef HAVE_STDIO_H
| # include <stdio.h>
| #endif
| #ifdef HAVE_STDLIB_H
| # include <stdlib.h>
| #endif
| #ifdef HAVE_STRING_H
| # include <string.h>
| #endif
| #ifdef HAVE_INTTYPES_H
| # include <inttypes.h>
| #endif
| #ifdef HAVE_STDINT_H
| # include <stdint.h>
| #endif
| #ifdef HAVE_STRINGS_H
| # include <strings.h>
| #endif
| #ifdef HAVE_SYS_TYPES_H
| # include <sys/types.h>
| #endif
| #ifdef HAVE_SYS_STAT_H
| # include <sys/stat.h>
| #endif
| #ifdef HAVE_UNISTD_H
| # include <unistd.h>
| #endif
| int
| main (void)
| {
| if (sizeof ((size_t)))
| 	    return 0;
|   ;
|   return 0;
| }
configure:14435: result: yes
configure:14445: checking return type of signal handlers
configure:14464: clang -c -finstrument-functions -g -gdwarf-4  conftest.c >&5
conftest.c:220:8: error: indirection requires pointer operand ('void' invalid)
return *(signal (0, 0)) (0) == 1;
       ^~~~~~~~~~~~~~~~~~~~
1 error generated.
configure:14464: $? = 1
configure: failed program was:
| /* confdefs.h */
| #define PACKAGE_NAME "GNU Time"
| #define PACKAGE_TARNAME "time"
| #define PACKAGE_VERSION "1.9"
| #define PACKAGE_STRING "GNU Time 1.9"
| #define PACKAGE_BUGREPORT "bug-time@gnu.org"
| #define PACKAGE_URL "https://www.gnu.org/software/time/"
| #define PACKAGE "time"
| #define VERSION "1.9"
| #define HAVE_STDIO_H 1
| #define HAVE_STDLIB_H 1
| #define HAVE_STRING_H 1
| #define HAVE_INTTYPES_H 1
| #define HAVE_STDINT_H 1
| #define HAVE_STRINGS_H 1
| #define HAVE_SYS_STAT_H 1
| #define HAVE_SYS_TYPES_H 1
| #define HAVE_UNISTD_H 1
| #define HAVE_GETOPT_H 1
| #define HAVE_SYS_CDEFS_H 1
| #define HAVE_SYS_TIME_H 1
| #define HAVE_SYS_SOCKET_H 1
| #define HAVE_LIMITS_H 1
| #define HAVE_WCHAR_H 1
| #define HAVE_SYS_RESOURCE_H 1
| #define HAVE_SYS_WAIT_H 1
| #define STDC_HEADERS 1
| #define __EXTENSIONS__ 1
| #define _ALL_SOURCE 1
| #define _DARWIN_C_SOURCE 1
| #define _GNU_SOURCE 1
| #define _NETBSD_SOURCE 1
| #define _OPENBSD_SOURCE 1
| #define _POSIX_PTHREAD_SEMANTICS 1
| #define __STDC_WANT_IEC_60559_ATTRIBS_EXT__ 1
| #define __STDC_WANT_IEC_60559_BFP_EXT__ 1
| #define __STDC_WANT_IEC_60559_DFP_EXT__ 1
| #define __STDC_WANT_IEC_60559_FUNCS_EXT__ 1
| #define __STDC_WANT_IEC_60559_TYPES_EXT__ 1
| #define __STDC_WANT_LIB_EXT2__ 1
| #define __STDC_WANT_MATH_SPEC_FUNCS__ 1
| #define _TANDEM_SOURCE 1
| #define _HPUX_ALT_XOPEN_SOCKET_API 1
| #define HAVE_DECL_STRERROR_R 1
| #define HAVE_STRERROR_R 1
| #define STRERROR_R_CHAR_P 1
| #define HAVE_GETOPT_H 1
| #define HAVE_GETOPT_LONG_ONLY 1
| #define HAVE_GETRUSAGE 1
| #define HAVE_GETTIMEOFDAY 1
| #define HAVE_VPRINTF 1
| #define restrict __restrict
| #define HAVE_RAW_DECL_GETTIMEOFDAY 1
| #ifndef __arm64__
| #define __arm64__ 1
| #endif
| #ifndef __arm64__
| #define __arm64__ 1
| #endif
| #define HAVE_WINT_T 1
| #define HAVE_UNSIGNED_LONG_LONG_INT 1
| #define HAVE_LONG_LONG_INT 1
| #define HAVE_RAW_DECL_IMAXABS 1
| #define HAVE_RAW_DECL_IMAXDIV 1
| #define HAVE_RAW_DECL_STRTOIMAX 1
| #define HAVE_RAW_DECL_STRTOUMAX 1
| #define HAVE_INTTYPES_H 1
| #define HAVE_SIGSET_T 1
| #define HAVE__BOOL 1
| #define HAVE_WCHAR_T 1
| #define HAVE_RAW_DECL_FFSL 1
| #define HAVE_RAW_DECL_FFSLL 1
| #define HAVE_RAW_DECL_MEMMEM 1
| #define HAVE_RAW_DECL_MEMPCPY 1
| #define HAVE_RAW_DECL_MEMRCHR 1
| #define HAVE_RAW_DECL_RAWMEMCHR 1
| #define HAVE_RAW_DECL_STPCPY 1
| #define HAVE_RAW_DECL_STPNCPY 1
| #define HAVE_RAW_DECL_STRCHRNUL 1
| #define HAVE_RAW_DECL_STRDUP 1
| #define HAVE_RAW_DECL_STRNCAT 1
| #define HAVE_RAW_DECL_STRNDUP 1
| #define HAVE_RAW_DECL_STRNLEN 1
| #define HAVE_RAW_DECL_STRPBRK 1
| #define HAVE_RAW_DECL_STRSEP 1
| #define HAVE_RAW_DECL_STRCASESTR 1
| #define HAVE_RAW_DECL_STRTOK_R 1
| #define HAVE_RAW_DECL_STRERROR_R 1
| #define HAVE_RAW_DECL_STRSIGNAL 1
| #define HAVE_RAW_DECL_STRVERSCMP 1
| #define _USE_STD_STAT 1
| #define HAVE_GETPAGESIZE 1
| #define GNULIB_TEST_GETPAGESIZE 1
| #define HAVE_DECL_PROGRAM_INVOCATION_NAME 1
| #define HAVE_DECL_PROGRAM_INVOCATION_SHORT_NAME 1
| #define HAVE_DECL___ARGV 0
| #define GNULIB_TEST_GETRUSAGE 1
| #define GETTIMEOFDAY_TIMEZONE void
| #define GNULIB_TEST_GETTIMEOFDAY 1
| #define HAVE_MALLOC_POSIX 1
| #define GNULIB_TEST_MALLOC_POSIX 1
| #define GNULIB_MSVC_NOTHROW 1
| #define HAVE_DECL_PROGRAM_INVOCATION_NAME 1
| #define HAVE_DECL_PROGRAM_INVOCATION_SHORT_NAME 1
| #define HAVE_RAW_DECL_PTHREAD_SIGMASK 1
| #define HAVE_RAW_DECL_SIGACTION 1
| #define HAVE_RAW_DECL_SIGADDSET 1
| #define HAVE_RAW_DECL_SIGDELSET 1
| #define HAVE_RAW_DECL_SIGEMPTYSET 1
| #define HAVE_RAW_DECL_SIGFILLSET 1
| #define HAVE_RAW_DECL_SIGISMEMBER 1
| #define HAVE_RAW_DECL_SIGPENDING 1
| #define HAVE_RAW_DECL_SIGPROCMASK 1
| #define __USE_MINGW_ANSI_STDIO 1
| #define GNULIB_FSCANF 1
| #define GNULIB_SCANF 1
| #define HAVE_RAW_DECL_DPRINTF 1
| #define HAVE_RAW_DECL_FSEEKO 1
| #define HAVE_RAW_DECL_FTELLO 1
| #define HAVE_RAW_DECL_GETDELIM 1
| #define HAVE_RAW_DECL_GETLINE 1
| #define HAVE_RAW_DECL_PCLOSE 1
| #define HAVE_RAW_DECL_POPEN 1
| #define HAVE_RAW_DECL_RENAMEAT 1
| #define HAVE_RAW_DECL_SNPRINTF 1
| #define HAVE_RAW_DECL_TMPFILE 1
| #define HAVE_RAW_DECL_VDPRINTF 1
| #define HAVE_RAW_DECL_VSNPRINTF 1
| #define HAVE_RAW_DECL__EXIT 1
| #define HAVE_RAW_DECL_ATOLL 1
| #define HAVE_RAW_DECL_CANONICALIZE_FILE_NAME 1
| #define HAVE_RAW_DECL_GETLOADAVG 1
| #define HAVE_RAW_DECL_GETSUBOPT 1
| #define HAVE_RAW_DECL_GRANTPT 1
| #define HAVE_RAW_DECL_INITSTATE 1
| #define HAVE_RAW_DECL_INITSTATE_R 1
| #define HAVE_RAW_DECL_MKDTEMP 1
| #define HAVE_RAW_DECL_MKOSTEMP 1
| #define HAVE_RAW_DECL_MKOSTEMPS 1
| #define HAVE_RAW_DECL_MKSTEMP 1
| #define HAVE_RAW_DECL_MKSTEMPS 1
| #define HAVE_RAW_DECL_POSIX_OPENPT 1
| #define HAVE_RAW_DECL_PTSNAME 1
| #define HAVE_RAW_DECL_PTSNAME_R 1
| #define HAVE_RAW_DECL_QSORT_R 1
| #define HAVE_RAW_DECL_RANDOM 1
| #define HAVE_RAW_DECL_RANDOM_R 1
| #define HAVE_RAW_DECL_REALLOCARRAY 1
| #define HAVE_RAW_DECL_REALPATH 1
| #define HAVE_RAW_DECL_RPMATCH 1
| #define HAVE_RAW_DECL_SECURE_GETENV 1
| #define HAVE_RAW_DECL_SETENV 1
| #define HAVE_RAW_DECL_SETSTATE 1
| #define HAVE_RAW_DECL_SETSTATE_R 1
| #define HAVE_RAW_DECL_SRANDOM 1
| #define HAVE_RAW_DECL_SRANDOM_R 1
| #define HAVE_RAW_DECL_STRTOD 1
| #define HAVE_RAW_DECL_STRTOLL 1
| #define HAVE_RAW_DECL_STRTOULL 1
| #define HAVE_RAW_DECL_UNLOCKPT 1
| #define HAVE_RAW_DECL_UNSETENV 1
| #define GNULIB_STRERROR 1
| #define GNULIB_TEST_STRERROR 1
| #define HAVE_RAW_DECL_GETRUSAGE 1
| #define HAVE_RAW_DECL_WAITPID 1
| #define HAVE_RAW_DECL_CHDIR 1
| #define HAVE_RAW_DECL_CHOWN 1
| #define HAVE_RAW_DECL_DUP 1
| #define HAVE_RAW_DECL_DUP2 1
| #define HAVE_RAW_DECL_DUP3 1
| #define HAVE_RAW_DECL_ENVIRON 1
| #define HAVE_RAW_DECL_EUIDACCESS 1
| #define HAVE_RAW_DECL_FACCESSAT 1
| #define HAVE_RAW_DECL_FCHDIR 1
| #define HAVE_RAW_DECL_FCHOWNAT 1
| #define HAVE_RAW_DECL_FDATASYNC 1
| #define HAVE_RAW_DECL_FSYNC 1
| #define HAVE_RAW_DECL_FTRUNCATE 1
| #define HAVE_RAW_DECL_GETCWD 1
| #define HAVE_RAW_DECL_GETDOMAINNAME 1
| #define HAVE_RAW_DECL_GETDTABLESIZE 1
| #define HAVE_RAW_DECL_GETGROUPS 1
| #define HAVE_RAW_DECL_GETHOSTNAME 1
| #define HAVE_RAW_DECL_GETLOGIN 1
| #define HAVE_RAW_DECL_GETLOGIN_R 1
| #define HAVE_RAW_DECL_GETPAGESIZE 1
| #define HAVE_RAW_DECL_GETUSERSHELL 1
| #define HAVE_RAW_DECL_SETUSERSHELL 1
| #define HAVE_RAW_DECL_ENDUSERSHELL 1
| #define HAVE_RAW_DECL_GROUP_MEMBER 1
| #define HAVE_RAW_DECL_ISATTY 1
| #define HAVE_RAW_DECL_LCHOWN 1
| #define HAVE_RAW_DECL_LINK 1
| #define HAVE_RAW_DECL_LINKAT 1
| #define HAVE_RAW_DECL_LSEEK 1
| #define HAVE_RAW_DECL_PIPE 1
| #define HAVE_RAW_DECL_PIPE2 1
| #define HAVE_RAW_DECL_PREAD 1
| #define HAVE_RAW_DECL_PWRITE 1
| #define HAVE_RAW_DECL_READLINK 1
| #define HAVE_RAW_DECL_READLINKAT 1
| #define HAVE_RAW_DECL_RMDIR 1
| #define HAVE_RAW_DECL_SETHOSTNAME 1
| #define HAVE_RAW_DECL_SLEEP 1
| #define HAVE_RAW_DECL_SYMLINK 1
| #define HAVE_RAW_DECL_SYMLINKAT 1
| #define HAVE_RAW_DECL_TRUNCATE 1
| #define HAVE_RAW_DECL_TTYNAME_R 1
| #define HAVE_RAW_DECL_UNLINK 1
| #define HAVE_RAW_DECL_UNLINKAT 1
| #define HAVE_RAW_DECL_USLEEP 1
| #define HAVE_SYS_WAIT_H 1
| /* end confdefs.h.  */
| #include <sys/types.h>
| #include <signal.h>
| 
| int
| main (void)
| {
| return *(signal (0, 0)) (0) == 1;
|   ;
|   return 0;
| }
configure:14472: result: void
configure:14492: checking for wait3 that fills in rusage
configure:14540: clang -o conftest -finstrument-functions -g -gdwarf-4   conftest.c  >&5
configure:14540: $? = 0
configure:14540: ./conftest
configure:14540: $? = 0
configure:14551: result: yes
configure:14559: checking for strerror
configure:14559: clang -o conftest -finstrument-functions -g -gdwarf-4   conftest.c  >&5
conftest.c:232:6: warning: incompatible redeclaration of library function 'strerror' [-Wincompatible-library-redeclaration]
char strerror ();
     ^
conftest.c:232:6: note: 'strerror' is a builtin with type 'char *(int)'
1 warning generated.
configure:14559: $? = 0
configure:14559: result: yes
configure:14728: checking that generated files are newer than configure
configure:14734: result: done
configure:14852: creating ./config.status

## ---------------------- ##
## Running config.status. ##
## ---------------------- ##

This file was extended by GNU Time config.status 1.9, which was
generated by GNU Autoconf 2.71.  Invocation command line was

  CONFIG_FILES    = 
  CONFIG_HEADERS  = 
  CONFIG_LINKS    = 
  CONFIG_COMMANDS = 
  $ ./config.status 

on 507814d1595f

config.status:1640: creating Makefile
config.status:1640: creating config.h
config.status:1900: executing depfiles commands
config.status:1977: cd .       && sed -e '/# am--include-marker/d' Makefile         | make -f - am--depfiles
config.status:1982: $? = 0

## ---------------- ##
## Cache variables. ##
## ---------------- ##

ac_cv_build=aarch64-unknown-linux-gnu
ac_cv_c_compiler_gnu=yes
ac_cv_c_const=yes
ac_cv_c_inline=inline
ac_cv_c_restrict=__restrict
ac_cv_c_undeclared_builtin_options=-fno-builtin
ac_cv_env_CC_set=set
ac_cv_env_CC_value=clang
ac_cv_env_CFLAGS_set=set
ac_cv_env_CFLAGS_value='-finstrument-functions -g -gdwarf-4'
ac_cv_env_CPPFLAGS_set=
ac_cv_env_CPPFLAGS_value=
ac_cv_env_CPP_set=
ac_cv_env_CPP_value=
ac_cv_env_LDFLAGS_set=
ac_cv_env_LDFLAGS_value=
ac_cv_env_LIBS_set=
ac_cv_env_LIBS_value=
ac_cv_env_build_alias_set=
ac_cv_env_build_alias_value=
ac_cv_env_host_alias_set=
ac_cv_env_host_alias_value=
ac_cv_env_target_alias_set=
ac_cv_env_target_alias_value=
ac_cv_func__set_invalid_parameter_handler=no
ac_cv_func_getexecname=no
ac_cv_func_getopt_long_only=yes
ac_cv_func_getpagesize=yes
ac_cv_func_getprogname=no
ac_cv_func_getrusage=yes
ac_cv_func_gettimeofday=yes
ac_cv_func_strerror=yes
ac_cv_func_strerror_r_char_p=yes
ac_cv_func_vprintf=yes
ac_cv_func_wait3_rusage=yes
ac_cv_have_decl__Exit=yes
ac_cv_have_decl___argv=no
ac_cv_have_decl_atoll=yes
ac_cv_have_decl_canonicalize_file_name=yes
ac_cv_have_decl_chdir=yes
ac_cv_have_decl_chown=yes
ac_cv_have_decl_dprintf=yes
ac_cv_have_decl_dup2=yes
ac_cv_have_decl_dup3=yes
ac_cv_have_decl_dup=yes
ac_cv_have_decl_endusershell=yes
ac_cv_have_decl_environ=yes
ac_cv_have_decl_euidaccess=yes
ac_cv_have_decl_faccessat=yes
ac_cv_have_decl_fchdir=yes
ac_cv_have_decl_fchownat=yes
ac_cv_have_decl_fdatasync=yes
ac_cv_have_decl_ffsl=yes
ac_cv_have_decl_ffsll=yes
ac_cv_have_decl_fseeko=yes
ac_cv_have_decl_fsync=yes
ac_cv_have_decl_ftello=yes
ac_cv_have_decl_ftruncate=yes
ac_cv_have_decl_getcwd=yes
ac_cv_have_decl_getdelim=yes
ac_cv_have_decl_getdomainname=yes
ac_cv_have_decl_getdtablesize=yes
ac_cv_have_decl_getgroups=yes
ac_cv_have_decl_gethostname=yes
ac_cv_have_decl_getline=yes
ac_cv_have_decl_getloadavg=yes
ac_cv_have_decl_getlogin=yes
ac_cv_have_decl_getlogin_r=yes
ac_cv_have_decl_getpagesize=yes
ac_cv_have_decl_getrusage=yes
ac_cv_have_decl_getsubopt=yes
ac_cv_have_decl_gettimeofday=yes
ac_cv_have_decl_getusershell=yes
ac_cv_have_decl_grantpt=yes
ac_cv_have_decl_group_member=yes
ac_cv_have_decl_imaxabs=yes
ac_cv_have_decl_imaxdiv=yes
ac_cv_have_decl_initstate=yes
ac_cv_have_decl_initstate_r=yes
ac_cv_have_decl_isatty=yes
ac_cv_have_decl_lchown=yes
ac_cv_have_decl_link=yes
ac_cv_have_decl_linkat=yes
ac_cv_have_decl_lseek=yes
ac_cv_have_decl_memmem=yes
ac_cv_have_decl_mempcpy=yes
ac_cv_have_decl_memrchr=yes
ac_cv_have_decl_mkdtemp=yes
ac_cv_have_decl_mkostemp=yes
ac_cv_have_decl_mkostemps=yes
ac_cv_have_decl_mkstemp=yes
ac_cv_have_decl_mkstemps=yes
ac_cv_have_decl_pclose=yes
ac_cv_have_decl_pipe2=yes
ac_cv_have_decl_pipe=yes
ac_cv_have_decl_popen=yes
ac_cv_have_decl_posix_openpt=yes
ac_cv_have_decl_pread=yes
ac_cv_have_decl_program_invocation_name=yes
ac_cv_have_decl_program_invocation_short_name=yes
ac_cv_have_decl_pthread_sigmask=yes
ac_cv_have_decl_ptsname=yes
ac_cv_have_decl_ptsname_r=yes
ac_cv_have_decl_pwrite=yes
ac_cv_have_decl_qsort_r=yes
ac_cv_have_decl_random=yes
ac_cv_have_decl_random_r=yes
ac_cv_have_decl_rawmemchr=yes
ac_cv_have_decl_readlink=yes
ac_cv_have_decl_readlinkat=yes
ac_cv_have_decl_reallocarray=yes
ac_cv_have_decl_realpath=yes
ac_cv_have_decl_renameat=yes
ac_cv_have_decl_rmdir=yes
ac_cv_have_decl_rpmatch=yes
ac_cv_have_decl_secure_getenv=yes
ac_cv_have_decl_setenv=yes
ac_cv_have_decl_sethostname=yes
ac_cv_have_decl_setstate=yes
ac_cv_have_decl_setstate_r=yes
ac_cv_have_decl_setusershell=yes
ac_cv_have_decl_sigaction=yes
ac_cv_have_decl_sigaddset=yes
ac_cv_have_decl_sigdelset=yes
ac_cv_have_decl_sigemptyset=yes
ac_cv_have_decl_sigfillset=yes
ac_cv_have_decl_sigismember=yes
ac_cv_have_decl_sigpending=yes
ac_cv_have_decl_sigprocmask=yes
ac_cv_have_decl_sleep=yes
ac_cv_have_decl_snprintf=yes
ac_cv_have_decl_srandom=yes
ac_cv_have_decl_srandom_r=yes
ac_cv_have_decl_stpcpy=yes
ac_cv_have_decl_stpncpy=yes
ac_cv_have_decl_strcasestr=yes
ac_cv_have_decl_strchrnul=yes
ac_cv_have_decl_strdup=yes
ac_cv_have_decl_strerror_r=yes
ac_cv_have_decl_strncat=yes
ac_cv_have_decl_strndup=yes
ac_cv_have_decl_strnlen=yes
ac_cv_have_decl_strpbrk=yes
ac_cv_have_decl_strsep=yes
ac_cv_have_decl_strsignal=yes
ac_cv_have_decl_strtod=yes
ac_cv_have_decl_strtoimax=yes
ac_cv_have_decl_strtok_r=yes
ac_cv_have_decl_strtoll=yes
ac_cv_have_decl_strtoull=yes
ac_cv_have_decl_strtoumax=yes
ac_cv_have_decl_strverscmp=yes
ac_cv_have_decl_symlink=yes
ac_cv_have_decl_symlinkat=yes
ac_cv_have_decl_tmpfile=yes
ac_cv_have_decl_truncate=yes
ac_cv_have_decl_ttyname_r=yes
ac_cv_have_decl_unlink=yes
ac_cv_have_decl_unlinkat=yes
ac_cv_have_decl_unlockpt=yes
ac_cv_have_decl_unsetenv=yes
ac_cv_have_decl_usleep=yes
ac_cv_have_decl_vdprintf=yes
ac_cv_have_decl_vsnprintf=yes
ac_cv_have_decl_waitpid=yes
ac_cv_header_getopt_h=yes
ac_cv_header_inttypes_h=yes
ac_cv_header_limits_h=yes
ac_cv_header_minix_config_h=no
ac_cv_header_stdbool_h=yes
ac_cv_header_stdint_h=yes
ac_cv_header_stdio_h=yes
ac_cv_header_stdlib_h=yes
ac_cv_header_string_h=yes
ac_cv_header_strings_h=yes
ac_cv_header_sys_cdefs_h=yes
ac_cv_header_sys_resource_h=yes
ac_cv_header_sys_socket_h=yes
ac_cv_header_sys_stat_h=yes
ac_cv_header_sys_time_h=yes
ac_cv_header_sys_types_h=yes
ac_cv_header_sys_wait_h=yes
ac_cv_header_unistd_h=yes
ac_cv_header_wchar_h=yes
ac_cv_host=aarch64-unknown-linux-gnu
ac_cv_lib_error_at_line=yes
ac_cv_objext=o
ac_cv_path_EGREP='/usr/bin/grep -E'
ac_cv_path_GREP=/usr/bin/grep
ac_cv_path_SED=/usr/bin/sed
ac_cv_path_install='/usr/bin/install -c'
ac_cv_path_mkdir=/usr/bin/mkdir
ac_cv_prog_AWK=mawk
ac_cv_prog_CPP='clang -E'
ac_cv_prog_ac_ct_AR=ar
ac_cv_prog_ac_ct_CC=clang
ac_cv_prog_ac_ct_RANLIB=ranlib
ac_cv_prog_cc_c11=
ac_cv_prog_cc_g=yes
ac_cv_prog_cc_stdc=
ac_cv_prog_gcc_traditional=no
ac_cv_prog_make_make_set=yes
ac_cv_safe_to_define___extensions__=yes
ac_cv_should_define__xopen_source=no
ac_cv_type__Bool=yes
ac_cv_type_long_long_int=yes
ac_cv_type_max_align_t=yes
ac_cv_type_mode_t=yes
ac_cv_type_pid_t=yes
ac_cv_type_sighandler_t=yes
ac_cv_type_signal=void
ac_cv_type_sigset_t=yes
ac_cv_type_size_t=yes
ac_cv_type_uid_t=yes
ac_cv_type_unsigned_long_long_int=yes
ac_cv_type_volatile_sig_atomic_t=yes
am_cv_CC_dependencies_compiler_type=gcc3
am_cv_make_support_nested_variables=yes
am_cv_prog_cc_c_o=yes
gl_cv_c_amsterdam_compiler=no
gl_cv_c_multiarch=no
gl_cv_decl_null_works=yes
gl_cv_double_slash_root=no
gl_cv_func_getopt_gnu=yes
gl_cv_func_getopt_long_gnu=yes
gl_cv_func_getopt_posix=yes
gl_cv_func_gettimeofday_clobber=no
gl_cv_func_gettimeofday_posix_signature=yes
gl_cv_func_malloc_posix=yes
gl_cv_func_printf_attribute_flavor=system
gl_cv_func_strerror_0_works=yes
gl_cv_func_va_copy=yes
gl_cv_func_working_strerror=yes
gl_cv_have_include_next=yes
gl_cv_have_raw_decl__Exit=yes
gl_cv_have_raw_decl_atoll=yes
gl_cv_have_raw_decl_canonicalize_file_name=yes
gl_cv_have_raw_decl_chdir=yes
gl_cv_have_raw_decl_chown=yes
gl_cv_have_raw_decl_dprintf=yes
gl_cv_have_raw_decl_dup2=yes
gl_cv_have_raw_decl_dup3=yes
gl_cv_have_raw_decl_dup=yes
gl_cv_have_raw_decl_endusershell=yes
gl_cv_have_raw_decl_environ=yes
gl_cv_have_raw_decl_euidaccess=yes
gl_cv_have_raw_decl_faccessat=yes
gl_cv_have_raw_decl_fchdir=yes
gl_cv_have_raw_decl_fchownat=yes
gl_cv_have_raw_decl_fdatasync=yes
gl_cv_have_raw_decl_ffsl=yes
gl_cv_have_raw_decl_ffsll=yes
gl_cv_have_raw_decl_fpurge=no
gl_cv_have_raw_decl_fseeko=yes
gl_cv_have_raw_decl_fsync=yes
gl_cv_have_raw_decl_ftello=yes
gl_cv_have_raw_decl_ftruncate=yes
gl_cv_have_raw_decl_getcwd=yes
gl_cv_have_raw_decl_getdelim=yes
gl_cv_have_raw_decl_getdomainname=yes
gl_cv_have_raw_decl_getdtablesize=yes
gl_cv_have_raw_decl_getgroups=yes
gl_cv_have_raw_decl_gethostname=yes
gl_cv_have_raw_decl_getline=yes
gl_cv_have_raw_decl_getloadavg=yes
gl_cv_have_raw_decl_getlogin=yes
gl_cv_have_raw_decl_getlogin_r=yes
gl_cv_have_raw_decl_getpagesize=yes
gl_cv_have_raw_decl_getrusage=yes
gl_cv_have_raw_decl_gets=no
gl_cv_have_raw_decl_getsubopt=yes
gl_cv_have_raw_decl_gettimeofday=yes
gl_cv_have_raw_decl_getusershell=yes
gl_cv_have_raw_decl_grantpt=yes
gl_cv_have_raw_decl_group_member=yes
gl_cv_have_raw_decl_imaxabs=yes
gl_cv_have_raw_decl_imaxdiv=yes
gl_cv_have_raw_decl_initstate=yes
gl_cv_have_raw_decl_initstate_r=yes
gl_cv_have_raw_decl_isatty=yes
gl_cv_have_raw_decl_lchown=yes
gl_cv_have_raw_decl_link=yes
gl_cv_have_raw_decl_linkat=yes
gl_cv_have_raw_decl_lseek=yes
gl_cv_have_raw_decl_memmem=yes
gl_cv_have_raw_decl_mempcpy=yes
gl_cv_have_raw_decl_memrchr=yes
gl_cv_have_raw_decl_mkdtemp=yes
gl_cv_have_raw_decl_mkostemp=yes
gl_cv_have_raw_decl_mkostemps=yes
gl_cv_have_raw_decl_mkstemp=yes
gl_cv_have_raw_decl_mkstemps=yes
gl_cv_have_raw_decl_pclose=yes
gl_cv_have_raw_decl_pipe2=yes
gl_cv_have_raw_decl_pipe=yes
gl_cv_have_raw_decl_popen=yes
gl_cv_have_raw_decl_posix_openpt=yes
gl_cv_have_raw_decl_pread=yes
gl_cv_have_raw_decl_pthread_sigmask=yes
gl_cv_have_raw_decl_ptsname=yes
gl_cv_have_raw_decl_ptsname_r=yes
gl_cv_have_raw_decl_pwrite=yes
gl_cv_have_raw_decl_qsort_r=yes
gl_cv_have_raw_decl_random=yes
gl_cv_have_raw_decl_random_r=yes
gl_cv_have_raw_decl_rawmemchr=yes
gl_cv_have_raw_decl_readlink=yes
gl_cv_have_raw_decl_readlinkat=yes
gl_cv_have_raw_decl_reallocarray=yes
gl_cv_have_raw_decl_realpath=yes
gl_cv_have_raw_decl_renameat=yes
gl_cv_have_raw_decl_rmdir=yes
gl_cv_have_raw_decl_rpmatch=yes
gl_cv_have_raw_decl_secure_getenv=yes
gl_cv_have_raw_decl_setenv=yes
gl_cv_have_raw_decl_sethostname=yes
gl_cv_have_raw_decl_setstate=yes
gl_cv_have_raw_decl_setstate_r=yes
gl_cv_have_raw_decl_setusershell=yes
gl_cv_have_raw_decl_sigaction=yes
gl_cv_have_raw_decl_sigaddset=yes
gl_cv_have_raw_decl_sigdelset=yes
gl_cv_have_raw_decl_sigemptyset=yes
gl_cv_have_raw_decl_sigfillset=yes
gl_cv_have_raw_decl_sigismember=yes
gl_cv_have_raw_decl_sigpending=yes
gl_cv_have_raw_decl_sigprocmask=yes
gl_cv_have_raw_decl_sleep=yes
gl_cv_have_raw_decl_snprintf=yes
gl_cv_have_raw_decl_srandom=yes
gl_cv_have_raw_decl_srandom_r=yes
gl_cv_have_raw_decl_stpcpy=yes
gl_cv_have_raw_decl_stpncpy=yes
gl_cv_have_raw_decl_strcasestr=yes
gl_cv_have_raw_decl_strchrnul=yes
gl_cv_have_raw_decl_strdup=yes
gl_cv_have_raw_decl_strerror_r=yes
gl_cv_have_raw_decl_strncat=yes
gl_cv_have_raw_decl_strndup=yes
gl_cv_have_raw_decl_strnlen=yes
gl_cv_have_raw_decl_strpbrk=yes
gl_cv_have_raw_decl_strsep=yes
gl_cv_have_raw_decl_strsignal=yes
gl_cv_have_raw_decl_strtod=yes
gl_cv_have_raw_decl_strtoimax=yes
gl_cv_have_raw_decl_strtok_r=yes
gl_cv_have_raw_decl_strtoll=yes
gl_cv_have_raw_decl_strtoull=yes
gl_cv_have_raw_decl_strtoumax=yes
gl_cv_have_raw_decl_strverscmp=yes
gl_cv_have_raw_decl_symlink=yes
gl_cv_have_raw_decl_symlinkat=yes
gl_cv_have_raw_decl_tmpfile=yes
gl_cv_have_raw_decl_truncate=yes
gl_cv_have_raw_decl_ttyname_r=yes
gl_cv_have_raw_decl_unlink=yes
gl_cv_have_raw_decl_unlinkat=yes
gl_cv_have_raw_decl_unlockpt=yes
gl_cv_have_raw_decl_unsetenv=yes
gl_cv_have_raw_decl_usleep=yes
gl_cv_have_raw_decl_vdprintf=yes
gl_cv_have_raw_decl_vsnprintf=yes
gl_cv_have_raw_decl_waitpid=yes
gl_cv_header_errno_h_complete=yes
gl_cv_header_limits_width=yes
gl_cv_header_stdint_predates_cxx11_h=no
gl_cv_header_stdint_width=yes
gl_cv_header_working_stdint_h=yes
gl_cv_header_working_stdnoreturn_h=yes
gl_cv_host_cpu_c_abi=arm64
gl_cv_next_getopt_h='<getopt.h>'
gl_cv_next_inttypes_h='<inttypes.h>'
gl_cv_next_limits_h='<limits.h>'
gl_cv_next_signal_h='<signal.h>'
gl_cv_next_stdint_h='<stdint.h>'
gl_cv_next_stdio_h='<stdio.h>'
gl_cv_next_stdlib_h='<stdlib.h>'
gl_cv_next_string_h='<string.h>'
gl_cv_next_sys_resource_h='<sys/resource.h>'
gl_cv_next_sys_time_h='<sys/time.h>'
gl_cv_next_sys_types_h='<sys/types.h>'
gl_cv_next_sys_wait_h='<sys/wait.h>'
gl_cv_next_time_h='<time.h>'
gl_cv_next_unistd_h='<unistd.h>'
gl_cv_pragma_columns=no
gl_cv_sys_struct_timespec_in_time_h=yes
gl_cv_sys_struct_timeval=yes
gl_cv_sys_struct_timeval_tv_sec=yes
gl_cv_test_INT32_MAX_LT_INTMAX_MAX=yes
gl_cv_test_INT64_MAX_EQ_LONG_MAX=yes
gl_cv_test_UINT32_MAX_LT_UINTMAX_MAX=yes
gl_cv_test_UINT64_MAX_EQ_ULONG_MAX=yes
gl_cv_type_sigset_t=yes
gl_cv_type_wint_t_too_small=no
gl_cv_warn_c__Wall=yes
gl_cv_warn_c__Werror__Wunknown_warning_option=yes
gl_cv_warn_c__Wextra=yes
gl_cv_warn_c__Wfloat_equal=yes
gl_cv_warn_c__Wformat_nonliteral=yes
gl_cv_warn_c__Wformat_security=yes
gl_cv_warn_c__Wmissing_format_attribute=yes
gl_cv_warn_c__Wstrict_overflow=yes
gl_cv_warn_c__Wsuggest_attribute_const=no
gl_cv_warn_c__Wsuggest_attribute_pure=no
gl_cv_warn_c__Wswitch_default=yes
gl_cv_warn_c__Wswitch_enum=yes
gl_cv_warn_c__Wunused_parameter=yes
gl_cv_warn_c__fdiagnostics_show_option=yes
gl_cv_warn_c__funit_at_a_time=yes
gt_cv_c_wchar_t=yes
gt_cv_c_wint_t=yes
gt_cv_inttypes_pri_broken=no
gt_cv_ssize_t=yes

## ----------------- ##
## Output variables. ##
## ----------------- ##

ACLOCAL='${SHELL} '\''/root/SmartC2Rust/benchmark/time-1.9/build-aux/missing'\'' aclocal-1.16'
AMDEPBACKSLASH='\'
AMDEP_FALSE='#'
AMDEP_TRUE=''
AMTAR='$${TAR-tar}'
AM_BACKSLASH='\'
AM_DEFAULT_V='$(AM_DEFAULT_VERBOSITY)'
AM_DEFAULT_VERBOSITY='1'
AM_V='$(V)'
APPLE_UNIVERSAL_BUILD='0'
AR='ar'
ARFLAGS='cr'
AUTOCONF='${SHELL} '\''/root/SmartC2Rust/benchmark/time-1.9/build-aux/missing'\'' autoconf'
AUTOHEADER='${SHELL} '\''/root/SmartC2Rust/benchmark/time-1.9/build-aux/missing'\'' autoheader'
AUTOMAKE='${SHELL} '\''/root/SmartC2Rust/benchmark/time-1.9/build-aux/missing'\'' automake-1.16'
AWK='mawk'
BITSIZEOF_PTRDIFF_T=''
BITSIZEOF_SIG_ATOMIC_T=''
BITSIZEOF_SIZE_T=''
BITSIZEOF_WCHAR_T=''
BITSIZEOF_WINT_T=''
CC='clang'
CCDEPMODE='depmode=gcc3'
CFLAGS='-finstrument-functions -g -gdwarf-4'
CONFIG_INCLUDE='config.h'
CPP='clang -E'
CPPFLAGS=''
CSCOPE='cscope'
CTAGS='ctags'
CYGPATH_W='echo'
DEFS='-DHAVE_CONFIG_H'
DEPDIR='.deps'
ECHO_C=''
ECHO_N='-n'
ECHO_T=''
EGREP='/usr/bin/grep -E'
EMULTIHOP_HIDDEN=''
EMULTIHOP_VALUE=''
ENOLINK_HIDDEN=''
ENOLINK_VALUE=''
EOVERFLOW_HIDDEN=''
EOVERFLOW_VALUE=''
ERRNO_H=''
ETAGS='etags'
EXEEXT=''
GETOPT_CDEFS_H=''
GETOPT_H=''
GL_COND_LIBTOOL_FALSE=''
GL_COND_LIBTOOL_TRUE='#'
GL_GENERATE_ERRNO_H_FALSE=''
GL_GENERATE_ERRNO_H_TRUE='#'
GL_GENERATE_LIMITS_H_FALSE='#'
GL_GENERATE_LIMITS_H_TRUE=''
GL_GENERATE_STDARG_H_FALSE=''
GL_GENERATE_STDARG_H_TRUE='#'
GL_GENERATE_STDBOOL_H_FALSE=''
GL_GENERATE_STDBOOL_H_TRUE='#'
GL_GENERATE_STDDEF_H_FALSE=''
GL_GENERATE_STDDEF_H_TRUE='#'
GL_GENERATE_STDINT_H_FALSE=''
GL_GENERATE_STDINT_H_TRUE='#'
GL_GENERATE_STDNORETURN_H_FALSE=''
GL_GENERATE_STDNORETURN_H_TRUE='#'
GNULIB_ATOLL='0'
GNULIB_CALLOC_POSIX='0'
GNULIB_CANONICALIZE_FILE_NAME='0'
GNULIB_CHDIR='0'
GNULIB_CHOWN='0'
GNULIB_CLOSE='0'
GNULIB_CTIME='0'
GNULIB_DPRINTF='0'
GNULIB_DUP2='0'
GNULIB_DUP3='0'
GNULIB_DUP='0'
GNULIB_ENVIRON='0'
GNULIB_EUIDACCESS='0'
GNULIB_EXPLICIT_BZERO='0'
GNULIB_FACCESSAT='0'
GNULIB_FCHDIR='0'
GNULIB_FCHOWNAT='0'
GNULIB_FCLOSE='0'
GNULIB_FDATASYNC='0'
GNULIB_FDOPEN='0'
GNULIB_FFLUSH='0'
GNULIB_FFSL='0'
GNULIB_FFSLL='0'
GNULIB_FGETC='1'
GNULIB_FGETS='1'
GNULIB_FOPEN='0'
GNULIB_FPRINTF='1'
GNULIB_FPRINTF_POSIX='0'
GNULIB_FPURGE='0'
GNULIB_FPUTC='1'
GNULIB_FPUTS='1'
GNULIB_FREAD='1'
GNULIB_FREOPEN='0'
GNULIB_FSCANF='1'
GNULIB_FSEEK='0'
GNULIB_FSEEKO='0'
GNULIB_FSYNC='0'
GNULIB_FTELL='0'
GNULIB_FTELLO='0'
GNULIB_FTRUNCATE='0'
GNULIB_FWRITE='1'
GNULIB_GETC='1'
GNULIB_GETCHAR='1'
GNULIB_GETCWD='0'
GNULIB_GETDELIM='0'
GNULIB_GETDOMAINNAME='0'
GNULIB_GETDTABLESIZE='0'
GNULIB_GETGROUPS='0'
GNULIB_GETHOSTNAME='0'
GNULIB_GETLINE='0'
GNULIB_GETLOADAVG='0'
GNULIB_GETLOGIN='0'
GNULIB_GETLOGIN_R='0'
GNULIB_GETPAGESIZE='1'
GNULIB_GETRUSAGE='1'
GNULIB_GETSUBOPT='0'
GNULIB_GETTIMEOFDAY='1'
GNULIB_GETUSERSHELL='0'
GNULIB_GL_UNISTD_H_GETOPT=''
GNULIB_GRANTPT='0'
GNULIB_GROUP_MEMBER='0'
GNULIB_IMAXABS='0'
GNULIB_IMAXDIV='0'
GNULIB_ISATTY='0'
GNULIB_LCHOWN='0'
GNULIB_LINK='0'
GNULIB_LINKAT='0'
GNULIB_LOCALTIME='0'
GNULIB_LSEEK='0'
GNULIB_MALLOC_POSIX='1'
GNULIB_MBSCASECMP='0'
GNULIB_MBSCASESTR='0'
GNULIB_MBSCHR='0'
GNULIB_MBSCSPN='0'
GNULIB_MBSLEN='0'
GNULIB_MBSNCASECMP='0'
GNULIB_MBSNLEN='0'
GNULIB_MBSPBRK='0'
GNULIB_MBSPCASECMP='0'
GNULIB_MBSRCHR='0'
GNULIB_MBSSEP='0'
GNULIB_MBSSPN='0'
GNULIB_MBSSTR='0'
GNULIB_MBSTOK_R='0'
GNULIB_MBTOWC='0'
GNULIB_MEMCHR='0'
GNULIB_MEMMEM='0'
GNULIB_MEMPCPY='0'
GNULIB_MEMRCHR='0'
GNULIB_MKDTEMP='0'
GNULIB_MKOSTEMP='0'
GNULIB_MKOSTEMPS='0'
GNULIB_MKSTEMP='0'
GNULIB_MKSTEMPS='0'
GNULIB_MKTIME='0'
GNULIB_NANOSLEEP='0'
GNULIB_OBSTACK_PRINTF='0'
GNULIB_OBSTACK_PRINTF_POSIX='0'
GNULIB_OVERRIDES_WINT_T='0'
GNULIB_PCLOSE='0'
GNULIB_PERROR='0'
GNULIB_PIPE2='0'
GNULIB_PIPE='0'
GNULIB_POPEN='0'
GNULIB_POSIX_OPENPT='0'
GNULIB_PREAD='0'
GNULIB_PRINTF='1'
GNULIB_PRINTF_POSIX='0'
GNULIB_PTHREAD_SIGMASK='0'
GNULIB_PTSNAME='0'
GNULIB_PTSNAME_R='0'
GNULIB_PUTC='1'
GNULIB_PUTCHAR='1'
GNULIB_PUTENV='0'
GNULIB_PUTS='1'
GNULIB_PWRITE='0'
GNULIB_QSORT_R='0'
GNULIB_RAISE='0'
GNULIB_RANDOM='0'
GNULIB_RANDOM_R='0'
GNULIB_RAWMEMCHR='0'
GNULIB_READ='0'
GNULIB_READLINK='0'
GNULIB_READLINKAT='0'
GNULIB_REALLOCARRAY='0'
GNULIB_REALLOC_POSIX='0'
GNULIB_REALPATH='0'
GNULIB_REMOVE='0'
GNULIB_RENAME='0'
GNULIB_RENAMEAT='0'
GNULIB_RMDIR='0'
GNULIB_RPMATCH='0'
GNULIB_SCANF='1'
GNULIB_SECURE_GETENV='0'
GNULIB_SETENV='0'
GNULIB_SETHOSTNAME='0'
GNULIB_SIGACTION='0'
GNULIB_SIGNAL_H_SIGPIPE='0'
GNULIB_SIGPROCMASK='0'
GNULIB_SLEEP='0'
GNULIB_SNPRINTF='0'
GNULIB_SPRINTF_POSIX='0'
GNULIB_STDIO_H_NONBLOCKING='0'
GNULIB_STDIO_H_SIGPIPE='0'
GNULIB_STPCPY='0'
GNULIB_STPNCPY='0'
GNULIB_STRCASESTR='0'
GNULIB_STRCHRNUL='0'
GNULIB_STRDUP='0'
GNULIB_STRERROR='1'
GNULIB_STRERROR_R='0'
GNULIB_STRFTIME='0'
GNULIB_STRNCAT='0'
GNULIB_STRNDUP='0'
GNULIB_STRNLEN='0'
GNULIB_STRPBRK='0'
GNULIB_STRPTIME='0'
GNULIB_STRSEP='0'
GNULIB_STRSIGNAL='0'
GNULIB_STRSTR='0'
GNULIB_STRTOD='0'
GNULIB_STRTOIMAX='0'
GNULIB_STRTOK_R='0'
GNULIB_STRTOLL='0'
GNULIB_STRTOULL='0'
GNULIB_STRTOUMAX='0'
GNULIB_STRVERSCMP='0'
GNULIB_SYMLINK='0'
GNULIB_SYMLINKAT='0'
GNULIB_SYSTEM_POSIX='0'
GNULIB_TIMEGM='0'
GNULIB_TIME_R='0'
GNULIB_TIME_RZ='0'
GNULIB_TMPFILE='0'
GNULIB_TRUNCATE='0'
GNULIB_TTYNAME_R='0'
GNULIB_TZSET='0'
GNULIB_UNISTD_H_NONBLOCKING='0'
GNULIB_UNISTD_H_SIGPIPE='0'
GNULIB_UNLINK='0'
GNULIB_UNLINKAT='0'
GNULIB_UNLOCKPT='0'
GNULIB_UNSETENV='0'
GNULIB_USLEEP='0'
GNULIB_VASPRINTF='0'
GNULIB_VDPRINTF='0'
GNULIB_VFPRINTF='1'
GNULIB_VFPRINTF_POSIX='0'
GNULIB_VFSCANF='0'
GNULIB_VPRINTF='1'
GNULIB_VPRINTF_POSIX='0'
GNULIB_VSCANF='0'
GNULIB_VSNPRINTF='0'
GNULIB_VSPRINTF_POSIX='0'
GNULIB_WAITPID='0'
GNULIB_WCTOMB='0'
GNULIB_WRITE='0'
GNULIB__EXIT='0'
GREP='/usr/bin/grep'
HAVE_ATOLL='1'
HAVE_C99_STDINT_H='1'
HAVE_CANONICALIZE_FILE_NAME='1'
HAVE_CHOWN='1'
HAVE_DECL_ENVIRON='1'
HAVE_DECL_FCHDIR='1'
HAVE_DECL_FDATASYNC='1'
HAVE_DECL_FPURGE='1'
HAVE_DECL_FSEEKO='1'
HAVE_DECL_FTELLO='1'
HAVE_DECL_GETDELIM='1'
HAVE_DECL_GETDOMAINNAME='1'
HAVE_DECL_GETLINE='1'
HAVE_DECL_GETLOADAVG='1'
HAVE_DECL_GETLOGIN='1'
HAVE_DECL_GETLOGIN_R='1'
HAVE_DECL_GETPAGESIZE='1'
HAVE_DECL_GETUSERSHELL='1'
HAVE_DECL_IMAXABS='1'
HAVE_DECL_IMAXDIV='1'
HAVE_DECL_INITSTATE='1'
HAVE_DECL_LOCALTIME_R='1'
HAVE_DECL_MEMMEM='1'
HAVE_DECL_MEMRCHR='1'
HAVE_DECL_OBSTACK_PRINTF='1'
HAVE_DECL_SETENV='1'
HAVE_DECL_SETHOSTNAME='1'
HAVE_DECL_SETSTATE='1'
HAVE_DECL_SNPRINTF='1'
HAVE_DECL_STRDUP='1'
HAVE_DECL_STRERROR_R='1'
HAVE_DECL_STRNDUP='1'
HAVE_DECL_STRNLEN='1'
HAVE_DECL_STRSIGNAL='1'
HAVE_DECL_STRTOIMAX='1'
HAVE_DECL_STRTOK_R='1'
HAVE_DECL_STRTOUMAX='1'
HAVE_DECL_TTYNAME_R='1'
HAVE_DECL_UNSETENV='1'
HAVE_DECL_VSNPRINTF='1'
HAVE_DPRINTF='1'
HAVE_DUP2='1'
HAVE_DUP3='1'
HAVE_EUIDACCESS='1'
HAVE_EXPLICIT_BZERO='1'
HAVE_FACCESSAT='1'
HAVE_FCHDIR='1'
HAVE_FCHOWNAT='1'
HAVE_FDATASYNC='1'
HAVE_FFSL='1'
HAVE_FFSLL='1'
HAVE_FSEEKO='1'
HAVE_FSYNC='1'
HAVE_FTELLO='1'
HAVE_FTRUNCATE='1'
HAVE_GETDTABLESIZE='1'
HAVE_GETGROUPS='1'
HAVE_GETHOSTNAME='1'
HAVE_GETLOGIN='1'
HAVE_GETOPT_H='1'
HAVE_GETPAGESIZE='1'
HAVE_GETRUSAGE='1'
HAVE_GETSUBOPT='1'
HAVE_GETTIMEOFDAY='1'
HAVE_GRANTPT='1'
HAVE_GROUP_MEMBER='1'
HAVE_INTTYPES_H='1'
HAVE_LCHOWN='1'
HAVE_LINK='1'
HAVE_LINKAT='1'
HAVE_LONG_LONG_INT='1'
HAVE_MAX_ALIGN_T='1'
HAVE_MBSLEN='0'
HAVE_MEMCHR='1'
HAVE_MEMPCPY='1'
HAVE_MKDTEMP='1'
HAVE_MKOSTEMP='1'
HAVE_MKOSTEMPS='1'
HAVE_MKSTEMP='1'
HAVE_MKSTEMPS='1'
HAVE_MSVC_INVALID_PARAMETER_HANDLER='0'
HAVE_NANOSLEEP='1'
HAVE_OS_H='0'
HAVE_PCLOSE='1'
HAVE_PIPE2='1'
HAVE_PIPE='1'
HAVE_POPEN='1'
HAVE_POSIX_OPENPT='1'
HAVE_POSIX_SIGNALBLOCKING='1'
HAVE_PREAD='1'
HAVE_PTHREAD_SIGMASK='1'
HAVE_PTSNAME='1'
HAVE_PTSNAME_R='1'
HAVE_PWRITE='1'
HAVE_QSORT_R='1'
HAVE_RAISE='1'
HAVE_RANDOM='1'
HAVE_RANDOM_H='1'
HAVE_RANDOM_R='1'
HAVE_RAWMEMCHR='1'
HAVE_READLINK='1'
HAVE_READLINKAT='1'
HAVE_REALLOCARRAY='1'
HAVE_REALPATH='1'
HAVE_RENAMEAT='1'
HAVE_RPMATCH='1'
HAVE_SECURE_GETENV='1'
HAVE_SETENV='1'
HAVE_SETHOSTNAME='1'
HAVE_SIGACTION='1'
HAVE_SIGHANDLER_T='1'
HAVE_SIGINFO_T='1'
HAVE_SIGNED_SIG_ATOMIC_T=''
HAVE_SIGNED_WCHAR_T=''
HAVE_SIGNED_WINT_T=''
HAVE_SIGSET_T='1'
HAVE_SLEEP='1'
HAVE_STDINT_H='1'
HAVE_STPCPY='1'
HAVE_STPNCPY='1'
HAVE_STRCASESTR='1'
HAVE_STRCHRNUL='1'
HAVE_STRPBRK='1'
HAVE_STRPTIME='1'
HAVE_STRSEP='1'
HAVE_STRTOD='1'
HAVE_STRTOLL='1'
HAVE_STRTOULL='1'
HAVE_STRUCT_RANDOM_DATA='1'
HAVE_STRUCT_SIGACTION_SA_SIGACTION='1'
HAVE_STRUCT_TIMEVAL='1'
HAVE_STRVERSCMP='1'
HAVE_SYMLINK='1'
HAVE_SYMLINKAT='1'
HAVE_SYS_BITYPES_H='0'
HAVE_SYS_CDEFS_H=''
HAVE_SYS_INTTYPES_H='0'
HAVE_SYS_LOADAVG_H='0'
HAVE_SYS_PARAM_H='0'
HAVE_SYS_RESOURCE_H='1'
HAVE_SYS_TIME_H='1'
HAVE_SYS_TYPES_H='1'
HAVE_TIMEGM='1'
HAVE_TIMEZONE_T='0'
HAVE_TRUNCATE='1'
HAVE_TYPE_VOLATILE_SIG_ATOMIC_T='1'
HAVE_TZSET='1'
HAVE_UNISTD_H='1'
HAVE_UNLINKAT='1'
HAVE_UNLOCKPT='1'
HAVE_UNSIGNED_LONG_LONG_INT='1'
HAVE_USLEEP='1'
HAVE_VASPRINTF='1'
HAVE_VDPRINTF='1'
HAVE_WCHAR_H='1'
HAVE_WCHAR_T='1'
HAVE_WINSOCK2_H='0'
HAVE__BOOL='1'
HAVE__EXIT='1'
HOST_CPU='arm64'
HOST_CPU_C_ABI='arm64'
INCLUDE_NEXT='include_next'
INCLUDE_NEXT_AS_FIRST_DIRECTIVE='include_next'
INSTALL_DATA='${INSTALL} -m 644'
INSTALL_PROGRAM='${INSTALL}'
INSTALL_SCRIPT='${INSTALL}'
INSTALL_STRIP_PROGRAM='$(install_sh) -c -s'
INT32_MAX_LT_INTMAX_MAX='1'
INT64_MAX_EQ_LONG_MAX='1'
LDFLAGS=''
LIBINTL=''
LIBOBJS=''
LIBS=''
LIBTIME_LIBDEPS=''
LIBTIME_LTLIBDEPS=''
LIMITS_H='lib/limits.h'
LTLIBINTL=''
LTLIBOBJS=''
MAKEINFO='${SHELL} '\''/root/SmartC2Rust/benchmark/time-1.9/build-aux/missing'\'' makeinfo'
MKDIR_P='/usr/bin/mkdir -p'
NEXT_AS_FIRST_DIRECTIVE_ERRNO_H=''
NEXT_AS_FIRST_DIRECTIVE_GETOPT_H='<getopt.h>'
NEXT_AS_FIRST_DIRECTIVE_INTTYPES_H='<inttypes.h>'
NEXT_AS_FIRST_DIRECTIVE_LIMITS_H='<limits.h>'
NEXT_AS_FIRST_DIRECTIVE_SIGNAL_H='<signal.h>'
NEXT_AS_FIRST_DIRECTIVE_STDARG_H=''
NEXT_AS_FIRST_DIRECTIVE_STDDEF_H=''
NEXT_AS_FIRST_DIRECTIVE_STDINT_H='<stdint.h>'
NEXT_AS_FIRST_DIRECTIVE_STDIO_H='<stdio.h>'
NEXT_AS_FIRST_DIRECTIVE_STDLIB_H='<stdlib.h>'
NEXT_AS_FIRST_DIRECTIVE_STRING_H='<string.h>'
NEXT_AS_FIRST_DIRECTIVE_SYS_RESOURCE_H='<sys/resource.h>'
NEXT_AS_FIRST_DIRECTIVE_SYS_TIME_H='<sys/time.h>'
NEXT_AS_FIRST_DIRECTIVE_SYS_TYPES_H='<sys/types.h>'
NEXT_AS_FIRST_DIRECTIVE_SYS_WAIT_H='<sys/wait.h>'
NEXT_AS_FIRST_DIRECTIVE_TIME_H='<time.h>'
NEXT_AS_FIRST_DIRECTIVE_UNISTD_H='<unistd.h>'
NEXT_ERRNO_H=''
NEXT_GETOPT_H='<getopt.h>'
NEXT_INTTYPES_H='<inttypes.h>'
NEXT_LIMITS_H='<limits.h>'
NEXT_SIGNAL_H='<signal.h>'
NEXT_STDARG_H='<stdarg.h>'
NEXT_STDDEF_H=''
NEXT_STDINT_H='<stdint.h>'
NEXT_STDIO_H='<stdio.h>'
NEXT_STDLIB_H='<stdlib.h>'
NEXT_STRING_H='<string.h>'
NEXT_SYS_RESOURCE_H='<sys/resource.h>'
NEXT_SYS_TIME_H='<sys/time.h>'
NEXT_SYS_TYPES_H='<sys/types.h>'
NEXT_SYS_WAIT_H='<sys/wait.h>'
NEXT_TIME_H='<time.h>'
NEXT_UNISTD_H='<unistd.h>'
OBJEXT='o'
PACKAGE='time'
PACKAGE_BUGREPORT='bug-time@gnu.org'
PACKAGE_NAME='GNU Time'
PACKAGE_STRING='GNU Time 1.9'
PACKAGE_TARNAME='time'
PACKAGE_URL='https://www.gnu.org/software/time/'
PACKAGE_VERSION='1.9'
PATH_SEPARATOR=':'
PRAGMA_COLUMNS=''
PRAGMA_SYSTEM_HEADER='#pragma GCC system_header'
PRIPTR_PREFIX='"l"'
PRI_MACROS_BROKEN='0'
PTHREAD_H_DEFINES_STRUCT_TIMESPEC='0'
PTRDIFF_T_SUFFIX=''
RANLIB='ranlib'
REPLACE_CALLOC='0'
REPLACE_CANONICALIZE_FILE_NAME='0'
REPLACE_CHOWN='0'
REPLACE_CLOSE='0'
REPLACE_CTIME='GNULIB_PORTCHECK'
REPLACE_DPRINTF='0'
REPLACE_DUP2='0'
REPLACE_DUP='0'
REPLACE_FACCESSAT='0'
REPLACE_FCHOWNAT='0'
REPLACE_FCLOSE='0'
REPLACE_FDOPEN='0'
REPLACE_FFLUSH='0'
REPLACE_FOPEN='0'
REPLACE_FPRINTF='0'
REPLACE_FPURGE='0'
REPLACE_FREOPEN='0'
REPLACE_FSEEK='0'
REPLACE_FSEEKO='0'
REPLACE_FTELL='0'
REPLACE_FTELLO='0'
REPLACE_FTRUNCATE='0'
REPLACE_GETCWD='0'
REPLACE_GETDELIM='0'
REPLACE_GETDOMAINNAME='0'
REPLACE_GETDTABLESIZE='0'
REPLACE_GETGROUPS='0'
REPLACE_GETLINE='0'
REPLACE_GETLOGIN_R='0'
REPLACE_GETPAGESIZE='0'
REPLACE_GETTIMEOFDAY='0'
REPLACE_GMTIME='0'
REPLACE_ISATTY='0'
REPLACE_LCHOWN='0'
REPLACE_LINK='0'
REPLACE_LINKAT='0'
REPLACE_LOCALTIME='0'
REPLACE_LOCALTIME_R='GNULIB_PORTCHECK'
REPLACE_LSEEK='0'
REPLACE_MALLOC='0'
REPLACE_MBTOWC='0'
REPLACE_MEMCHR='0'
REPLACE_MEMMEM='0'
REPLACE_MKSTEMP='0'
REPLACE_MKTIME='GNULIB_PORTCHECK'
REPLACE_NANOSLEEP='GNULIB_PORTCHECK'
REPLACE_NULL='0'
REPLACE_OBSTACK_PRINTF='0'
REPLACE_PERROR='0'
REPLACE_POPEN='0'
REPLACE_PREAD='0'
REPLACE_PRINTF='0'
REPLACE_PTHREAD_SIGMASK='0'
REPLACE_PTSNAME='0'
REPLACE_PTSNAME_R='0'
REPLACE_PUTENV='0'
REPLACE_PWRITE='0'
REPLACE_QSORT_R='0'
REPLACE_RAISE='0'
REPLACE_RANDOM_R='0'
REPLACE_READ='0'
REPLACE_READLINK='0'
REPLACE_READLINKAT='0'
REPLACE_REALLOC='0'
REPLACE_REALPATH='0'
REPLACE_REMOVE='0'
REPLACE_RENAME='0'
REPLACE_RENAMEAT='0'
REPLACE_RMDIR='0'
REPLACE_SETENV='0'
REPLACE_SLEEP='0'
REPLACE_SNPRINTF='0'
REPLACE_SPRINTF='0'
REPLACE_STDIO_READ_FUNCS='0'
REPLACE_STDIO_WRITE_FUNCS='0'
REPLACE_STPNCPY='0'
REPLACE_STRCASESTR='0'
REPLACE_STRCHRNUL='0'
REPLACE_STRDUP='0'
REPLACE_STRERROR='0'
REPLACE_STRERROR_R='0'
REPLACE_STRFTIME='GNULIB_PORTCHECK'
REPLACE_STRNCAT='0'
REPLACE_STRNDUP='0'
REPLACE_STRNLEN='0'
REPLACE_STRSIGNAL='0'
REPLACE_STRSTR='0'
REPLACE_STRTOD='0'
REPLACE_STRTOIMAX='0'
REPLACE_STRTOK_R='0'
REPLACE_STRTOUMAX='0'
REPLACE_STRUCT_TIMEVAL='0'
REPLACE_SYMLINK='0'
REPLACE_SYMLINKAT='0'
REPLACE_TIMEGM='GNULIB_PORTCHECK'
REPLACE_TMPFILE='0'
REPLACE_TRUNCATE='0'
REPLACE_TTYNAME_R='0'
REPLACE_TZSET='GNULIB_PORTCHECK'
REPLACE_UNLINK='0'
REPLACE_UNLINKAT='0'
REPLACE_UNSETENV='0'
REPLACE_USLEEP='0'
REPLACE_VASPRINTF='0'
REPLACE_VDPRINTF='0'
REPLACE_VFPRINTF='0'
REPLACE_VPRINTF='0'
REPLACE_VSNPRINTF='0'
REPLACE_VSPRINTF='0'
REPLACE_WCTOMB='0'
REPLACE_WRITE='0'
SED='/usr/bin/sed'
SET_MAKE=''
SHELL='/bin/bash'
SIG_ATOMIC_T_SUFFIX=''
SIZE_T_SUFFIX=''
STDARG_H=''
STDBOOL_H=''
STDDEF_H=''
STDINT_H=''
STDNORETURN_H=''
STRIP=''
SYS_TIME_H_DEFINES_STRUCT_TIMESPEC='0'
TIME_H_DEFINES_STRUCT_TIMESPEC='1'
UINT32_MAX_LT_UINTMAX_MAX='1'
UINT64_MAX_EQ_ULONG_MAX='1'
UNDEFINE_STRTOK_R='0'
UNISTD_H_DEFINES_STRUCT_TIMESPEC='0'
UNISTD_H_HAVE_WINSOCK2_H='0'
UNISTD_H_HAVE_WINSOCK2_H_AND_USE_SOCKETS='0'
VERSION='1.9'
WARN_CFLAGS=' -Wall -Wextra -Wformat-security -Wswitch-enum -Wswitch-default -Wformat-nonliteral -Wunused-parameter -Wfloat-equal -fdiagnostics-show-option -funit-at-a-time -Wmissing-format-attribute -Wstrict-overflow'
WCHAR_T_SUFFIX=''
WINDOWS_64_BIT_OFF_T='0'
WINDOWS_STAT_INODES='0'
WINT_T_SUFFIX=''
ac_ct_CC='clang'
am__EXEEXT_FALSE=''
am__EXEEXT_TRUE='#'
am__fastdepCC_FALSE='#'
am__fastdepCC_TRUE=''
am__include='include'
am__isrc=''
am__leading_dot='.'
am__nodep='_no'
am__quote=''
am__tar='$${TAR-tar} chof - "$$tardir"'
am__untar='$${TAR-tar} xf -'
bindir='${exec_prefix}/bin'
build='aarch64-unknown-linux-gnu'
build_alias=''
build_cpu='aarch64'
build_os='linux-gnu'
build_vendor='unknown'
datadir='${datarootdir}'
datarootdir='${prefix}/share'
docdir='${datarootdir}/doc/${PACKAGE_TARNAME}'
dvidir='${docdir}'
exec_prefix='${prefix}'
gl_LIBOBJS=' lib/localtime-buffer.o'
gl_LTLIBOBJS=' lib/localtime-buffer.lo'
gltests_LIBOBJS=''
gltests_LTLIBOBJS=''
gltests_WITNESS='IN_TIME_GNULIB_TESTS'
host='aarch64-unknown-linux-gnu'
host_alias=''
host_cpu='aarch64'
host_os='linux-gnu'
host_vendor='unknown'
htmldir='${docdir}'
includedir='${prefix}/include'
infodir='${datarootdir}/info'
install_sh='${SHELL} /root/SmartC2Rust/benchmark/time-1.9/build-aux/install-sh'
libdir='${exec_prefix}/lib'
libexecdir='${exec_prefix}/libexec'
localedir='${datarootdir}/locale'
localstatedir='${prefix}/var'
mandir='${datarootdir}/man'
mkdir_p='$(MKDIR_P)'
oldincludedir='/usr/include'
pdfdir='${docdir}'
prefix='/usr/local'
program_transform_name='s,x,x,'
psdir='${docdir}'
runstatedir='${localstatedir}/run'
sbindir='${exec_prefix}/sbin'
sharedstatedir='${prefix}/com'
sysconfdir='${prefix}/etc'
target_alias=''

## ----------- ##
## confdefs.h. ##
## ----------- ##

/* confdefs.h */
#define PACKAGE_NAME "GNU Time"
#define PACKAGE_TARNAME "time"
#define PACKAGE_VERSION "1.9"
#define PACKAGE_STRING "GNU Time 1.9"
#define PACKAGE_BUGREPORT "bug-time@gnu.org"
#define PACKAGE_URL "https://www.gnu.org/software/time/"
#define PACKAGE "time"
#define VERSION "1.9"
#define HAVE_STDIO_H 1
#define HAVE_STDLIB_H 1
#define HAVE_STRING_H 1
#define HAVE_INTTYPES_H 1
#define HAVE_STDINT_H 1
#define HAVE_STRINGS_H 1
#define HAVE_SYS_STAT_H 1
#define HAVE_SYS_TYPES_H 1
#define HAVE_UNISTD_H 1
#define HAVE_GETOPT_H 1
#define HAVE_SYS_CDEFS_H 1
#define HAVE_SYS_TIME_H 1
#define HAVE_SYS_SOCKET_H 1
#define HAVE_LIMITS_H 1
#define HAVE_WCHAR_H 1
#define HAVE_SYS_RESOURCE_H 1
#define HAVE_SYS_WAIT_H 1
#define STDC_HEADERS 1
#define __EXTENSIONS__ 1
#define _ALL_SOURCE 1
#define _DARWIN_C_SOURCE 1
#define _GNU_SOURCE 1
#define _NETBSD_SOURCE 1
#define _OPENBSD_SOURCE 1
#define _POSIX_PTHREAD_SEMANTICS 1
#define __STDC_WANT_IEC_60559_ATTRIBS_EXT__ 1
#define __STDC_WANT_IEC_60559_BFP_EXT__ 1
#define __STDC_WANT_IEC_60559_DFP_EXT__ 1
#define __STDC_WANT_IEC_60559_FUNCS_EXT__ 1
#define __STDC_WANT_IEC_60559_TYPES_EXT__ 1
#define __STDC_WANT_LIB_EXT2__ 1
#define __STDC_WANT_MATH_SPEC_FUNCS__ 1
#define _TANDEM_SOURCE 1
#define _HPUX_ALT_XOPEN_SOCKET_API 1
#define HAVE_DECL_STRERROR_R 1
#define HAVE_STRERROR_R 1
#define STRERROR_R_CHAR_P 1
#define HAVE_GETOPT_H 1
#define HAVE_GETOPT_LONG_ONLY 1
#define HAVE_GETRUSAGE 1
#define HAVE_GETTIMEOFDAY 1
#define HAVE_VPRINTF 1
#define restrict __restrict
#define HAVE_RAW_DECL_GETTIMEOFDAY 1
#ifndef __arm64__
#define __arm64__ 1
#endif
#ifndef __arm64__
#define __arm64__ 1
#endif
#define HAVE_WINT_T 1
#define HAVE_UNSIGNED_LONG_LONG_INT 1
#define HAVE_LONG_LONG_INT 1
#define HAVE_RAW_DECL_IMAXABS 1
#define HAVE_RAW_DECL_IMAXDIV 1
#define HAVE_RAW_DECL_STRTOIMAX 1
#define HAVE_RAW_DECL_STRTOUMAX 1
#define HAVE_INTTYPES_H 1
#define HAVE_SIGSET_T 1
#define HAVE__BOOL 1
#define HAVE_WCHAR_T 1
#define HAVE_RAW_DECL_FFSL 1
#define HAVE_RAW_DECL_FFSLL 1
#define HAVE_RAW_DECL_MEMMEM 1
#define HAVE_RAW_DECL_MEMPCPY 1
#define HAVE_RAW_DECL_MEMRCHR 1
#define HAVE_RAW_DECL_RAWMEMCHR 1
#define HAVE_RAW_DECL_STPCPY 1
#define HAVE_RAW_DECL_STPNCPY 1
#define HAVE_RAW_DECL_STRCHRNUL 1
#define HAVE_RAW_DECL_STRDUP 1
#define HAVE_RAW_DECL_STRNCAT 1
#define HAVE_RAW_DECL_STRNDUP 1
#define HAVE_RAW_DECL_STRNLEN 1
#define HAVE_RAW_DECL_STRPBRK 1
#define HAVE_RAW_DECL_STRSEP 1
#define HAVE_RAW_DECL_STRCASESTR 1
#define HAVE_RAW_DECL_STRTOK_R 1
#define HAVE_RAW_DECL_STRERROR_R 1
#define HAVE_RAW_DECL_STRSIGNAL 1
#define HAVE_RAW_DECL_STRVERSCMP 1
#define _USE_STD_STAT 1
#define HAVE_GETPAGESIZE 1
#define GNULIB_TEST_GETPAGESIZE 1
#define HAVE_DECL_PROGRAM_INVOCATION_NAME 1
#define HAVE_DECL_PROGRAM_INVOCATION_SHORT_NAME 1
#define HAVE_DECL___ARGV 0
#define GNULIB_TEST_GETRUSAGE 1
#define GETTIMEOFDAY_TIMEZONE void
#define GNULIB_TEST_GETTIMEOFDAY 1
#define HAVE_MALLOC_POSIX 1
#define GNULIB_TEST_MALLOC_POSIX 1
#define GNULIB_MSVC_NOTHROW 1
#define HAVE_DECL_PROGRAM_INVOCATION_NAME 1
#define HAVE_DECL_PROGRAM_INVOCATION_SHORT_NAME 1
#define HAVE_RAW_DECL_PTHREAD_SIGMASK 1
#define HAVE_RAW_DECL_SIGACTION 1
#define HAVE_RAW_DECL_SIGADDSET 1
#define HAVE_RAW_DECL_SIGDELSET 1
#define HAVE_RAW_DECL_SIGEMPTYSET 1
#define HAVE_RAW_DECL_SIGFILLSET 1
#define HAVE_RAW_DECL_SIGISMEMBER 1
#define HAVE_RAW_DECL_SIGPENDING 1
#define HAVE_RAW_DECL_SIGPROCMASK 1
#define __USE_MINGW_ANSI_STDIO 1
#define GNULIB_FSCANF 1
#define GNULIB_SCANF 1
#define HAVE_RAW_DECL_DPRINTF 1
#define HAVE_RAW_DECL_FSEEKO 1
#define HAVE_RAW_DECL_FTELLO 1
#define HAVE_RAW_DECL_GETDELIM 1
#define HAVE_RAW_DECL_GETLINE 1
#define HAVE_RAW_DECL_PCLOSE 1
#define HAVE_RAW_DECL_POPEN 1
#define HAVE_RAW_DECL_RENAMEAT 1
#define HAVE_RAW_DECL_SNPRINTF 1
#define HAVE_RAW_DECL_TMPFILE 1
#define HAVE_RAW_DECL_VDPRINTF 1
#define HAVE_RAW_DECL_VSNPRINTF 1
#define HAVE_RAW_DECL__EXIT 1
#define HAVE_RAW_DECL_ATOLL 1
#define HAVE_RAW_DECL_CANONICALIZE_FILE_NAME 1
#define HAVE_RAW_DECL_GETLOADAVG 1
#define HAVE_RAW_DECL_GETSUBOPT 1
#define HAVE_RAW_DECL_GRANTPT 1
#define HAVE_RAW_DECL_INITSTATE 1
#define HAVE_RAW_DECL_INITSTATE_R 1
#define HAVE_RAW_DECL_MKDTEMP 1
#define HAVE_RAW_DECL_MKOSTEMP 1
#define HAVE_RAW_DECL_MKOSTEMPS 1
#define HAVE_RAW_DECL_MKSTEMP 1
#define HAVE_RAW_DECL_MKSTEMPS 1
#define HAVE_RAW_DECL_POSIX_OPENPT 1
#define HAVE_RAW_DECL_PTSNAME 1
#define HAVE_RAW_DECL_PTSNAME_R 1
#define HAVE_RAW_DECL_QSORT_R 1
#define HAVE_RAW_DECL_RANDOM 1
#define HAVE_RAW_DECL_RANDOM_R 1
#define HAVE_RAW_DECL_REALLOCARRAY 1
#define HAVE_RAW_DECL_REALPATH 1
#define HAVE_RAW_DECL_RPMATCH 1
#define HAVE_RAW_DECL_SECURE_GETENV 1
#define HAVE_RAW_DECL_SETENV 1
#define HAVE_RAW_DECL_SETSTATE 1
#define HAVE_RAW_DECL_SETSTATE_R 1
#define HAVE_RAW_DECL_SRANDOM 1
#define HAVE_RAW_DECL_SRANDOM_R 1
#define HAVE_RAW_DECL_STRTOD 1
#define HAVE_RAW_DECL_STRTOLL 1
#define HAVE_RAW_DECL_STRTOULL 1
#define HAVE_RAW_DECL_UNLOCKPT 1
#define HAVE_RAW_DECL_UNSETENV 1
#define GNULIB_STRERROR 1
#define GNULIB_TEST_STRERROR 1
#define HAVE_RAW_DECL_GETRUSAGE 1
#define HAVE_RAW_DECL_WAITPID 1
#define HAVE_RAW_DECL_CHDIR 1
#define HAVE_RAW_DECL_CHOWN 1
#define HAVE_RAW_DECL_DUP 1
#define HAVE_RAW_DECL_DUP2 1
#define HAVE_RAW_DECL_DUP3 1
#define HAVE_RAW_DECL_ENVIRON 1
#define HAVE_RAW_DECL_EUIDACCESS 1
#define HAVE_RAW_DECL_FACCESSAT 1
#define HAVE_RAW_DECL_FCHDIR 1
#define HAVE_RAW_DECL_FCHOWNAT 1
#define HAVE_RAW_DECL_FDATASYNC 1
#define HAVE_RAW_DECL_FSYNC 1
#define HAVE_RAW_DECL_FTRUNCATE 1
#define HAVE_RAW_DECL_GETCWD 1
#define HAVE_RAW_DECL_GETDOMAINNAME 1
#define HAVE_RAW_DECL_GETDTABLESIZE 1
#define HAVE_RAW_DECL_GETGROUPS 1
#define HAVE_RAW_DECL_GETHOSTNAME 1
#define HAVE_RAW_DECL_GETLOGIN 1
#define HAVE_RAW_DECL_GETLOGIN_R 1
#define HAVE_RAW_DECL_GETPAGESIZE 1
#define HAVE_RAW_DECL_GETUSERSHELL 1
#define HAVE_RAW_DECL_SETUSERSHELL 1
#define HAVE_RAW_DECL_ENDUSERSHELL 1
#define HAVE_RAW_DECL_GROUP_MEMBER 1
#define HAVE_RAW_DECL_ISATTY 1
#define HAVE_RAW_DECL_LCHOWN 1
#define HAVE_RAW_DECL_LINK 1
#define HAVE_RAW_DECL_LINKAT 1
#define HAVE_RAW_DECL_LSEEK 1
#define HAVE_RAW_DECL_PIPE 1
#define HAVE_RAW_DECL_PIPE2 1
#define HAVE_RAW_DECL_PREAD 1
#define HAVE_RAW_DECL_PWRITE 1
#define HAVE_RAW_DECL_READLINK 1
#define HAVE_RAW_DECL_READLINKAT 1
#define HAVE_RAW_DECL_RMDIR 1
#define HAVE_RAW_DECL_SETHOSTNAME 1
#define HAVE_RAW_DECL_SLEEP 1
#define HAVE_RAW_DECL_SYMLINK 1
#define HAVE_RAW_DECL_SYMLINKAT 1
#define HAVE_RAW_DECL_TRUNCATE 1
#define HAVE_RAW_DECL_TTYNAME_R 1
#define HAVE_RAW_DECL_UNLINK 1
#define HAVE_RAW_DECL_UNLINKAT 1
#define HAVE_RAW_DECL_USLEEP 1
#define HAVE_SYS_WAIT_H 1
#define RETSIGTYPE void
#define HAVE_WAIT3 1
#define HAVE_STRERROR 1
#define GETRUSAGE_RETURNS_KB 1

configure: exit 0
